Particulars,Frequency,Unit,Year,Value
Agricultural Production Plantation Crops Potato,"Annual, Ending mar Of Each Year",Ton mn,2003,23.3
Agricultural Production Plantation Crops Onion,"Annual, Ending mar Of Each Year",Ton mn,2003,4.21
Agricultural Production Plantation Crops Tobacco,"Annual, Ending mar Of Each Year",Ton mn,2003,0.5
Agricultural Production Plantation Crops Coconut,"Annual, Ending mar Of Each Year",Unit mn,2003,12535.0
Agricultural Production Plantation Crops Cashewnut,"Annual, Ending mar Of Each Year",Ton mn,2003,0.5
Agriculture Production Foodgrains Area 5 Yr Avg Foodgrains Total,"Annual, Ending mar Of Each Year",ha mn,2003,122.0
Agriculture Production Foodgrains Area 5 Yr Avg Foodgrains Kharif,"Annual, Ending mar Of Each Year",ha mn,2003,74.1
Agriculture Production Foodgrains Area 5 Yr Avg Foodgrains Rabi,"Annual, Ending mar Of Each Year",ha mn,2003,47.9
Agriculture Production Foodgrains Area 5 Yr Avg Foodgrains Coarse Cereals Total,"Annual, Ending mar Of Each Year",ha mn,2003,29.8
Agriculture Production Foodgrains Area 5 Yr Avg Foodgrains Coarse Cereals Kharif,"Annual, Ending mar Of Each Year",ha mn,2003,23.1
Agriculture Production Foodgrains Area 5 Yr Avg Foodgrains Coarse Cereals Rabi,"Annual, Ending mar Of Each Year",ha mn,2003,6.7
Agriculture Production Foodgrains Area 5 Yr Avg Foodgrains Coarse Cereals Rice Total,"Annual, Ending mar Of Each Year",ha mn,2003,44.8
Agricultural Production Foodgrains Area 5 Yr Avg Foodgrains Coarse Cereals Rice Kharif,"Annual, Ending mar Of Each Year",ha mn,2003,40.6
Agriculture Production Foodgrains Area 5 Yr Avg Foodgrains Coarse Cereals Rice Rabi,"Annual, Ending mar Of Each Year",ha mn,2003,4.2
Agriculture Production Foodgrains Area 5 Yr Avg Foodgrains Coarse Cereals Wheat Rabi,"Annual, Ending mar Of Each Year",ha mn,2003,26.4
Agriculture Production Foodgrains Area 5 Yr Avg Foodgrains Coarse Cereals Jowar Total,"Annual, Ending mar Of Each Year",ha mn,2003,10.0
Agriculture Production Foodgrains Area 5 Yr Avg Foodgrains Coarse Cereals Jowar Kharif,"Annual, Ending mar Of Each Year",ha mn,2003,4.7
Agriculture Production Foodgrains Area 5 Yr Avg Foodgrains Coarse Cereals Jowar Rabi,"Annual, Ending mar Of Each Year",ha mn,2003,5.3
Agriculture Production Foodgrains Area 5 Yr Avg Foodgrains Coarse Cereals Bajra Kharif,"Annual, Ending mar Of Each Year",ha mn,2003,9.4
Agriculture Production Foodgrains Area 5 Yr Avg Foodgrains Coarse Cereals Maize Total,"Annual, Ending mar Of Each Year",ha mn,2003,6.6
Agriculture Production Foodgrains Area 5 Yr Avg Foodgrains Coarse Cereals Maize Kharif,"Annual, Ending mar Of Each Year",ha mn,2003,5.9
Agriculture Production Foodgrains Area 5 Yr Avg Foodgrains Coarse Cereals Maize Rabi,"Annual, Ending mar Of Each Year",ha mn,2003,0.7
Agriculture Production Foodgrains Area 5 Yr Avg Foodgrains Pulses Total,"Annual, Ending mar Of Each Year",ha mn,2003,21.0
Agriculture Production Foodgrains Area 5 Yr Avg Foodgrains Pulses Kharif,"Annual, Ending mar Of Each Year",ha mn,2003,10.4
Agriculture Production Foodgrains Area 5 Yr Avg Foodgrains Pulses Rabi,"Annual, Ending mar Of Each Year",ha mn,2003,10.6
Agriculture Production Foodgrains Area 5 Yr Avg Foodgrains Pulses Tur Kharif,"Annual, Ending mar Of Each Year",ha mn,2003,3.5
Agriculture Production Foodgrains Area 5 Yr Avg Foodgrains Pulses Gram Rabi,"Annual, Ending mar Of Each Year",ha mn,2003,5.8
Agriculture Production Foodgrains Area 5 Yr Avg Oilseeds Nine Oilseeds,"Annual, Ending mar Of Each Year",ha mn,2003,23.3
Agriculture Production Foodgrains Area 5 Yr Avg Oilseeds Nine Oilseeds Groundnut,"Annual, Ending mar Of Each Year",ha mn,2003,6.6
Agriculture Production Foodgrains Area 5 Yr Avg Oilseeds Nine Oilseeds Rapeseed and Mustard Rabi,"Annual, Ending mar Of Each Year",ha mn,2003,5.2
Agriculture Production Foodgrains Area 5 Yr Avg Oilseeds Nine Oilseeds Soyabean Kharif,"Annual, Ending mar Of Each Year",ha mn,2003,6.3
Agriculture Production Foodgrains Area 5 Yr Avg Oilseeds Nine Oilseeds Sunflower,"Annual, Ending mar Of Each Year",ha mn,2003,1.2
Agriculture Production Foodgrains Area 5 Yr Avg Other Cash Crops Cotton,"Annual, Ending mar Of Each Year",ha mn,2003,8.8
Agriculture Production Foodgrains Area 5 Yr Avg Other Cash Crops Jute and Mesta,"Annual, Ending mar Of Each Year",ha mn,2003,1.0
Agriculture Production Foodgrains Area 5 Yr Avg Other Cash Crops Onion,"Annual, Ending mar Of Each Year",ha mn,2003,0.5
Agriculture Production Foodgrains Area 5 Yr Avg Other Cash Crops Potato,"Annual, Ending mar Of Each Year",ha mn,2003,1.3
Agriculture Production Foodgrains Area 5 Yr Avg Other Cash Crops Sugarcane,"Annual, Ending mar Of Each Year",ha mn,2003,4.3
Agriculture Production Foodgrains Production Foodgrains Total,"Annual, Ending mar Of Each Year",Ton mn,2003,206.2
Agriculture Production Foodgrains Production Foodgrains Kharif,"Annual, Ending mar Of Each Year",Ton mn,2003,106.4
Agriculture Production Foodgrains Production Foodgrains Rabi,"Annual, Ending mar Of Each Year",Ton mn,2003,99.8
Agriculture Production Foodgrains Production Foodgrains Coarse Cereals Total,"Annual, Ending mar Of Each Year",Ton mn,2003,31.8
Agriculture Production Foodgrains Production Foodgrains Coarse Cereals Kharif,"Annual, Ending mar Of Each Year",Ton mn,2003,25.0
Agriculture Production Foodgrains Production Foodgrains Coarse Cereals Rabi,"Annual, Ending mar Of Each Year",Ton mn,2003,6.8
Agriculture Production Foodgrains Production Foodgrains Coarse Cereals Rice Total,"Annual, Ending mar Of Each Year",Ton mn,2003,89.3
Agricultural Production Foodgrains Production Foodgrains Coarse Cereals Rice Kharif,"Annual, Ending mar Of Each Year",Ton mn,2003,76.7
Agriculture Production Foodgrains Production Foodgrains Coarse Cereals Rice Rabi,"Annual, Ending mar Of Each Year",Ton mn,2003,12.6
Agriculture Production Foodgrains Production Foodgrains Coarse Cereals Wheat Rabi,"Annual, Ending mar Of Each Year",Ton mn,2003,72.6
Agriculture Production Foodgrains Production Foodgrains Coarse Cereals Jowar Total,"Annual, Ending mar Of Each Year",Ton mn,2003,8.0
Agriculture Production Foodgrains Production Foodgrains Coarse Cereals Jowar Kharif,"Annual, Ending mar Of Each Year",Ton mn,2003,4.6
Agriculture Production Foodgrains Production Foodgrains Coarse Cereals Jowar Rabi,"Annual, Ending mar Of Each Year",Ton mn,2003,3.4
Agriculture Production Foodgrains Production Foodgrains Coarse Cereals Bajra Kharif,"Annual, Ending mar Of Each Year",Ton mn,2003,7.0
Agriculture Production Foodgrains Production Foodgrains Coarse Cereals Maize Total,"Annual, Ending mar Of Each Year",Ton mn,2003,12.3
Agriculture Production Foodgrains Production Foodgrains Coarse Cereals Maize Kharif,"Annual, Ending mar Of Each Year",Ton mn,2003,10.4
Agriculture Production Foodgrains Production Foodgrains Coarse Cereals Maize Rabi,"Annual, Ending mar Of Each Year",Ton mn,2003,1.9
Agriculture Production Foodgrains Production Foodgrains Pulses Total,"Annual, Ending mar Of Each Year",Ton mn,2003,12.6
Agriculture Production Foodgrains Production Foodgrains Pulses Tur Kharif,"Annual, Ending mar Of Each Year",Ton mn,2003,2.4
Agriculture Production Foodgrains Production Foodgrains Pulses Gram Rabi,"Annual, Ending mar Of Each Year",Ton mn,2003,4.7
Agriculture Production Foodgrains Production Foodgrains Pulses Kharif,"Annual, Ending mar Of Each Year",Ton mn,2003,4.7
Agriculture Production Foodgrains Production Foodgrains Pulses Rabi,"Annual, Ending mar Of Each Year",Ton mn,2003,7.9
Agriculture Production Foodgrains Production Oilseeds Nine Oilseeds,"Annual, Ending mar Of Each Year",Ton mn,2003,20.0
Agriculture Production Foodgrains Production Oilseeds Nine Oilseeds Groundnut,"Annual, Ending mar Of Each Year",Ton mn,2003,6.3
Agriculture Production Foodgrains Production Oilseeds Nine Oilseeds Rapeseed and Mustard Rabi,"Annual, Ending mar Of Each Year",Ton mn,2003,5.0
Agriculture Production Foodgrains Production Oilseeds Nine Oilseeds Soyabean Kharif,"Annual, Ending mar Of Each Year",Ton mn,2003,6.1
Agriculture Production Foodgrains Production Oilseeds Nine Oilseeds Sunflower,"Annual, Ending mar Of Each Year",Ton mn,2003,0.7
Agriculture Production Foodgrains Production Other Cash Crops Cotton,"Annual, Ending mar Of Each Year",Ton mn,2003,10.4
Agriculture Production Foodgrains Production Other Cash Crops Jute and Mesta,"Annual, Ending mar Of Each Year",Ton mn,2003,10.9
Agriculture Production Foodgrains Production Other Cash Crops Onion,"Annual, Ending mar Of Each Year",Ton mn,2003,4.7
Agriculture Production Foodgrains Production Other Cash Crops Potato,"Annual, Ending mar Of Each Year",Ton mn,2003,23.8
Agriculture Production Foodgrains Production Other Cash Crops Sugarcane,"Annual, Ending mar Of Each Year",Ton mn,2003,298.5
Agriculture Production Foodgrains Yield Foodgrains Total,"Annual, Ending mar Of Each Year",kg/ha,2003,1690.0
Agriculture Production Foodgrains Yield Foodgrains Kharif,"Annual, Ending mar Of Each Year",kg/ha,2003,1436.0
Agriculture Production Foodgrains Yield Foodgrains Rabi,"Annual, Ending mar Of Each Year",kg/ha,2003,2084.0
Agriculture Production Foodgrains Yield Foodgrains Coarse Cereals Total,"Annual, Ending mar Of Each Year",kg/ha,2003,1068.0
Agriculture Production Foodgrains Yield Foodgrains Coarse Cereals Kharif,"Annual, Ending mar Of Each Year",kg/ha,2003,1083.0
Agriculture Production Foodgrains Yield Foodgrains Coarse Cereals Rabi,"Annual, Ending mar Of Each Year",kg/ha,2003,1016.0
Agriculture Production Foodgrains Yield Foodgrains Coarse Cereals Rice Total,"Annual, Ending mar Of Each Year",kg/ha,2003,1991.0
Agricultural Production Foodgrains Yield Foodgrains Coarse Cereals Rice Kharif,"Annual, Ending mar Of Each Year",kg/ha,2003,1888.0
Agriculture Production Foodgrains Yield Foodgrains Coarse Cereals Rice Rabi,"Annual, Ending mar Of Each Year",kg/ha,2003,2982.0
Agriculture Production Foodgrains Yield Foodgrains Coarse Cereals Wheat Rabi,"Annual, Ending mar Of Each Year",kg/ha,2003,2753.0
Agriculture Production Foodgrains Yield Foodgrains Coarse Cereals Jowar Total,"Annual, Ending mar Of Each Year",kg/ha,2003,799.0
Agriculture Production Foodgrains Yield Foodgrains Coarse Cereals Jowar Kharif,"Annual, Ending mar Of Each Year",kg/ha,2003,965.0
Agriculture Production Foodgrains Yield Foodgrains Coarse Cereals Jowar Rabi,"Annual, Ending mar Of Each Year",kg/ha,2003,651.0
Agriculture Production Foodgrains Yield Foodgrains Coarse Cereals Bajra Kharif,"Annual, Ending mar Of Each Year",kg/ha,2003,739.0
Agriculture Production Foodgrains Yield Foodgrains Coarse Cereals Maize Total,"Annual, Ending mar Of Each Year",kg/ha,2003,1878.0
Agriculture Production Foodgrains Yield Foodgrains Coarse Cereals Maize Kharif,"Annual, Ending mar Of Each Year",kg/ha,2003,1765.0
Agriculture Production Foodgrains Yield Foodgrains Coarse Cereals Maize Rabi,"Annual, Ending mar Of Each Year",kg/ha,2003,2874.0
Agriculture Production Foodgrains Yield Foodgrains Pulses Total,"Annual, Ending mar Of Each Year",kg/ha,2003,597.0
Agriculture Production Foodgrains Yield Foodgrains Pulses Kharif,"Annual, Ending mar Of Each Year",kg/ha,2003,453.0
Agriculture Production Foodgrains Yield Foodgrains Pulses Rabi,"Annual, Ending mar Of Each Year",kg/ha,2003,738.0
Agriculture Production Foodgrains Yield Foodgrains Pulses Tur Kharif,"Annual, Ending mar Of Each Year",kg/ha,2003,694.0
Agriculture Production Foodgrains Yield Foodgrains Pulses Gram Rabi,"Annual, Ending mar Of Each Year",kg/ha,2003,817.0
Agriculture Production Foodgrains Yield Oilseeds Nine Oilseeds,"Annual, Ending mar Of Each Year",kg/ha,2003,859.0
Agriculture Production Foodgrains Yield Oilseeds Nine Oilseeds Groundnut,"Annual, Ending mar Of Each Year",kg/ha,2003,952.0
Agriculture Production Foodgrains Yield Oilseeds Nine Oilseeds Rapeseed and Mustard Rabi,"Annual, Ending mar Of Each Year",kg/ha,2003,966.0
Agriculture Production Foodgrains Yield Oilseeds Nine Oilseeds Soyabean Kharif,"Annual, Ending mar Of Each Year",kg/ha,2003,966.0
Agriculture Production Foodgrains Yield Oilseeds Nine Oilseeds Sunflower,"Annual, Ending mar Of Each Year",kg/ha,2003,580.0
Agriculture Production Foodgrains Yield Other Cash Crops Cotton,"Annual, Ending mar Of Each Year",kg/ha,2003,201.0
Agriculture Production Foodgrains Yield Other Cash Crops Jute and Mesta,"Annual, Ending mar Of Each Year",kg/ha,2003,1900.0
Agriculture Production Foodgrains Yield Other Cash Crops Onion,"Annual, Ending mar Of Each Year",kg/ha,2003,10416.0
Agriculture Production Foodgrains Yield Other Cash Crops Potato,"Annual, Ending mar Of Each Year",kg/ha,2003,18858.0
Agriculture Production Foodgrains Yield Other Cash Crops Sugarcane,"Annual, Ending mar Of Each Year",kg/ha,2003,69202.0
(DC)Agricultural Coverage Under Irrigation,"Annual, Ending mar Of Each Year",%,2003,42.8
Agricultural Production Foodgrains Volume Others,"Annual, Ending mar Of Each Year",Ton mn,2003,5.45
Agricultural Production Foodgrains Rice Volume Arunachal Pradesh,"Annual, Ending mar Of Each Year",Ton th,2003,152.5
Agricultural Production Foodgrains Rice Volume Goa,"Annual, Ending mar Of Each Year",Ton th,2003,134.8
Agricultural Production Foodgrains Rice Volume Manipur,"Annual, Ending mar Of Each Year",Ton th,2003,332.6
Agricultural Production Foodgrains Rice Volume Meghalaya,"Annual, Ending mar Of Each Year",Ton th,2003,190.9
Agricultural Production Foodgrains Rice Volume Mizoram,"Annual, Ending mar Of Each Year",Ton th,2003,109.2
Agricultural Production Foodgrains Rice Volume Nagaland,"Annual, Ending mar Of Each Year",Ton th,2003,225.0
Agricultural Production Foodgrains Rice Volume Sikkim,"Annual, Ending mar Of Each Year",Ton th,2003,21.2
Agricultural Production Foodgrains Rice Volume Tripura,"Annual, Ending mar Of Each Year",Ton th,2003,602.3
Agricultural Production Foodgrains Rice Volume Union Territories,"Annual, Ending mar Of Each Year",Ton th,2003,135.3
Agricultural Production Foodgrains Wheat Volume Arunachal Pradesh,"Annual, Ending mar Of Each Year",Ton th,2003,6.3
Agricultural Production Foodgrains Wheat Volume Meghalaya,"Annual, Ending mar Of Each Year",Ton th,2003,4.7
Agricultural Production Foodgrains Wheat Volume Nagaland,"Annual, Ending mar Of Each Year",Ton th,2003,17.0
Agricultural Production Foodgrains Wheat Volume Sikkim,"Annual, Ending mar Of Each Year",Ton th,2003,8.9
Agricultural Production Foodgrains Wheat Volume Tamil Nadu,"Annual, Ending mar Of Each Year",Ton th,2003,0.0
Agricultural Production Foodgrains Wheat Volume Tripura,"Annual, Ending mar Of Each Year",Ton th,2003,1.8
Agricultural Production Foodgrains Wheat Volume Union Territories,"Annual, Ending mar Of Each Year",Ton th,2003,81.1
Agricultural Production Foodgrains Coarse Cereals Volume Arunachal Pradesh,"Annual, Ending mar Of Each Year",Ton th,2003,75.8
Agricultural Production Foodgrains Coarse Cereals Volume Goa,"Annual, Ending mar Of Each Year",Ton th,2003,1.1
Agricultural Production Foodgrains Coarse Cereals Volume Manipur,"Annual, Ending mar Of Each Year",Ton th,2003,8.5
Agricultural Production Foodgrains Coarse Cereals Volume Meghalaya,"Annual, Ending mar Of Each Year",Ton th,2003,28.2
Agricultural Production Foodgrains Coarse Cereals Volume Mizoram,"Annual, Ending mar Of Each Year",Ton th,2003,14.9
Agricultural Production Foodgrains Coarse Cereals Volume Nagaland,"Annual, Ending mar Of Each Year",Ton th,2003,118.0
Agricultural Production Foodgrains Coarse Cereals Volume Sikkim,"Annual, Ending mar Of Each Year",Ton th,2003,59.9
Agricultural Production Foodgrains Coarse Cereals Volume Tripura,"Annual, Ending mar Of Each Year",Ton th,2003,2.2
Agricultural Production Foodgrains Coarse Cereals Volume Union Territories,"Annual, Ending mar Of Each Year",Ton th,2003,10.7
Agricultural Production Plantation Crops Potato,"Annual, Ending mar Of Each Year",Ton mn,2004,23.1
Agricultural Production Plantation Crops Onion,"Annual, Ending mar Of Each Year",Ton mn,2004,5.92
Agricultural Production Plantation Crops Tobacco,"Annual, Ending mar Of Each Year",Ton mn,2004,0.54
Agricultural Production Plantation Crops Coconut,"Annual, Ending mar Of Each Year",Unit mn,2004,12178.0
Agricultural Production Plantation Crops Cashewnut,"Annual, Ending mar Of Each Year",Ton mn,2004,0.535
Agricultural Production Major Crops Target Rice,"Annual, Ending mar Of Each Year",Ton mn,2004,93.0
Agricultural Production Major Crops Target Wheat,"Annual, Ending mar Of Each Year",Ton mn,2004,78.0
Agricultural Production Major Crops Target Coarse Cereals,"Annual, Ending mar Of Each Year",Ton mn,2004,34.0
Agricultural Production Major Crops Target Pulses,"Annual, Ending mar Of Each Year",Ton mn,2004,15.0
Agricultural Production Major Crops Target Foodgrains,"Annual, Ending mar Of Each Year",Ton mn,2004,220.0
Agricultural Production Major Crops Target Oilseeds,"Annual, Ending mar Of Each Year",Ton mn,2004,24.7
Agricultural Production Major Crops Target Sugarcane,"Annual, Ending mar Of Each Year",Ton mn,2004,320.0
Agricultural Production Major Crops Target Cotton,"Annual, Ending mar Of Each Year",Ton mn,2004,15.0
Agricultural Production Major Crops Target Jute and Mesta,"Annual, Ending mar Of Each Year",Ton mn,2004,12.0
Agricultural Production Major Crops Achievements Rice,"Annual, Ending mar Of Each Year",Ton mn,2004,88.53
Agricultural Production Major Crops Achievements Wheat,"Annual, Ending mar Of Each Year",Ton mn,2004,72.15
Agricultural Production Major Crops Achievements Coarse Cereals,"Annual, Ending mar Of Each Year",Ton mn,2004,37.6
Agricultural Production Major Crops Achievements Pulses,"Annual, Ending mar Of Each Year",Ton mn,2004,14.91
Agricultural Production Major Crops Achievements Foodgrains,"Annual, Ending mar Of Each Year",Ton mn,2004,213.19
Agricultural Production Major Crops Achievements Oilseeds,"Annual, Ending mar Of Each Year",Ton mn,2004,25.19
Agricultural Production Major Crops Achievements Sugarcane,"Annual, Ending mar Of Each Year",Ton mn,2004,233.86
Agricultural Production Major Crops Achievements Cotton,"Annual, Ending mar Of Each Year",Ton mn,2004,13.73
Agricultural Production Major Crops Achievements Jute and Mesta,"Annual, Ending mar Of Each Year",Ton mn,2004,11.17
Agricultural Production Volume,"Annual, Ending mar Of Each Year",Ton mn,2004,213.19
Agricultural Production Kharif Volume,"Annual, Ending mar Of Each Year",Ton mn,2004,117.0
Agricultural Production Rabi Volume,"Annual, Ending mar Of Each Year",Ton mn,2004,96.19
Agriculture Production Foodgrains Area 5 Yr Avg Foodgrains Total,"Annual, Ending mar Of Each Year",ha mn,2004,120.8
Agriculture Production Foodgrains Area 5 Yr Avg Foodgrains Kharif,"Annual, Ending mar Of Each Year",ha mn,2004,72.7
Agriculture Production Foodgrains Area 5 Yr Avg Foodgrains Rabi,"Annual, Ending mar Of Each Year",ha mn,2004,48.1
Agriculture Production Foodgrains Area 5 Yr Avg Foodgrains Coarse Cereals Total,"Annual, Ending mar Of Each Year",ha mn,2004,29.0
Agriculture Production Foodgrains Area 5 Yr Avg Foodgrains Coarse Cereals Kharif,"Annual, Ending mar Of Each Year",ha mn,2004,22.5
Agriculture Production Foodgrains Area 5 Yr Avg Foodgrains Coarse Cereals Rabi,"Annual, Ending mar Of Each Year",ha mn,2004,6.5
Agriculture Production Foodgrains Area 5 Yr Avg Foodgrains Coarse Cereals Rice Total,"Annual, Ending mar Of Each Year",ha mn,2004,43.9
Agricultural Production Foodgrains Area 5 Yr Avg Foodgrains Coarse Cereals Rice Kharif,"Annual, Ending mar Of Each Year",ha mn,2004,39.9
Agriculture Production Foodgrains Area 5 Yr Avg Foodgrains Coarse Cereals Rice Rabi,"Annual, Ending mar Of Each Year",ha mn,2004,4.0
Agriculture Production Foodgrains Area 5 Yr Avg Foodgrains Coarse Cereals Wheat Rabi,"Annual, Ending mar Of Each Year",ha mn,2004,26.4
Agriculture Production Foodgrains Area 5 Yr Avg Foodgrains Coarse Cereals Jowar Total,"Annual, Ending mar Of Each Year",ha mn,2004,9.8
Agriculture Production Foodgrains Area 5 Yr Avg Foodgrains Coarse Cereals Jowar Kharif,"Annual, Ending mar Of Each Year",ha mn,2004,4.7
Agriculture Production Foodgrains Area 5 Yr Avg Foodgrains Coarse Cereals Jowar Rabi,"Annual, Ending mar Of Each Year",ha mn,2004,5.1
Agriculture Production Foodgrains Area 5 Yr Avg Foodgrains Coarse Cereals Bajra Kharif,"Annual, Ending mar Of Each Year",ha mn,2004,9.0
Agriculture Production Foodgrains Area 5 Yr Avg Foodgrains Coarse Cereals Maize Total,"Annual, Ending mar Of Each Year",ha mn,2004,6.5
Agriculture Production Foodgrains Area 5 Yr Avg Foodgrains Coarse Cereals Maize Kharif,"Annual, Ending mar Of Each Year",ha mn,2004,5.8
Agriculture Production Foodgrains Area 5 Yr Avg Foodgrains Coarse Cereals Maize Rabi,"Annual, Ending mar Of Each Year",ha mn,2004,0.7
Agriculture Production Foodgrains Area 5 Yr Avg Foodgrains Pulses Total,"Annual, Ending mar Of Each Year",ha mn,2004,21.4
Agriculture Production Foodgrains Area 5 Yr Avg Foodgrains Pulses Kharif,"Annual, Ending mar Of Each Year",ha mn,2004,10.2
Agriculture Production Foodgrains Area 5 Yr Avg Foodgrains Pulses Rabi,"Annual, Ending mar Of Each Year",ha mn,2004,11.2
Agriculture Production Foodgrains Area 5 Yr Avg Foodgrains Pulses Tur Kharif,"Annual, Ending mar Of Each Year",ha mn,2004,3.4
Agriculture Production Foodgrains Area 5 Yr Avg Foodgrains Pulses Gram Rabi,"Annual, Ending mar Of Each Year",ha mn,2004,6.4
Agriculture Production Foodgrains Area 5 Yr Avg Oilseeds Nine Oilseeds,"Annual, Ending mar Of Each Year",ha mn,2004,23.4
Agriculture Production Foodgrains Area 5 Yr Avg Oilseeds Nine Oilseeds Groundnut,"Annual, Ending mar Of Each Year",ha mn,2004,6.6
Agriculture Production Foodgrains Area 5 Yr Avg Oilseeds Nine Oilseeds Rapeseed and Mustard Rabi,"Annual, Ending mar Of Each Year",ha mn,2004,5.3
Agriculture Production Foodgrains Area 5 Yr Avg Oilseeds Nine Oilseeds Soyabean Kharif,"Annual, Ending mar Of Each Year",ha mn,2004,6.3
Agriculture Production Foodgrains Area 5 Yr Avg Oilseeds Nine Oilseeds Sunflower,"Annual, Ending mar Of Each Year",ha mn,2004,1.4
Agriculture Production Foodgrains Area 5 Yr Avg Other Cash Crops Cotton,"Annual, Ending mar Of Each Year",ha mn,2004,8.7
Agriculture Production Foodgrains Area 5 Yr Avg Other Cash Crops Jute and Mesta,"Annual, Ending mar Of Each Year",ha mn,2004,1.0
Agriculture Production Foodgrains Area 5 Yr Avg Other Cash Crops Onion,"Annual, Ending mar Of Each Year",ha mn,2004,0.5
Agriculture Production Foodgrains Area 5 Yr Avg Other Cash Crops Potato,"Annual, Ending mar Of Each Year",ha mn,2004,1.3
Agriculture Production Foodgrains Area 5 Yr Avg Other Cash Crops Sugarcane,"Annual, Ending mar Of Each Year",ha mn,2004,4.3
Agriculture Production Foodgrains Production Foodgrains Total,"Annual, Ending mar Of Each Year",Ton mn,2004,199.4
Agriculture Production Foodgrains Production Foodgrains Kharif,"Annual, Ending mar Of Each Year",Ton mn,2004,101.9
Agriculture Production Foodgrains Production Foodgrains Rabi,"Annual, Ending mar Of Each Year",Ton mn,2004,97.5
Agriculture Production Foodgrains Production Foodgrains Coarse Cereals Total,"Annual, Ending mar Of Each Year",Ton mn,2004,30.5
Agriculture Production Foodgrains Production Foodgrains Coarse Cereals Kharif,"Annual, Ending mar Of Each Year",Ton mn,2004,24.0
Agriculture Production Foodgrains Production Foodgrains Coarse Cereals Rabi,"Annual, Ending mar Of Each Year",Ton mn,2004,6.5
Agriculture Production Foodgrains Production Foodgrains Coarse Cereals Rice Total,"Annual, Ending mar Of Each Year",Ton mn,2004,85.2
Agricultural Production Foodgrains Production Foodgrains Coarse Cereals Rice Kharif,"Annual, Ending mar Of Each Year",Ton mn,2004,73.3
Agriculture Production Foodgrains Production Foodgrains Coarse Cereals Rice Rabi,"Annual, Ending mar Of Each Year",Ton mn,2004,11.9
Agriculture Production Foodgrains Production Foodgrains Coarse Cereals Wheat Rabi,"Annual, Ending mar Of Each Year",Ton mn,2004,71.0
Agriculture Production Foodgrains Production Foodgrains Coarse Cereals Jowar Total,"Annual, Ending mar Of Each Year",Ton mn,2004,7.8
Agriculture Production Foodgrains Production Foodgrains Coarse Cereals Jowar Kharif,"Annual, Ending mar Of Each Year",Ton mn,2004,4.6
Agriculture Production Foodgrains Production Foodgrains Coarse Cereals Jowar Rabi,"Annual, Ending mar Of Each Year",Ton mn,2004,3.2
Agriculture Production Foodgrains Production Foodgrains Coarse Cereals Bajra Kharif,"Annual, Ending mar Of Each Year",Ton mn,2004,6.5
Agriculture Production Foodgrains Production Foodgrains Coarse Cereals Maize Total,"Annual, Ending mar Of Each Year",Ton mn,2004,11.8
Agriculture Production Foodgrains Production Foodgrains Coarse Cereals Maize Kharif,"Annual, Ending mar Of Each Year",Ton mn,2004,10.0
Agriculture Production Foodgrains Production Foodgrains Coarse Cereals Maize Rabi,"Annual, Ending mar Of Each Year",Ton mn,2004,1.8
Agriculture Production Foodgrains Production Foodgrains Pulses Total,"Annual, Ending mar Of Each Year",Ton mn,2004,12.8
Agriculture Production Foodgrains Production Foodgrains Pulses Tur Kharif,"Annual, Ending mar Of Each Year",Ton mn,2004,2.4
Agriculture Production Foodgrains Production Foodgrains Pulses Gram Rabi,"Annual, Ending mar Of Each Year",Ton mn,2004,5.1
Agriculture Production Foodgrains Production Foodgrains Pulses Kharif,"Annual, Ending mar Of Each Year",Ton mn,2004,4.7
Agriculture Production Foodgrains Production Foodgrains Pulses Rabi,"Annual, Ending mar Of Each Year",Ton mn,2004,8.1
Agriculture Production Foodgrains Production Oilseeds Nine Oilseeds,"Annual, Ending mar Of Each Year",Ton mn,2004,19.9
Agriculture Production Foodgrains Production Oilseeds Nine Oilseeds Groundnut,"Annual, Ending mar Of Each Year",Ton mn,2004,6.4
Agriculture Production Foodgrains Production Oilseeds Nine Oilseeds Rapeseed and Mustard Rabi,"Annual, Ending mar Of Each Year",Ton mn,2004,4.9
Agriculture Production Foodgrains Production Oilseeds Nine Oilseeds Soyabean Kharif,"Annual, Ending mar Of Each Year",Ton mn,2004,6.0
Agriculture Production Foodgrains Production Oilseeds Nine Oilseeds Sunflower,"Annual, Ending mar Of Each Year",Ton mn,2004,0.8
Agriculture Production Foodgrains Production Other Cash Crops Cotton,"Annual, Ending mar Of Each Year",Ton mn,2004,10.4
Agriculture Production Foodgrains Production Other Cash Crops Jute and Mesta,"Annual, Ending mar Of Each Year",Ton mn,2004,10.8
Agriculture Production Foodgrains Production Other Cash Crops Onion,"Annual, Ending mar Of Each Year",Ton mn,2004,4.8
Agriculture Production Foodgrains Production Other Cash Crops Potato,"Annual, Ending mar Of Each Year",Ton mn,2004,23.6
Agriculture Production Foodgrains Production Other Cash Crops Sugarcane,"Annual, Ending mar Of Each Year",Ton mn,2004,298.5
Agriculture Production Foodgrains Yield Foodgrains Total,"Annual, Ending mar Of Each Year",kg/ha,2004,1651.0
Agriculture Production Foodgrains Yield Foodgrains Kharif,"Annual, Ending mar Of Each Year",kg/ha,2004,1401.0
Agriculture Production Foodgrains Yield Foodgrains Rabi,"Annual, Ending mar Of Each Year",kg/ha,2004,2029.0
Agriculture Production Foodgrains Yield Foodgrains Coarse Cereals Total,"Annual, Ending mar Of Each Year",kg/ha,2004,1049.0
Agriculture Production Foodgrains Yield Foodgrains Coarse Cereals Kharif,"Annual, Ending mar Of Each Year",kg/ha,2004,1064.0
Agriculture Production Foodgrains Yield Foodgrains Coarse Cereals Rabi,"Annual, Ending mar Of Each Year",kg/ha,2004,999.0
Agriculture Production Foodgrains Yield Foodgrains Coarse Cereals Rice Total,"Annual, Ending mar Of Each Year",kg/ha,2004,1938.0
Agricultural Production Foodgrains Yield Foodgrains Coarse Cereals Rice Kharif,"Annual, Ending mar Of Each Year",kg/ha,2004,1835.0
Agriculture Production Foodgrains Yield Foodgrains Coarse Cereals Rice Rabi,"Annual, Ending mar Of Each Year",kg/ha,2004,2972.0
Agriculture Production Foodgrains Yield Foodgrains Coarse Cereals Wheat Rabi,"Annual, Ending mar Of Each Year",kg/ha,2004,2692.0
Agriculture Production Foodgrains Yield Foodgrains Coarse Cereals Jowar Total,"Annual, Ending mar Of Each Year",kg/ha,2004,803.0
Agriculture Production Foodgrains Yield Foodgrains Coarse Cereals Jowar Kharif,"Annual, Ending mar Of Each Year",kg/ha,2004,989.0
Agriculture Production Foodgrains Yield Foodgrains Coarse Cereals Jowar Rabi,"Annual, Ending mar Of Each Year",kg/ha,2004,633.0
Agriculture Production Foodgrains Yield Foodgrains Coarse Cereals Bajra Kharif,"Annual, Ending mar Of Each Year",kg/ha,2004,718.0
Agriculture Production Foodgrains Yield Foodgrains Coarse Cereals Maize Total,"Annual, Ending mar Of Each Year",kg/ha,2004,1817.0
Agriculture Production Foodgrains Yield Foodgrains Coarse Cereals Maize Kharif,"Annual, Ending mar Of Each Year",kg/ha,2004,1713.0
Agriculture Production Foodgrains Yield Foodgrains Coarse Cereals Maize Rabi,"Annual, Ending mar Of Each Year",kg/ha,2004,2749.0
Agriculture Production Foodgrains Yield Foodgrains Pulses Total,"Annual, Ending mar Of Each Year",kg/ha,2004,595.0
Agriculture Production Foodgrains Yield Foodgrains Pulses Kharif,"Annual, Ending mar Of Each Year",kg/ha,2004,455.0
Agriculture Production Foodgrains Yield Foodgrains Pulses Rabi,"Annual, Ending mar Of Each Year",kg/ha,2004,723.0
Agriculture Production Foodgrains Yield Foodgrains Pulses Tur Kharif,"Annual, Ending mar Of Each Year",kg/ha,2004,703.0
Agriculture Production Foodgrains Yield Foodgrains Pulses Gram Rabi,"Annual, Ending mar Of Each Year",kg/ha,2004,796.0
Agriculture Production Foodgrains Yield Oilseeds Nine Oilseeds,"Annual, Ending mar Of Each Year",kg/ha,2004,850.0
Agriculture Production Foodgrains Yield Oilseeds Nine Oilseeds Groundnut,"Annual, Ending mar Of Each Year",kg/ha,2004,970.0
Agriculture Production Foodgrains Yield Oilseeds Nine Oilseeds Rapeseed and Mustard Rabi,"Annual, Ending mar Of Each Year",kg/ha,2004,924.0
Agriculture Production Foodgrains Yield Oilseeds Nine Oilseeds Soyabean Kharif,"Annual, Ending mar Of Each Year",kg/ha,2004,958.0
Agriculture Production Foodgrains Yield Oilseeds Nine Oilseeds Sunflower,"Annual, Ending mar Of Each Year",kg/ha,2004,552.0
Agriculture Production Foodgrains Yield Other Cash Crops Cotton,"Annual, Ending mar Of Each Year",kg/ha,2004,204.0
Agriculture Production Foodgrains Yield Other Cash Crops Jute and Mesta,"Annual, Ending mar Of Each Year",kg/ha,2004,1944.0
Agriculture Production Foodgrains Yield Other Cash Crops Onion,"Annual, Ending mar Of Each Year",kg/ha,2004,10540.0
Agriculture Production Foodgrains Yield Other Cash Crops Potato,"Annual, Ending mar Of Each Year",kg/ha,2004,18343.0
Agriculture Production Foodgrains Yield Other Cash Crops Sugarcane,"Annual, Ending mar Of Each Year",kg/ha,2004,69065.0
(DC)Agricultural Coverage Under Irrigation,"Annual, Ending mar Of Each Year",%,2004,42.2
Agricultural Production Foodgrains Area Andhra Pradesh,"Annual, Ending mar Of Each Year",ha mn,2004,6.81
Agricultural Production Foodgrains Area Assam,"Annual, Ending mar Of Each Year",ha mn,2004,2.74
Agricultural Production Foodgrains Area Bihar,"Annual, Ending mar Of Each Year",ha mn,2004,7.01
Agricultural Production Foodgrains Area Chhattisgarh,"Annual, Ending mar Of Each Year",ha mn,2004,5.07
Agricultural Production Foodgrains Area Gujarat,"Annual, Ending mar Of Each Year",ha mn,2004,4.03
Agricultural Production Foodgrains Area Haryana,"Annual, Ending mar Of Each Year",ha mn,2004,4.29
Agricultural Production Foodgrains Area Jharkhand,"Annual, Ending mar Of Each Year",ha mn,2004,1.95
Agricultural Production Foodgrains Area Karnataka,"Annual, Ending mar Of Each Year",ha mn,2004,6.91
Agricultural Production Foodgrains Area Madhya Pradesh,"Annual, Ending mar Of Each Year",ha mn,2004,12.68
Agricultural Production Foodgrains Area Maharashtra,"Annual, Ending mar Of Each Year",ha mn,2004,12.18
Agricultural Production Foodgrains Area Orissa,"Annual, Ending mar Of Each Year",ha mn,2004,5.39
Agricultural Production Foodgrains Area Punjab,"Annual, Ending mar Of Each Year",ha mn,2004,6.29
Agricultural Production Foodgrains Area Rajasthan,"Annual, Ending mar Of Each Year",ha mn,2004,13.96
Agricultural Production Foodgrains Area Tamil Nadu,"Annual, Ending mar Of Each Year",ha mn,2004,2.88
Agricultural Production Foodgrains Area Uttar Pradesh,"Annual, Ending mar Of Each Year",ha mn,2004,20.2
Agricultural Production Foodgrains Area Uttaranchal,"Annual, Ending mar Of Each Year",ha mn,2004,1.03
Agricultural Production Foodgrains Area West Bengal,"Annual, Ending mar Of Each Year",ha mn,2004,6.6
Agricultural Production Foodgrains Area Others,"Annual, Ending mar Of Each Year",ha mn,2004,3.3
Agricultural Production Foodgrains Volume Andhra Pradesh,"Annual, Ending mar Of Each Year",Ton mn,2004,13.697
Agricultural Production Foodgrains Volume Assam,"Annual, Ending mar Of Each Year",Ton mn,2004,4.035
Agricultural Production Foodgrains Volume Bihar,"Annual, Ending mar Of Each Year",Ton mn,2004,11.2126
Agricultural Production Foodgrains Volume Chhattisgarh,"Annual, Ending mar Of Each Year",Ton mn,2004,6.4698
Agricultural Production Foodgrains Volume Gujarat,"Annual, Ending mar Of Each Year",Ton mn,2004,6.5713
Agricultural Production Foodgrains Volume Haryana,"Annual, Ending mar Of Each Year",Ton mn,2004,13.1931
Agricultural Production Foodgrains Volume Jharkhand,"Annual, Ending mar Of Each Year",Ton mn,2004,2.905
Agricultural Production Foodgrains Volume Karnataka,"Annual, Ending mar Of Each Year",Ton mn,2004,6.5621
Agricultural Production Foodgrains Volume Madhya Pradesh,"Annual, Ending mar Of Each Year",Ton mn,2004,15.9567
Agricultural Production Foodgrains Volume Maharashtra,"Annual, Ending mar Of Each Year",Ton mn,2004,10.323
Agricultural Production Foodgrains Volume Orissa,"Annual, Ending mar Of Each Year",Ton mn,2004,7.1569
Agricultural Production Foodgrains Volume Punjab,"Annual, Ending mar Of Each Year",Ton mn,2004,24.7294
Agricultural Production Foodgrains Volume Rajasthan,"Annual, Ending mar Of Each Year",Ton mn,2004,17.9938
Agricultural Production Foodgrains Volume Tamil Nadu,"Annual, Ending mar Of Each Year",Ton mn,2004,4.4066
Agricultural Production Foodgrains Volume Uttar Pradesh,"Annual, Ending mar Of Each Year",Ton mn,2004,44.2465
Agricultural Production Foodgrains Volume Uttaranchal,"Annual, Ending mar Of Each Year",Ton mn,2004,1.724
Agricultural Production Foodgrains Volume West Bengal,"Annual, Ending mar Of Each Year",Ton mn,2004,16.0097
Agricultural Production Foodgrains Yield Andhra Pradesh,"Annual, Ending mar Of Each Year",kg/ha,2004,2012.0
Agricultural Production Foodgrains Yield Assam,"Annual, Ending mar Of Each Year",kg/ha,2004,1472.0
Agricultural Production Foodgrains Yield Bihar,"Annual, Ending mar Of Each Year",kg/ha,2004,1601.0
Agricultural Production Foodgrains Yield Chhattisgarh,"Annual, Ending mar Of Each Year",kg/ha,2004,1231.0
Agricultural Production Foodgrains Yield Gujarat,"Annual, Ending mar Of Each Year",kg/ha,2004,1629.0
Agricultural Production Foodgrains Yield Haryana,"Annual, Ending mar Of Each Year",kg/ha,2004,3068.0
Agricultural Production Foodgrains Yield Jharkhand,"Annual, Ending mar Of Each Year",kg/ha,2004,1490.0
Agricultural Production Foodgrains Yield Karnataka,"Annual, Ending mar Of Each Year",kg/ha,2004,954.0
Agricultural Production Foodgrains Yield Madhya Pradesh,"Annual, Ending mar Of Each Year",kg/ha,2004,1248.0
Agricultural Production Foodgrains Yield Maharashtra,"Annual, Ending mar Of Each Year",kg/ha,2004,860.0
Agricultural Production Foodgrains Yield Orissa,"Annual, Ending mar Of Each Year",kg/ha,2004,1328.0
Agricultural Production Foodgrains Yield Punjab,"Annual, Ending mar Of Each Year",kg/ha,2004,3929.0
Agricultural Production Foodgrains Yield Rajasthan,"Annual, Ending mar Of Each Year",kg/ha,2004,1288.0
Agricultural Production Foodgrains Yield Tamil Nadu,"Annual, Ending mar Of Each Year",kg/ha,2004,1539.0
Agricultural Production Foodgrains Yield Uttar Pradesh,"Annual, Ending mar Of Each Year",kg/ha,2004,2192.0
Agricultural Production Foodgrains Yield Uttaranchal,"Annual, Ending mar Of Each Year",kg/ha,2004,1672.0
Agricultural Production Foodgrains Yield West Bengal,"Annual, Ending mar Of Each Year",kg/ha,2004,2421.0
Agricultural Production Foodgrains Rice Volume,"Annual, Ending mar Of Each Year",Ton mn,2004,88.53
Agricultural Production Foodgrains Rice Area Andhra Pradesh,"Annual, Ending mar Of Each Year",ha mn,2004,2.98
Agricultural Production Foodgrains Rice Area Assam,"Annual, Ending mar Of Each Year",ha mn,2004,2.53
Agricultural Production Foodgrains Rice Area Bihar,"Annual, Ending mar Of Each Year",ha mn,2004,3.56
Agricultural Production Foodgrains Rice Area Chhattisgarh,"Annual, Ending mar Of Each Year",ha mn,2004,3.72
Agricultural Production Foodgrains Rice Area Gujarat,"Annual, Ending mar Of Each Year",ha mn,2004,0.68
Agricultural Production Foodgrains Rice Area Haryana,"Annual, Ending mar Of Each Year",ha mn,2004,1.02
Agricultural Production Foodgrains Rice Area Jharkland,"Annual, Ending mar Of Each Year",ha mn,2004,1.36
Agricultural Production Foodgrains Rice Area Karnataka,"Annual, Ending mar Of Each Year",ha mn,2004,1.15
Agricultural Production Foodgrains Rice Area Kerala,"Annual, Ending mar Of Each Year",ha mn,2004,0.29
Agricultural Production Foodgrains Rice Area Madhya Pradesh,"Annual, Ending mar Of Each Year",ha mn,2004,1.67
Agricultural Production Foodgrains Rice Area Maharashtra,"Annual, Ending mar Of Each Year",ha mn,2004,1.54
Agricultural Production Foodgrains Rice Area Orissa,"Annual, Ending mar Of Each Year",ha mn,2004,4.5
Agricultural Production Foodgrains Rice Area Punjab,"Annual, Ending mar Of Each Year",ha mn,2004,2.61
Agricultural Production Foodgrains Rice Area Tamil Nadu,"Annual, Ending mar Of Each Year",ha mn,2004,1.4
Agricultural Production Foodgrains Rice Area Uttar Pradesh,"Annual, Ending mar Of Each Year",ha mn,2004,5.95
Agricultural Production Foodgrains Rice Area West Bengal,"Annual, Ending mar Of Each Year",ha mn,2004,5.86
Agricultural Production Foodgrains Rice Area Others,"Annual, Ending mar Of Each Year",ha mn,2004,1.68
Agricultural Production Foodgrains Rice Volume Andhra Pradesh,"Annual, Ending mar Of Each Year",Ton th,2004,8953.0
Agricultural Production Foodgrains Rice Volume Arunachal Pradesh,"Annual, Ending mar Of Each Year",Ton th,2004,154.6
Agricultural Production Foodgrains Rice Volume Assam,"Annual, Ending mar Of Each Year",Ton th,2004,3880.0
Agricultural Production Foodgrains Rice Volume Bihar,"Annual, Ending mar Of Each Year",Ton th,2004,5447.8
Agricultural Production Foodgrains Rice Volume Chhattisgarh,"Annual, Ending mar Of Each Year",Ton th,2004,5567.6
Agricultural Production Foodgrains Rice Volume Goa,"Annual, Ending mar Of Each Year",Ton th,2004,170.7
Agricultural Production Foodgrains Rice Volume Gujarat,"Annual, Ending mar Of Each Year",Ton th,2004,1277.0
Agricultural Production Foodgrains Rice Volume Haryana,"Annual, Ending mar Of Each Year",Ton th,2004,2790.0
Agricultural Production Foodgrains Rice Volume Himachal Pradesh,"Annual, Ending mar Of Each Year",Ton th,2004,120.6
Agricultural Production Foodgrains Rice Volume Jammu and Kashmir,"Annual, Ending mar Of Each Year",Ton th,2004,504.2
Agricultural Production Foodgrains Rice Volume Jharkhand,"Annual, Ending mar Of Each Year",Ton th,2004,2310.0
Agricultural Production Foodgrains Rice Volume Karnataka,"Annual, Ending mar Of Each Year",Ton th,2004,2550.3
Agricultural Production Foodgrains Rice Volume Kerala,"Annual, Ending mar Of Each Year",Ton th,2004,570.0
Agricultural Production Foodgrains Rice Volume Madhya Pradesh,"Annual, Ending mar Of Each Year",Ton th,2004,1750.3
Agricultural Production Foodgrains Rice Volume Maharashtra,"Annual, Ending mar Of Each Year",Ton th,2004,2835.0
Agricultural Production Foodgrains Rice Volume Manipur,"Annual, Ending mar Of Each Year",Ton th,2004,381.2
Agricultural Production Foodgrains Rice Volume Meghalaya,"Annual, Ending mar Of Each Year",Ton th,2004,200.7
Agricultural Production Foodgrains Rice Volume Mizoram,"Annual, Ending mar Of Each Year",Ton th,2004,114.6
Agricultural Production Foodgrains Rice Volume Nagaland,"Annual, Ending mar Of Each Year",Ton th,2004,248.0
Agricultural Production Foodgrains Rice Volume Orissa,"Annual, Ending mar Of Each Year",Ton th,2004,6733.7
Agricultural Production Foodgrains Rice Volume Punjab,"Annual, Ending mar Of Each Year",Ton th,2004,9656.0
Agricultural Production Foodgrains Rice Volume Rajasthan,"Annual, Ending mar Of Each Year",Ton th,2004,164.8
Agricultural Production Foodgrains Rice Volume Sikkim,"Annual, Ending mar Of Each Year",Ton th,2004,21.2
Agricultural Production Foodgrains Rice Volume Tamil Nadu,"Annual, Ending mar Of Each Year",Ton th,2004,3222.8
Agricultural Production Foodgrains Rice Volume Tripura,"Annual, Ending mar Of Each Year",Ton th,2004,516.6
Agricultural Production Foodgrains Rice Volume Union Territories,"Annual, Ending mar Of Each Year",Ton th,2004,135.2
Agricultural Production Foodgrains Rice Volume Uttar Pradesh,"Annual, Ending mar Of Each Year",Ton th,2004,13018.8
Agricultural Production Foodgrains Rice Volume Uttaranchal,"Annual, Ending mar Of Each Year",Ton th,2004,569.0
Agricultural Production Foodgrains Rice Volume West Bengal,"Annual, Ending mar Of Each Year",Ton th,2004,14662.3
Agricultural Production Foodgrains Rice Yield Andhra Pradesh,"Annual, Ending mar Of Each Year",kg/ha,2004,3009.0
Agricultural Production Foodgrains Rice Yield Assam,"Annual, Ending mar Of Each Year",kg/ha,2004,1534.0
Agricultural Production Foodgrains Rice Yield Bihar,"Annual, Ending mar Of Each Year",kg/ha,2004,1523.0
Agricultural Production Foodgrains Rice Yield Chhattisgarh,"Annual, Ending mar Of Each Year",kg/ha,2004,1454.0
Agricultural Production Foodgrains Rice Yield Gujarat,"Annual, Ending mar Of Each Year",kg/ha,2004,1891.0
Agricultural Production Foodgrains Rice Yield Haryana,"Annual, Ending mar Of Each Year",kg/ha,2004,2749.0
Agricultural Production Foodgrains Rice Yield Jharkland,"Annual, Ending mar Of Each Year",kg/ha,2004,1695.0
Agricultural Production Foodgrains Rice Yield Karnataka,"Annual, Ending mar Of Each Year",kg/ha,2004,2375.0
Agricultural Production Foodgrains Rice Yield Kerala,"Annual, Ending mar Of Each Year",kg/ha,2004,1983.0
Agricultural Production Foodgrains Rice Yield Madhya Pradesh,"Annual, Ending mar Of Each Year",kg/ha,2004,1018.0
Agricultural Production Foodgrains Rice Yield Maharashtra,"Annual, Ending mar Of Each Year",kg/ha,2004,1853.0
Agricultural Production Foodgrains Rice Yield Orissa,"Annual, Ending mar Of Each Year",kg/ha,2004,1496.0
Agricultural Production Foodgrains Rice Yield Punjab,"Annual, Ending mar Of Each Year",kg/ha,2004,3694.0
Agricultural Production Foodgrains Rice Yield Tamil Nadu,"Annual, Ending mar Of Each Year",kg/ha,2004,2308.0
Agricultural Production Foodgrains Rice Yield Uttar Pradesh,"Annual, Ending mar Of Each Year",kg/ha,2004,2187.0
Agricultural Production Foodgrains Rice Yield West Bengal,"Annual, Ending mar Of Each Year",kg/ha,2004,2504.0
Agricultural Production Foodgrains Wheat Volume,"Annual, Ending mar Of Each Year",Ton mn,2004,72.16
Agricultural Production Foodgrains Wheat Area Assam,"Annual, Ending mar Of Each Year",ha mn,2004,0.07
Agricultural Production Foodgrains Wheat Area Bihar,"Annual, Ending mar Of Each Year",ha mn,2004,2.12
Agricultural Production Foodgrains Wheat Area Gujarat,"Annual, Ending mar Of Each Year",ha mn,2004,0.76
Agricultural Production Foodgrains Wheat Area Haryana,"Annual, Ending mar Of Each Year",ha mn,2004,2.3
Agricultural Production Foodgrains Wheat Area Himachal Pradesh,"Annual, Ending mar Of Each Year",ha mn,2004,0.36
Agricultural Production Foodgrains Wheat Area Jammu and Kashmir,"Annual, Ending mar Of Each Year",ha mn,2004,0.26
Agricultural Production Foodgrains Wheat Area Jharkhand,"Annual, Ending mar Of Each Year",ha mn,2004,0.08
Agricultural Production Foodgrains Wheat Area Karnataka,"Annual, Ending mar Of Each Year",ha mn,2004,0.23
Agricultural Production Foodgrains Wheat Area Madhya Pradesh,"Annual, Ending mar Of Each Year",ha mn,2004,4.05
Agricultural Production Foodgrains Wheat Area Maharashtra,"Annual, Ending mar Of Each Year",ha mn,2004,0.67
Agricultural Production Foodgrains Wheat Area Punjab,"Annual, Ending mar Of Each Year",ha mn,2004,3.44
Agricultural Production Foodgrains Wheat Area Rajasthan,"Annual, Ending mar Of Each Year",ha mn,2004,2.1
Agricultural Production Foodgrains Wheat Area Uttar Pradesh,"Annual, Ending mar Of Each Year",ha mn,2004,9.15
Agricultural Production Foodgrains Wheat Area Uttaranchal,"Annual, Ending mar Of Each Year",ha mn,2004,0.4
Agricultural Production Foodgrains Wheat Area West Bengal,"Annual, Ending mar Of Each Year",ha mn,2004,0.43
Agricultural Production Foodgrains Wheat Area Others,"Annual, Ending mar Of Each Year",ha mn,2004,0.16
Agricultural Production Foodgrains Wheat Volume Arunachal Pradesh,"Annual, Ending mar Of Each Year",Ton th,2004,6.3
Agricultural Production Foodgrains Wheat Volume Assam,"Annual, Ending mar Of Each Year",Ton th,2004,73.0
Agricultural Production Foodgrains Wheat Volume Bihar,"Annual, Ending mar Of Each Year",Ton th,2004,3688.9
Agricultural Production Foodgrains Wheat Volume Chhattisgarh,"Annual, Ending mar Of Each Year",Ton th,2004,108.6
Agricultural Production Foodgrains Wheat Volume Gujarat,"Annual, Ending mar Of Each Year",Ton th,2004,2036.5
Agricultural Production Foodgrains Wheat Volume Haryana,"Annual, Ending mar Of Each Year",Ton th,2004,9114.0
Agricultural Production Foodgrains Wheat Volume Himachal Pradesh,"Annual, Ending mar Of Each Year",Ton th,2004,498.0
Agricultural Production Foodgrains Wheat Volume Jammu and Kashmir,"Annual, Ending mar Of Each Year",Ton th,2004,459.4
Agricultural Production Foodgrains Wheat Volume Jharkhand,"Annual, Ending mar Of Each Year",Ton th,2004,118.0
Agricultural Production Foodgrains Wheat Volume Karnataka,"Annual, Ending mar Of Each Year",Ton th,2004,96.2
Agricultural Production Foodgrains Wheat Volume Madhya Pradesh,"Annual, Ending mar Of Each Year",Ton th,2004,7364.6
Agricultural Production Foodgrains Wheat Volume Maharashtra,"Annual, Ending mar Of Each Year",Ton th,2004,778.0
Agricultural Production Foodgrains Wheat Volume Meghalaya,"Annual, Ending mar Of Each Year",Ton th,2004,1.5
Agricultural Production Foodgrains Wheat Volume Nagaland,"Annual, Ending mar Of Each Year",Ton th,2004,20.0
Agricultural Production Foodgrains Wheat Volume Orissa,"Annual, Ending mar Of Each Year",Ton th,2004,7.5
Agricultural Production Foodgrains Wheat Volume Punjab,"Annual, Ending mar Of Each Year",Ton th,2004,14489.0
Agricultural Production Foodgrains Wheat Volume Rajasthan,"Annual, Ending mar Of Each Year",Ton th,2004,5875.8
Agricultural Production Foodgrains Wheat Volume Sikkim,"Annual, Ending mar Of Each Year",Ton th,2004,8.1
Agricultural Production Foodgrains Wheat Volume Tamil Nadu,"Annual, Ending mar Of Each Year",Ton th,2004,0.0
Agricultural Production Foodgrains Wheat Volume Tripura,"Annual, Ending mar Of Each Year",Ton th,2004,5.1
Agricultural Production Foodgrains Wheat Volume Union Territories,"Annual, Ending mar Of Each Year",Ton th,2004,103.3
Agricultural Production Foodgrains Wheat Volume Uttar Pradesh,"Annual, Ending mar Of Each Year",Ton th,2004,25566.7
Agricultural Production Foodgrains Wheat Volume Uttaranchal,"Annual, Ending mar Of Each Year",Ton th,2004,745.0
Agricultural Production Foodgrains Wheat Volume West Bengal,"Annual, Ending mar Of Each Year",Ton th,2004,985.7
Agricultural Production Foodgrains Wheat Yield Assam,"Annual, Ending mar Of Each Year",kg/ha,2004,1043.0
Agricultural Production Foodgrains Wheat Yield Bihar,"Annual, Ending mar Of Each Year",kg/ha,2004,1776.0
Agricultural Production Foodgrains Wheat Yield Gujarat,"Annual, Ending mar Of Each Year",kg/ha,2004,2681.0
Agricultural Production Foodgrains Wheat Yield Haryana,"Annual, Ending mar Of Each Year",kg/ha,2004,3937.0
Agricultural Production Foodgrains Wheat Yield Himachal Pradesh,"Annual, Ending mar Of Each Year",kg/ha,2004,1380.0
Agricultural Production Foodgrains Wheat Yield Jammu and Kashmir,"Annual, Ending mar Of Each Year",kg/ha,2004,1804.0
Agricultural Production Foodgrains Wheat Yield Jharkhand,"Annual, Ending mar Of Each Year",kg/ha,2004,552.0
Agricultural Production Foodgrains Wheat Yield Karnataka,"Annual, Ending mar Of Each Year",kg/ha,2004,415.0
Agricultural Production Foodgrains Wheat Yield Madhya Pradesh,"Annual, Ending mar Of Each Year",kg/ha,2004,1800.0
Agricultural Production Foodgrains Wheat Yield Maharashtra,"Annual, Ending mar Of Each Year",kg/ha,2004,1170.0
Agricultural Production Foodgrains Wheat Yield Punjab,"Annual, Ending mar Of Each Year",kg/ha,2004,4207.0
Agricultural Production Foodgrains Wheat Yield Rajasthan,"Annual, Ending mar Of Each Year",kg/ha,2004,2794.0
Agricultural Production Foodgrains Wheat Yield Uttar Pradesh,"Annual, Ending mar Of Each Year",kg/ha,2004,2794.0
Agricultural Production Foodgrains Wheat Yield Uttaranchal,"Annual, Ending mar Of Each Year",kg/ha,2004,1877.0
Agricultural Production Foodgrains Wheat Yield West Bengal,"Annual, Ending mar Of Each Year",kg/ha,2004,2315.0
Agricultural Production Foodgrains Coarse Cereals Volume,"Annual, Ending mar Of Each Year",Ton mn,2004,37.6
Agricultural Production Foodgrains Coarse Cereals Area Andhra Pradesh,"Annual, Ending mar Of Each Year",ha mn,2004,1.64
Agricultural Production Foodgrains Coarse Cereals Area Bihar,"Annual, Ending mar Of Each Year",ha mn,2004,0.65
Agricultural Production Foodgrains Coarse Cereals Area Chhattisgarh,"Annual, Ending mar Of Each Year",ha mn,2004,0.37
Agricultural Production Foodgrains Coarse Cereals Area Gujarat,"Annual, Ending mar Of Each Year",ha mn,2004,1.77
Agricultural Production Foodgrains Coarse Cereals Area Haryana,"Annual, Ending mar Of Each Year",ha mn,2004,0.77
Agricultural Production Foodgrains Coarse Cereals Area Himachal Pradesh,"Annual, Ending mar Of Each Year",ha mn,2004,0.34
Agricultural Production Foodgrains Coarse Cereals Area Jammu and Kashmir,"Annual, Ending mar Of Each Year",ha mn,2004,0.35
Agricultural Production Foodgrains Coarse Cereals Area Jharkhand,"Annual, Ending mar Of Each Year",ha mn,2004,0.25
Agricultural Production Foodgrains Coarse Cereals Area Karnataka,"Annual, Ending mar Of Each Year",ha mn,2004,3.66
Agricultural Production Foodgrains Coarse Cereals Area Madhya Pradesh,"Annual, Ending mar Of Each Year",ha mn,2004,2.34
Agricultural Production Foodgrains Coarse Cereals Area Maharashtra,"Annual, Ending mar Of Each Year",ha mn,2004,6.49
Agricultural Production Foodgrains Coarse Cereals Area Orissa,"Annual, Ending mar Of Each Year",ha mn,2004,0.17
Agricultural Production Foodgrains Coarse Cereals Area Punjab,"Annual, Ending mar Of Each Year",ha mn,2004,0.19
Agricultural Production Foodgrains Coarse Cereals Area Rajasthan,"Annual, Ending mar Of Each Year",ha mn,2004,7.9
Agricultural Production Foodgrains Coarse Cereals Area Tamil Nadu,"Annual, Ending mar Of Each Year",ha mn,2004,0.95
Agricultural Production Foodgrains Coarse Cereals Area Uttar Pradesh,"Annual, Ending mar Of Each Year",ha mn,2004,2.39
Agricultural Production Foodgrains Coarse Cereals Area Uttaranchal,"Annual, Ending mar Of Each Year",ha mn,2004,0.3
Agricultural Production Foodgrains Coarse Cereals Area West Bengal,"Annual, Ending mar Of Each Year",ha mn,2004,0.06
Agricultural Production Foodgrains Coarse Cereals Area Others,"Annual, Ending mar Of Each Year",ha mn,2004,0.22
Agricultural Production Foodgrains Coarse Cereals Volume Andhra Pradesh,"Annual, Ending mar Of Each Year",Ton th,2004,3498.0
Agricultural Production Foodgrains Coarse Cereals Volume Arunachal Pradesh,"Annual, Ending mar Of Each Year",Ton th,2004,75.8
Agricultural Production Foodgrains Coarse Cereals Volume Assam,"Annual, Ending mar Of Each Year",Ton th,2004,18.0
Agricultural Production Foodgrains Coarse Cereals Volume Bihar,"Annual, Ending mar Of Each Year",Ton th,2004,1513.3
Agricultural Production Foodgrains Coarse Cereals Volume Chhattisgarh,"Annual, Ending mar Of Each Year",Ton th,2004,212.9
Agricultural Production Foodgrains Coarse Cereals Volume Goa,"Annual, Ending mar Of Each Year",Ton th,2004,1.2
Agricultural Production Foodgrains Coarse Cereals Volume Gujarat,"Annual, Ending mar Of Each Year",Ton th,2004,2635.4
Agricultural Production Foodgrains Coarse Cereals Volume Haryana,"Annual, Ending mar Of Each Year",Ton th,2004,1146.0
Agricultural Production Foodgrains Coarse Cereals Volume Himachal Pradesh,"Annual, Ending mar Of Each Year",Ton th,2004,771.8
Agricultural Production Foodgrains Coarse Cereals Volume Jammu and Kashmir,"Annual, Ending mar Of Each Year",Ton th,2004,552.7
Agricultural Production Foodgrains Coarse Cereals Volume Jharkhand,"Annual, Ending mar Of Each Year",Ton th,2004,342.0
Agricultural Production Foodgrains Coarse Cereals Volume Karnataka,"Annual, Ending mar Of Each Year",Ton th,2004,3346.4
Agricultural Production Foodgrains Coarse Cereals Volume Kerala,"Annual, Ending mar Of Each Year",Ton th,2004,4.0
Agricultural Production Foodgrains Coarse Cereals Volume Madhya Pradesh,"Annual, Ending mar Of Each Year",Ton th,2004,3353.8
Agricultural Production Foodgrains Coarse Cereals Volume Maharashtra,"Annual, Ending mar Of Each Year",Ton th,2004,4750.0
Agricultural Production Foodgrains Coarse Cereals Volume Manipur,"Annual, Ending mar Of Each Year",Ton th,2004,7.5
Agricultural Production Foodgrains Coarse Cereals Volume Meghalaya,"Annual, Ending mar Of Each Year",Ton th,2004,28.1
Agricultural Production Foodgrains Coarse Cereals Volume Mizoram,"Annual, Ending mar Of Each Year",Ton th,2004,20.3
Agricultural Production Foodgrains Coarse Cereals Volume Nagaland,"Annual, Ending mar Of Each Year",Ton th,2004,108.3
Agricultural Production Foodgrains Coarse Cereals Volume Orissa,"Annual, Ending mar Of Each Year",Ton th,2004,143.0
Agricultural Production Foodgrains Coarse Cereals Volume Punjab,"Annual, Ending mar Of Each Year",Ton th,2004,545.0
Agricultural Production Foodgrains Coarse Cereals Volume Rajasthan,"Annual, Ending mar Of Each Year",Ton th,2004,9674.8
Agricultural Production Foodgrains Coarse Cereals Volume Sikkim,"Annual, Ending mar Of Each Year",Ton th,2004,63.8
Agricultural Production Foodgrains Coarse Cereals Volume Tamil Nadu,"Annual, Ending mar Of Each Year",Ton th,2004,983.0
Agricultural Production Foodgrains Coarse Cereals Volume Tripura,"Annual, Ending mar Of Each Year",Ton th,2004,2.2
Agricultural Production Foodgrains Coarse Cereals Volume Union Territories,"Annual, Ending mar Of Each Year",Ton th,2004,13.0
Agricultural Production Foodgrains Coarse Cereals Volume Uttar Pradesh,"Annual, Ending mar Of Each Year",Ton th,2004,3260.7
Agricultural Production Foodgrains Coarse Cereals Volume Uttaranchal,"Annual, Ending mar Of Each Year",Ton th,2004,381.0
Agricultural Production Foodgrains Coarse Cereals Volume West Bengal,"Annual, Ending mar Of Each Year",Ton th,2004,150.0
Agricultural Production Foodgrains Coarse Cereals Yield Andhra Pradesh,"Annual, Ending mar Of Each Year",kg/ha,2004,2139.0
Agricultural Production Foodgrains Coarse Cereals Yield Bihar,"Annual, Ending mar Of Each Year",kg/ha,2004,2275.0
Agricultural Production Foodgrains Coarse Cereals Yield Chhattisgarh,"Annual, Ending mar Of Each Year",kg/ha,2004,618.0
Agricultural Production Foodgrains Coarse Cereals Yield Gujarat,"Annual, Ending mar Of Each Year",kg/ha,2004,1492.0
Agricultural Production Foodgrains Coarse Cereals Yield Haryana,"Annual, Ending mar Of Each Year",kg/ha,2004,1494.0
Agricultural Production Foodgrains Coarse Cereals Yield Himachal Pradesh,"Annual, Ending mar Of Each Year",kg/ha,2004,2298.0
Agricultural Production Foodgrains Coarse Cereals Yield Jammu and Kashmir,"Annual, Ending mar Of Each Year",kg/ha,2004,1557.0
Agricultural Production Foodgrains Coarse Cereals Yield Jharkhand,"Annual, Ending mar Of Each Year",kg/ha,2004,1390.0
Agricultural Production Foodgrains Coarse Cereals Yield Karnataka,"Annual, Ending mar Of Each Year",kg/ha,2004,943.0
Agricultural Production Foodgrains Coarse Cereals Yield Madhya Pradesh,"Annual, Ending mar Of Each Year",kg/ha,2004,1446.0
Agricultural Production Foodgrains Coarse Cereals Yield Maharashtra,"Annual, Ending mar Of Each Year",kg/ha,2004,797.0
Agricultural Production Foodgrains Coarse Cereals Yield Orissa,"Annual, Ending mar Of Each Year",kg/ha,2004,856.0
Agricultural Production Foodgrains Coarse Cereals Yield Punjab,"Annual, Ending mar Of Each Year",kg/ha,2004,2904.0
Agricultural Production Foodgrains Coarse Cereals Yield Rajasthan,"Annual, Ending mar Of Each Year",kg/ha,2004,1224.0
Agricultural Production Foodgrains Coarse Cereals Yield Tamil Nadu,"Annual, Ending mar Of Each Year",kg/ha,2004,1095.0
Agricultural Production Foodgrains Coarse Cereals Yield Uttar Pradesh,"Annual, Ending mar Of Each Year",kg/ha,2004,1366.0
Agricultural Production Foodgrains Coarse Cereals Yield Uttaranchal,"Annual, Ending mar Of Each Year",kg/ha,2004,1274.0
Agricultural Production Foodgrains Coarse Cereals Yield West Bengal,"Annual, Ending mar Of Each Year",kg/ha,2004,1905.0
Agricultural Production Foodgrains,"Annual, Ending mar Of Each Year",Ton mn,2005,198.36282
Agricultural Production Foodgrains Kharif,"Annual, Ending mar Of Each Year",Ton mn,2005,103.30942
Agricultural Production Foodgrains Rabi,"Annual, Ending mar Of Each Year",Ton mn,2005,95.0534
Agricultural Production Foodgrains Rice,"Annual, Ending mar Of Each Year",Ton mn,2005,83.1317
Agricultural Production Foodgrains Rice Kharif,"Annual, Ending mar Of Each Year",Ton mn,2005,72.23
Agricultural Production Foodgrains Rice Rabi,"Annual, Ending mar Of Each Year",Ton mn,2005,10.9017
Agricultural Production Foodgrains Wheat Rabi,"Annual, Ending mar Of Each Year",Ton mn,2005,68.6369
Agricultural Production Foodgrains Jowar,"Annual, Ending mar Of Each Year",Ton mn,2005,7.2443
Agricultural Production Foodgrains Jowar Kharif,"Annual, Ending mar Of Each Year",Ton mn,2005,4.0444
Agricultural Production Foodgrains Jowar Rabi,"Annual, Ending mar Of Each Year",Ton mn,2005,3.1999
Agricultural Production Foodgrains Bajra Kharif,"Annual, Ending mar Of Each Year",Ton mn,2005,7.9313
Agricultural Production Foodgrains Maize,"Annual, Ending mar Of Each Year",Ton mn,2005,14.172
Agricultural Production Foodgrains Maize Kharif,"Annual, Ending mar Of Each Year",Ton mn,2005,11.4764
Agricultural Production Foodgrains Maize Rabi,"Annual, Ending mar Of Each Year",Ton mn,2005,2.6956
Agricultural Production Foodgrains Ragi Kharif,"Annual, Ending mar Of Each Year",Ton mn,2005,2.4324
Agricultural Production Foodgrains Small Millets Kharif,"Annual, Ending mar Of Each Year",Ton mn,2005,0.47762
Agricultural Production Foodgrains Barley Rabi,"Annual, Ending mar Of Each Year",Ton mn,2005,1.2071
Agricultural Production Foodgrains Coarse Cereals,"Annual, Ending mar Of Each Year",Ton mn,2005,33.46472
Agricultural Production Foodgrains Coarse Cereals Kharif,"Annual, Ending mar Of Each Year",Ton mn,2005,26.36212
Agricultural Production Foodgrains Coarse Cereals Rabi,"Annual, Ending mar Of Each Year",Ton mn,2005,7.1026
Agricultural Production Foodgrains Cereals,"Annual, Ending mar Of Each Year",Ton mn,2005,185.23332
Agricultural Production Foodgrains Cereals Kharif,"Annual, Ending mar Of Each Year",Ton mn,2005,98.59212
Agricultural Production Foodgrains Cereals Rabi,"Annual, Ending mar Of Each Year",Ton mn,2005,86.6412
Agricultural Production Foodgrains Tur Kharif,"Annual, Ending mar Of Each Year",Ton mn,2005,2.3469
Agricultural Production Foodgrains Other Kharif Pulses Kharif,"Annual, Ending mar Of Each Year",Ton mn,2005,0.6118
Agricultural Production Foodgrains Gram Rabi,"Annual, Ending mar Of Each Year",Ton mn,2005,5.4694
Agricultural Production Foodgrains Other Kharif Pulses Rabi,"Annual, Ending mar Of Each Year",Ton mn,2005,2.317
Agricultural Production Foodgrains Pulses,"Annual, Ending mar Of Each Year",Ton mn,2005,13.1295
Agricultural Production Foodgrains Pulses Kharif,"Annual, Ending mar Of Each Year",Ton mn,2005,4.7173
Agricultural Production Foodgrains Pulses Rabi,"Annual, Ending mar Of Each Year",Ton mn,2005,8.4122
Agricultural Production Oilseeds,"Annual, Ending mar Of Each Year",Ton mn,2005,24.3535
Agricultural Production Oilseeds Kharif,"Annual, Ending mar Of Each Year",Ton mn,2005,14.1492
Agricultural Production Oilseeds Rabi,"Annual, Ending mar Of Each Year",Ton mn,2005,10.2043
Agricultural Production Oilseeds Groundnut,"Annual, Ending mar Of Each Year",Ton mn,2005,6.7744
Agricultural Production Oilseeds Groundnut Kharif,"Annual, Ending mar Of Each Year",Ton mn,2005,5.2621
Agricultural Production Oilseeds Groundnut Rabi,"Annual, Ending mar Of Each Year",Ton mn,2005,1.5123
Agricultural Production Oilseeds Castorseed Kharif,"Annual, Ending mar Of Each Year",Ton mn,2005,0.7934
Agricultural Production Oilseeds Sesamun Kharif,"Annual, Ending mar Of Each Year",Ton mn,2005,0.6741
Agricultural Production Oilseeds Nigerseed Kharif,"Annual, Ending mar Of Each Year",Ton mn,2005,0.1122
Agricultural Production Oilseeds Rapeseed and Mustard Rabi,"Annual, Ending mar Of Each Year",Ton mn,2005,7.5931
Agricultural Production Oilseeds Linseed Rabi,"Annual, Ending mar Of Each Year",Ton mn,2005,0.1697
Agricultural Production Oilseeds Safflower Rabi,"Annual, Ending mar Of Each Year",Ton mn,2005,0.1736
Agricultural Production Oilseeds Sunflower,"Annual, Ending mar Of Each Year",Ton mn,2005,1.1867
Agricultural Production Oilseeds Sunflower Kharif,"Annual, Ending mar Of Each Year",Ton mn,2005,0.4311
Agricultural Production Oilseeds Sunflower Rabi,"Annual, Ending mar Of Each Year",Ton mn,2005,0.7556
Agricultural Production Oilseeds Soyabean Kharif,"Annual, Ending mar Of Each Year",Ton mn,2005,6.8763
Agricultural Production Commercial Crops Cotton,"Annual, Ending mar Of Each Year",Bale mn,2005,16.4286
Agricultural Production Commercial Crops Jute,"Annual, Ending mar Of Each Year",Bale mn,2005,9.3993
Agricultural Production Commercial Crops Mesta,"Annual, Ending mar Of Each Year",Bale mn,2005,0.873
Agricultural Production Commercial Crops Jute and Mesta,"Annual, Ending mar Of Each Year",Bale mn,2005,10.2723
Agricultural Production Commercial Crops Sugarcane,"Annual, Ending mar Of Each Year",Ton mn,2005,237.0884
Agricultural Production Plantation Crops Potato,"Annual, Ending mar Of Each Year",Ton mn,2005,23.6
Agricultural Production Plantation Crops Onion,"Annual, Ending mar Of Each Year",Ton mn,2005,6.43
Agricultural Production Plantation Crops Tobacco,"Annual, Ending mar Of Each Year",Ton mn,2005,0.55
Agricultural Production Plantation Crops Coconut,"Annual, Ending mar Of Each Year",Unit mn,2005,12833.0
Agricultural Production Plantation Crops Cashewnut,"Annual, Ending mar Of Each Year",Ton mn,2005,0.544
Agricultural Production Major Crops Target Rice,"Annual, Ending mar Of Each Year",Ton mn,2005,93.5
Agricultural Production Major Crops Target Wheat,"Annual, Ending mar Of Each Year",Ton mn,2005,79.5
Agricultural Production Major Crops Target Coarse Cereals,"Annual, Ending mar Of Each Year",Ton mn,2005,36.8
Agricultural Production Major Crops Target Pulses,"Annual, Ending mar Of Each Year",Ton mn,2005,15.3
Agricultural Production Major Crops Target Foodgrains,"Annual, Ending mar Of Each Year",Ton mn,2005,225.1
Agricultural Production Major Crops Target Oilseeds,"Annual, Ending mar Of Each Year",Ton mn,2005,26.2
Agricultural Production Major Crops Target Sugarcane,"Annual, Ending mar Of Each Year",Ton mn,2005,270.0
Agricultural Production Major Crops Target Cotton,"Annual, Ending mar Of Each Year",Ton mn,2005,15.0
Agricultural Production Major Crops Target Jute and Mesta,"Annual, Ending mar Of Each Year",Ton mn,2005,11.8
Agricultural Production Major Crops Achievements Rice,"Annual, Ending mar Of Each Year",Ton mn,2005,83.13
Agricultural Production Major Crops Achievements Wheat,"Annual, Ending mar Of Each Year",Ton mn,2005,68.64
Agricultural Production Major Crops Achievements Coarse Cereals,"Annual, Ending mar Of Each Year",Ton mn,2005,33.46
Agricultural Production Major Crops Achievements Pulses,"Annual, Ending mar Of Each Year",Ton mn,2005,13.13
Agricultural Production Major Crops Achievements Foodgrains,"Annual, Ending mar Of Each Year",Ton mn,2005,198.36
Agricultural Production Major Crops Achievements Oilseeds,"Annual, Ending mar Of Each Year",Ton mn,2005,24.35
Agricultural Production Major Crops Achievements Sugarcane,"Annual, Ending mar Of Each Year",Ton mn,2005,237.09
Agricultural Production Major Crops Achievements Cotton,"Annual, Ending mar Of Each Year",Ton mn,2005,16.43
Agricultural Production Major Crops Achievements Jute and Mesta,"Annual, Ending mar Of Each Year",Ton mn,2005,10.27
Agricultural Production Area,"Annual, Ending mar Of Each Year",ha mn,2005,120.08
Agricultural Production Volume,"Annual, Ending mar Of Each Year",Ton mn,2005,198.36
Agricultural Production Yield,"Annual, Ending mar Of Each Year",kg/ha,2005,1652.0
Agricultural Production Kharif Area,"Annual, Ending mar Of Each Year",ha mn,2005,72.26
Agricultural Production Kharif Volume,"Annual, Ending mar Of Each Year",Ton mn,2005,103.31
Agricultural Production Kharif Yield,"Annual, Ending mar Of Each Year",kg/ha,2005,1430.0
Agricultural Production Rabi Area,"Annual, Ending mar Of Each Year",ha mn,2005,47.82
Agricultural Production Rabi Volume,"Annual, Ending mar Of Each Year",Ton mn,2005,95.05
Agricultural Production Rabi Yield,"Annual, Ending mar Of Each Year",kg/ha,2005,1988.0
Agriculture Production Foodgrains Area 5 Yr Avg Foodgrains Total,"Annual, Ending mar Of Each Year",ha mn,2005,120.8
Agriculture Production Foodgrains Area 5 Yr Avg Foodgrains Kharif,"Annual, Ending mar Of Each Year",ha mn,2005,73.3
Agriculture Production Foodgrains Area 5 Yr Avg Foodgrains Rabi,"Annual, Ending mar Of Each Year",ha mn,2005,47.5
Agriculture Production Foodgrains Area 5 Yr Avg Foodgrains Coarse Cereals Total,"Annual, Ending mar Of Each Year",ha mn,2005,29.4
Agriculture Production Foodgrains Area 5 Yr Avg Foodgrains Coarse Cereals Kharif,"Annual, Ending mar Of Each Year",ha mn,2005,22.9
Agriculture Production Foodgrains Area 5 Yr Avg Foodgrains Coarse Cereals Rabi,"Annual, Ending mar Of Each Year",ha mn,2005,6.5
Agriculture Production Foodgrains Area 5 Yr Avg Foodgrains Coarse Cereals Rice Total,"Annual, Ending mar Of Each Year",ha mn,2005,43.7
Agricultural Production Foodgrains Area 5 Yr Avg Foodgrains Coarse Cereals Rice Kharif,"Annual, Ending mar Of Each Year",ha mn,2005,39.9
Agriculture Production Foodgrains Area 5 Yr Avg Foodgrains Coarse Cereals Rice Rabi,"Annual, Ending mar Of Each Year",ha mn,2005,3.8
Agriculture Production Foodgrains Area 5 Yr Avg Foodgrains Coarse Cereals Wheat Rabi,"Annual, Ending mar Of Each Year",ha mn,2005,26.3
Agriculture Production Foodgrains Area 5 Yr Avg Foodgrains Coarse Cereals Jowar Total,"Annual, Ending mar Of Each Year",ha mn,2005,9.7
Agriculture Production Foodgrains Area 5 Yr Avg Foodgrains Coarse Cereals Jowar Kharif,"Annual, Ending mar Of Each Year",ha mn,2005,4.6
Agriculture Production Foodgrains Area 5 Yr Avg Foodgrains Coarse Cereals Jowar Rabi,"Annual, Ending mar Of Each Year",ha mn,2005,5.1
Agriculture Production Foodgrains Area 5 Yr Avg Foodgrains Coarse Cereals Bajra Kharif,"Annual, Ending mar Of Each Year",ha mn,2005,9.3
Agriculture Production Foodgrains Area 5 Yr Avg Foodgrains Coarse Cereals Maize Total,"Annual, Ending mar Of Each Year",ha mn,2005,6.7
Agriculture Production Foodgrains Area 5 Yr Avg Foodgrains Coarse Cereals Maize Kharif,"Annual, Ending mar Of Each Year",ha mn,2005,6.0
Agriculture Production Foodgrains Area 5 Yr Avg Foodgrains Coarse Cereals Maize Rabi,"Annual, Ending mar Of Each Year",ha mn,2005,0.7
Agriculture Production Foodgrains Area 5 Yr Avg Foodgrains Pulses Total,"Annual, Ending mar Of Each Year",ha mn,2005,21.5
Agriculture Production Foodgrains Area 5 Yr Avg Foodgrains Pulses Kharif,"Annual, Ending mar Of Each Year",ha mn,2005,10.6
Agriculture Production Foodgrains Area 5 Yr Avg Foodgrains Pulses Rabi,"Annual, Ending mar Of Each Year",ha mn,2005,10.9
Agriculture Production Foodgrains Area 5 Yr Avg Foodgrains Pulses Tur Kharif,"Annual, Ending mar Of Each Year",ha mn,2005,3.5
Agriculture Production Foodgrains Area 5 Yr Avg Foodgrains Pulses Gram Rabi,"Annual, Ending mar Of Each Year",ha mn,2005,6.2
Agriculture Production Foodgrains Area 5 Yr Avg Oilseeds Nine Oilseeds,"Annual, Ending mar Of Each Year",ha mn,2005,23.0
Agriculture Production Foodgrains Area 5 Yr Avg Oilseeds Nine Oilseeds Groundnut,"Annual, Ending mar Of Each Year",ha mn,2005,6.3
Agriculture Production Foodgrains Area 5 Yr Avg Oilseeds Nine Oilseeds Rapeseed and Mustard Rabi,"Annual, Ending mar Of Each Year",ha mn,2005,5.1
Agriculture Production Foodgrains Area 5 Yr Avg Oilseeds Nine Oilseeds Soyabean Kharif,"Annual, Ending mar Of Each Year",ha mn,2005,6.3
Agriculture Production Foodgrains Area 5 Yr Avg Oilseeds Nine Oilseeds Sunflower,"Annual, Ending mar Of Each Year",ha mn,2005,1.4
Agriculture Production Foodgrains Area 5 Yr Avg Other Cash Crops Cotton,"Annual, Ending mar Of Each Year",ha mn,2005,8.3
Agriculture Production Foodgrains Area 5 Yr Avg Other Cash Crops Jute and Mesta,"Annual, Ending mar Of Each Year",ha mn,2005,1.0
Agriculture Production Foodgrains Area 5 Yr Avg Other Cash Crops Onion,"Annual, Ending mar Of Each Year",ha mn,2005,0.5
Agriculture Production Foodgrains Area 5 Yr Avg Other Cash Crops Potato,"Annual, Ending mar Of Each Year",ha mn,2005,1.3
Agriculture Production Foodgrains Area 5 Yr Avg Other Cash Crops Sugarcane,"Annual, Ending mar Of Each Year",ha mn,2005,4.3
Agriculture Production Foodgrains Production Foodgrains Total,"Annual, Ending mar Of Each Year",Ton mn,2005,201.5
Agriculture Production Foodgrains Production Foodgrains Kharif,"Annual, Ending mar Of Each Year",Ton mn,2005,104.7
Agriculture Production Foodgrains Production Foodgrains Rabi,"Annual, Ending mar Of Each Year",Ton mn,2005,96.8
Agriculture Production Foodgrains Production Foodgrains Coarse Cereals Total,"Annual, Ending mar Of Each Year",Ton mn,2005,31.8
Agriculture Production Foodgrains Production Foodgrains Coarse Cereals Kharif,"Annual, Ending mar Of Each Year",Ton mn,2005,25.4
Agriculture Production Foodgrains Production Foodgrains Coarse Cereals Rabi,"Annual, Ending mar Of Each Year",Ton mn,2005,6.4
Agriculture Production Foodgrains Production Foodgrains Coarse Cereals Rice Total,"Annual, Ending mar Of Each Year",Ton mn,2005,85.6
Agricultural Production Foodgrains Production Foodgrains Coarse Cereals Rice Kharif,"Annual, Ending mar Of Each Year",Ton mn,2005,74.4
Agriculture Production Foodgrains Production Foodgrains Coarse Cereals Rice Rabi,"Annual, Ending mar Of Each Year",Ton mn,2005,11.2
Agriculture Production Foodgrains Production Foodgrains Coarse Cereals Wheat Rabi,"Annual, Ending mar Of Each Year",Ton mn,2005,71.3
Agriculture Production Foodgrains Production Foodgrains Coarse Cereals Jowar Total,"Annual, Ending mar Of Each Year",Ton mn,2005,7.6
Agriculture Production Foodgrains Production Foodgrains Coarse Cereals Jowar Kharif,"Annual, Ending mar Of Each Year",Ton mn,2005,4.5
Agriculture Production Foodgrains Production Foodgrains Coarse Cereals Jowar Rabi,"Annual, Ending mar Of Each Year",Ton mn,2005,3.0
Agriculture Production Foodgrains Production Foodgrains Coarse Cereals Bajra Kharif,"Annual, Ending mar Of Each Year",Ton mn,2005,7.5
Agriculture Production Foodgrains Production Foodgrains Coarse Cereals Maize Total,"Annual, Ending mar Of Each Year",Ton mn,2005,12.5
Agriculture Production Foodgrains Production Foodgrains Coarse Cereals Maize Kharif,"Annual, Ending mar Of Each Year",Ton mn,2005,10.6
Agriculture Production Foodgrains Production Foodgrains Coarse Cereals Maize Rabi,"Annual, Ending mar Of Each Year",Ton mn,2005,1.9
Agriculture Production Foodgrains Production Foodgrains Pulses Total,"Annual, Ending mar Of Each Year",Ton mn,2005,12.8
Agriculture Production Foodgrains Production Foodgrains Pulses Tur Kharif,"Annual, Ending mar Of Each Year",Ton mn,2005,2.4
Agriculture Production Foodgrains Production Foodgrains Pulses Gram Rabi,"Annual, Ending mar Of Each Year",Ton mn,2005,4.9
Agriculture Production Foodgrains Production Foodgrains Pulses Kharif,"Annual, Ending mar Of Each Year",Ton mn,2005,4.9
Agriculture Production Foodgrains Production Foodgrains Pulses Rabi,"Annual, Ending mar Of Each Year",Ton mn,2005,7.9
Agriculture Production Foodgrains Production Oilseeds Nine Oilseeds,"Annual, Ending mar Of Each Year",Ton mn,2005,20.0
Agriculture Production Foodgrains Production Oilseeds Nine Oilseeds Groundnut,"Annual, Ending mar Of Each Year",Ton mn,2005,6.2
Agriculture Production Foodgrains Production Oilseeds Nine Oilseeds Rapeseed and Mustard Rabi,"Annual, Ending mar Of Each Year",Ton mn,2005,5.0
Agriculture Production Foodgrains Production Oilseeds Nine Oilseeds Soyabean Kharif,"Annual, Ending mar Of Each Year",Ton mn,2005,6.2
Agriculture Production Foodgrains Production Oilseeds Nine Oilseeds Sunflower,"Annual, Ending mar Of Each Year",Ton mn,2005,0.8
Agriculture Production Foodgrains Production Other Cash Crops Cotton,"Annual, Ending mar Of Each Year",Ton mn,2005,10.7
Agriculture Production Foodgrains Production Other Cash Crops Jute and Mesta,"Annual, Ending mar Of Each Year",Ton mn,2005,11.1
Agriculture Production Foodgrains Production Other Cash Crops Onion,"Annual, Ending mar Of Each Year",Ton mn,2005,4.7
Agriculture Production Foodgrains Production Other Cash Crops Potato,"Annual, Ending mar Of Each Year",Ton mn,2005,23.5
Agriculture Production Foodgrains Production Other Cash Crops Sugarcane,"Annual, Ending mar Of Each Year",Ton mn,2005,283.4
Agriculture Production Foodgrains Yield Foodgrains Total,"Annual, Ending mar Of Each Year",kg/ha,2005,1668.0
Agriculture Production Foodgrains Yield Foodgrains Kharif,"Annual, Ending mar Of Each Year",kg/ha,2005,1429.0
Agriculture Production Foodgrains Yield Foodgrains Rabi,"Annual, Ending mar Of Each Year",kg/ha,2005,2036.0
Agriculture Production Foodgrains Yield Foodgrains Coarse Cereals Total,"Annual, Ending mar Of Each Year",kg/ha,2005,1082.0
Agriculture Production Foodgrains Yield Foodgrains Coarse Cereals Kharif,"Annual, Ending mar Of Each Year",kg/ha,2005,1113.0
Agriculture Production Foodgrains Yield Foodgrains Coarse Cereals Rabi,"Annual, Ending mar Of Each Year",kg/ha,2005,976.0
Agriculture Production Foodgrains Yield Foodgrains Coarse Cereals Rice Total,"Annual, Ending mar Of Each Year",kg/ha,2005,1960.0
Agricultural Production Foodgrains Yield Foodgrains Coarse Cereals Rice Kharif,"Annual, Ending mar Of Each Year",kg/ha,2005,1867.0
Agriculture Production Foodgrains Yield Foodgrains Coarse Cereals Rice Rabi,"Annual, Ending mar Of Each Year",kg/ha,2005,2932.0
Agriculture Production Foodgrains Yield Foodgrains Coarse Cereals Wheat Rabi,"Annual, Ending mar Of Each Year",kg/ha,2005,2716.0
Agriculture Production Foodgrains Yield Foodgrains Coarse Cereals Jowar Total,"Annual, Ending mar Of Each Year",kg/ha,2005,781.0
Agriculture Production Foodgrains Yield Foodgrains Coarse Cereals Jowar Kharif,"Annual, Ending mar Of Each Year",kg/ha,2005,995.0
Agriculture Production Foodgrains Yield Foodgrains Coarse Cereals Jowar Rabi,"Annual, Ending mar Of Each Year",kg/ha,2005,591.0
Agriculture Production Foodgrains Yield Foodgrains Coarse Cereals Bajra Kharif,"Annual, Ending mar Of Each Year",kg/ha,2005,809.0
Agriculture Production Foodgrains Yield Foodgrains Coarse Cereals Maize Total,"Annual, Ending mar Of Each Year",kg/ha,2005,1870.0
Agriculture Production Foodgrains Yield Foodgrains Coarse Cereals Maize Kharif,"Annual, Ending mar Of Each Year",kg/ha,2005,1761.0
Agriculture Production Foodgrains Yield Foodgrains Coarse Cereals Maize Rabi,"Annual, Ending mar Of Each Year",kg/ha,2005,2853.0
Agriculture Production Foodgrains Yield Foodgrains Pulses Total,"Annual, Ending mar Of Each Year",kg/ha,2005,595.0
Agriculture Production Foodgrains Yield Foodgrains Pulses Kharif,"Annual, Ending mar Of Each Year",kg/ha,2005,463.0
Agriculture Production Foodgrains Yield Foodgrains Pulses Rabi,"Annual, Ending mar Of Each Year",kg/ha,2005,723.0
Agriculture Production Foodgrains Yield Foodgrains Pulses Tur Kharif,"Annual, Ending mar Of Each Year",kg/ha,2005,681.0
Agriculture Production Foodgrains Yield Foodgrains Pulses Gram Rabi,"Annual, Ending mar Of Each Year",kg/ha,2005,795.0
Agriculture Production Foodgrains Yield Oilseeds Nine Oilseeds,"Annual, Ending mar Of Each Year",kg/ha,2005,870.0
Agriculture Production Foodgrains Yield Oilseeds Nine Oilseeds Groundnut,"Annual, Ending mar Of Each Year",kg/ha,2005,981.0
Agriculture Production Foodgrains Yield Oilseeds Nine Oilseeds Rapeseed and Mustard Rabi,"Annual, Ending mar Of Each Year",kg/ha,2005,985.0
Agriculture Production Foodgrains Yield Oilseeds Nine Oilseeds Soyabean Kharif,"Annual, Ending mar Of Each Year",kg/ha,2005,976.0
Agriculture Production Foodgrains Yield Oilseeds Nine Oilseeds Sunflower,"Annual, Ending mar Of Each Year",kg/ha,2005,541.0
Agriculture Production Foodgrains Yield Other Cash Crops Cotton,"Annual, Ending mar Of Each Year",kg/ha,2005,2108.0
Agriculture Production Foodgrains Yield Other Cash Crops Jute and Mesta,"Annual, Ending mar Of Each Year",kg/ha,2005,1938.0
Agriculture Production Foodgrains Yield Other Cash Crops Onion,"Annual, Ending mar Of Each Year",kg/ha,2005,10416.0
Agriculture Production Foodgrains Yield Other Cash Crops Potato,"Annual, Ending mar Of Each Year",kg/ha,2005,18386.0
Agriculture Production Foodgrains Yield Other Cash Crops Sugarcane,"Annual, Ending mar Of Each Year",kg/ha,2005,65945.0
(DC)Agricultural Coverage Under Irrigation,"Annual, Ending mar Of Each Year",%,2005,44.2
Agricultural Production Foodgrains Area Andhra Pradesh,"Annual, Ending mar Of Each Year",ha mn,2005,6.27
Agricultural Production Foodgrains Area Assam,"Annual, Ending mar Of Each Year",ha mn,2005,2.58
Agricultural Production Foodgrains Area Bihar,"Annual, Ending mar Of Each Year",ha mn,2005,6.46
Agricultural Production Foodgrains Area Chhattisgarh,"Annual, Ending mar Of Each Year",ha mn,2005,5.13
Agricultural Production Foodgrains Area Gujarat,"Annual, Ending mar Of Each Year",ha mn,2005,3.72
Agricultural Production Foodgrains Area Haryana,"Annual, Ending mar Of Each Year",ha mn,2005,4.24
Agricultural Production Foodgrains Area Jharkhand,"Annual, Ending mar Of Each Year",ha mn,2005,1.87
Agricultural Production Foodgrains Area Karnataka,"Annual, Ending mar Of Each Year",ha mn,2005,7.56
Agricultural Production Foodgrains Area Madhya Pradesh,"Annual, Ending mar Of Each Year",ha mn,2005,12.47
Agricultural Production Foodgrains Area Maharashtra,"Annual, Ending mar Of Each Year",ha mn,2005,12.61
Agricultural Production Foodgrains Area Orissa,"Annual, Ending mar Of Each Year",ha mn,2005,5.3
Agricultural Production Foodgrains Area Punjab,"Annual, Ending mar Of Each Year",ha mn,2005,6.35
Agricultural Production Foodgrains Area Rajasthan,"Annual, Ending mar Of Each Year",ha mn,2005,12.05
Agricultural Production Foodgrains Area Tamil Nadu,"Annual, Ending mar Of Each Year",ha mn,2005,3.3
Agricultural Production Foodgrains Area Uttar Pradesh,"Annual, Ending mar Of Each Year",ha mn,2005,19.29
Agricultural Production Foodgrains Area Uttaranchal,"Annual, Ending mar Of Each Year",ha mn,2005,1.04
Agricultural Production Foodgrains Area West Bengal,"Annual, Ending mar Of Each Year",ha mn,2005,6.48
Agricultural Production Foodgrains Area Others,"Annual, Ending mar Of Each Year",ha mn,2005,3.36
Agricultural Production Foodgrains Volume Andhra Pradesh,"Annual, Ending mar Of Each Year",Ton mn,2005,13.396
Agricultural Production Foodgrains Volume Assam,"Annual, Ending mar Of Each Year",Ton mn,2005,3.6182
Agricultural Production Foodgrains Volume Bihar,"Annual, Ending mar Of Each Year",Ton mn,2005,7.7044
Agricultural Production Foodgrains Volume Chhattisgarh,"Annual, Ending mar Of Each Year",Ton mn,2005,5.023
Agricultural Production Foodgrains Volume Gujarat,"Annual, Ending mar Of Each Year",Ton mn,2005,5.2575
Agricultural Production Foodgrains Volume Haryana,"Annual, Ending mar Of Each Year",Ton mn,2005,13.109
Agricultural Production Foodgrains Volume Jharkhand,"Annual, Ending mar Of Each Year",Ton mn,2005,2.3111
Agricultural Production Foodgrains Volume Karnataka,"Annual, Ending mar Of Each Year",Ton mn,2005,10.495
Agricultural Production Foodgrains Volume Madhya Pradesh,"Annual, Ending mar Of Each Year",Ton mn,2005,14.1048
Agricultural Production Foodgrains Volume Maharashtra,"Annual, Ending mar Of Each Year",Ton mn,2005,10.5407
Agricultural Production Foodgrains Volume Orissa,"Annual, Ending mar Of Each Year",Ton mn,2005,6.8897
Agricultural Production Foodgrains Volume Punjab,"Annual, Ending mar Of Each Year",Ton mn,2005,25.6707
Agricultural Production Foodgrains Volume Rajasthan,"Annual, Ending mar Of Each Year",Ton mn,2005,2.1508
Agricultural Production Foodgrains Volume Tamil Nadu,"Annual, Ending mar Of Each Year",Ton mn,2005,6.1758
Agricultural Production Foodgrains Volume Uttar Pradesh,"Annual, Ending mar Of Each Year",Ton mn,2005,37.8363
Agricultural Production Foodgrains Volume Uttaranchal,"Annual, Ending mar Of Each Year",Ton mn,2005,1.761
Agricultural Production Foodgrains Volume West Bengal,"Annual, Ending mar Of Each Year",Ton mn,2005,16.0554
Agricultural Production Foodgrains Volume Others,"Annual, Ending mar Of Each Year",Ton mn,2005,6.25
Agricultural Production Foodgrains Yield Andhra Pradesh,"Annual, Ending mar Of Each Year",kg/ha,2005,2138.0
Agricultural Production Foodgrains Yield Assam,"Annual, Ending mar Of Each Year",kg/ha,2005,1405.0
Agricultural Production Foodgrains Yield Bihar,"Annual, Ending mar Of Each Year",kg/ha,2005,1192.0
Agricultural Production Foodgrains Yield Chhattisgarh,"Annual, Ending mar Of Each Year",kg/ha,2005,979.0
Agricultural Production Foodgrains Yield Gujarat,"Annual, Ending mar Of Each Year",kg/ha,2005,1412.0
Agricultural Production Foodgrains Yield Haryana,"Annual, Ending mar Of Each Year",kg/ha,2005,3092.0
Agricultural Production Foodgrains Yield Jharkhand,"Annual, Ending mar Of Each Year",kg/ha,2005,1234.0
Agricultural Production Foodgrains Yield Karnataka,"Annual, Ending mar Of Each Year",kg/ha,2005,1388.0
Agricultural Production Foodgrains Yield Madhya Pradesh,"Annual, Ending mar Of Each Year",kg/ha,2005,1131.0
Agricultural Production Foodgrains Yield Maharashtra,"Annual, Ending mar Of Each Year",kg/ha,2005,836.0
Agricultural Production Foodgrains Yield Orissa,"Annual, Ending mar Of Each Year",kg/ha,2005,1300.0
Agricultural Production Foodgrains Yield Punjab,"Annual, Ending mar Of Each Year",kg/ha,2005,4040.0
Agricultural Production Foodgrains Yield Rajasthan,"Annual, Ending mar Of Each Year",kg/ha,2005,1008.0
Agricultural Production Foodgrains Yield Tamil Nadu,"Annual, Ending mar Of Each Year",kg/ha,2005,1874.0
Agricultural Production Foodgrains Yield Uttar Pradesh,"Annual, Ending mar Of Each Year",kg/ha,2005,1961.0
Agricultural Production Foodgrains Yield Uttaranchal,"Annual, Ending mar Of Each Year",kg/ha,2005,1697.0
Agricultural Production Foodgrains Yield West Bengal,"Annual, Ending mar Of Each Year",kg/ha,2005,2479.0
Agricultural Production Foodgrains Rice Area,"Annual, Ending mar Of Each Year",ha mn,2005,41.91
Agricultural Production Foodgrains Rice Volume,"Annual, Ending mar Of Each Year",Ton mn,2005,83.13
Agricultural Production Foodgrains Rice Yield,"Annual, Ending mar Of Each Year",kg/ha,2005,1984.0
Agricultural Production Foodgrains Rice Area Andhra Pradesh,"Annual, Ending mar Of Each Year",ha mn,2005,3.09
Agricultural Production Foodgrains Rice Area Assam,"Annual, Ending mar Of Each Year",ha mn,2005,2.38
Agricultural Production Foodgrains Rice Area Bihar,"Annual, Ending mar Of Each Year",ha mn,2005,3.12
Agricultural Production Foodgrains Rice Area Chhattisgarh,"Annual, Ending mar Of Each Year",ha mn,2005,3.75
Agricultural Production Foodgrains Rice Area Gujarat,"Annual, Ending mar Of Each Year",ha mn,2005,0.69
Agricultural Production Foodgrains Rice Area Haryana,"Annual, Ending mar Of Each Year",ha mn,2005,1.03
Agricultural Production Foodgrains Rice Area Jharkland,"Annual, Ending mar Of Each Year",ha mn,2005,1.29
Agricultural Production Foodgrains Rice Area Karnataka,"Annual, Ending mar Of Each Year",ha mn,2005,1.31
Agricultural Production Foodgrains Rice Area Kerala,"Annual, Ending mar Of Each Year",ha mn,2005,0.29
Agricultural Production Foodgrains Rice Area Madhya Pradesh,"Annual, Ending mar Of Each Year",ha mn,2005,1.62
Agricultural Production Foodgrains Rice Area Maharashtra,"Annual, Ending mar Of Each Year",ha mn,2005,1.52
Agricultural Production Foodgrains Rice Area Orissa,"Annual, Ending mar Of Each Year",ha mn,2005,4.47
Agricultural Production Foodgrains Rice Area Punjab,"Annual, Ending mar Of Each Year",ha mn,2005,2.65
Agricultural Production Foodgrains Rice Area Tamil Nadu,"Annual, Ending mar Of Each Year",ha mn,2005,1.87
Agricultural Production Foodgrains Rice Area Uttar Pradesh,"Annual, Ending mar Of Each Year",ha mn,2005,5.34
Agricultural Production Foodgrains Rice Area West Bengal,"Annual, Ending mar Of Each Year",ha mn,2005,5.78
Agricultural Production Foodgrains Rice Area Others,"Annual, Ending mar Of Each Year",ha mn,2005,1.71
Agricultural Production Foodgrains Rice Volume Andhra Pradesh,"Annual, Ending mar Of Each Year",Ton th,2005,9601.0
Agricultural Production Foodgrains Rice Volume Arunachal Pradesh,"Annual, Ending mar Of Each Year",Ton th,2005,135.0
Agricultural Production Foodgrains Rice Volume Assam,"Annual, Ending mar Of Each Year",Ton th,2005,3470.7
Agricultural Production Foodgrains Rice Volume Bihar,"Annual, Ending mar Of Each Year",Ton th,2005,2472.2
Agricultural Production Foodgrains Rice Volume Chhattisgarh,"Annual, Ending mar Of Each Year",Ton th,2005,4383.3
Agricultural Production Foodgrains Rice Volume Goa,"Annual, Ending mar Of Each Year",Ton th,2005,145.2
Agricultural Production Foodgrains Rice Volume Gujarat,"Annual, Ending mar Of Each Year",Ton th,2005,1238.2
Agricultural Production Foodgrains Rice Volume Haryana,"Annual, Ending mar Of Each Year",Ton th,2005,3023.0
Agricultural Production Foodgrains Rice Volume Himachal Pradesh,"Annual, Ending mar Of Each Year",Ton th,2005,122.0
Agricultural Production Foodgrains Rice Volume Jammu and Kashmir,"Annual, Ending mar Of Each Year",Ton th,2005,492.2
Agricultural Production Foodgrains Rice Volume Jharkhand,"Annual, Ending mar Of Each Year",Ton th,2005,1677.0
Agricultural Production Foodgrains Rice Volume Karnataka,"Annual, Ending mar Of Each Year",Ton th,2005,3547.0
Agricultural Production Foodgrains Rice Volume Kerala,"Annual, Ending mar Of Each Year",Ton th,2005,667.1
Agricultural Production Foodgrains Rice Volume Madhya Pradesh,"Annual, Ending mar Of Each Year",Ton th,2005,1169.0
Agricultural Production Foodgrains Rice Volume Maharashtra,"Annual, Ending mar Of Each Year",Ton th,2005,2164.0
Agricultural Production Foodgrains Rice Volume Manipur,"Annual, Ending mar Of Each Year",Ton th,2005,435.9
Agricultural Production Foodgrains Rice Volume Meghalaya,"Annual, Ending mar Of Each Year",Ton th,2005,193.7
Agricultural Production Foodgrains Rice Volume Mizoram,"Annual, Ending mar Of Each Year",Ton th,2005,104.1
Agricultural Production Foodgrains Rice Volume Nagaland,"Annual, Ending mar Of Each Year",Ton th,2005,259.8
Agricultural Production Foodgrains Rice Volume Orissa,"Annual, Ending mar Of Each Year",Ton th,2005,6466.0
Agricultural Production Foodgrains Rice Volume Punjab,"Annual, Ending mar Of Each Year",Ton th,2005,10437.0
Agricultural Production Foodgrains Rice Volume Rajasthan,"Annual, Ending mar Of Each Year",Ton th,2005,150.4
Agricultural Production Foodgrains Rice Volume Sikkim,"Annual, Ending mar Of Each Year",Ton th,2005,21.6
Agricultural Production Foodgrains Rice Volume Tamil Nadu,"Annual, Ending mar Of Each Year",Ton th,2005,5062.2
Agricultural Production Foodgrains Rice Volume Tripura,"Annual, Ending mar Of Each Year",Ton th,2005,545.1
Agricultural Production Foodgrains Rice Volume Union Territories,"Annual, Ending mar Of Each Year",Ton th,2005,136.6
Agricultural Production Foodgrains Rice Volume Uttar Pradesh,"Annual, Ending mar Of Each Year",Ton th,2005,9555.6
Agricultural Production Foodgrains Rice Volume Uttaranchal,"Annual, Ending mar Of Each Year",Ton th,2005,572.0
Agricultural Production Foodgrains Rice Volume West Bengal,"Annual, Ending mar Of Each Year",Ton th,2005,14884.8
Agricultural Production Foodgrains Rice Yield Andhra Pradesh,"Annual, Ending mar Of Each Year",kg/ha,2005,3111.0
Agricultural Production Foodgrains Rice Yield Assam,"Annual, Ending mar Of Each Year",kg/ha,2005,1460.0
Agricultural Production Foodgrains Rice Yield Bihar,"Annual, Ending mar Of Each Year",kg/ha,2005,792.0
Agricultural Production Foodgrains Rice Yield Chhattisgarh,"Annual, Ending mar Of Each Year",kg/ha,2005,1170.0
Agricultural Production Foodgrains Rice Yield Gujarat,"Annual, Ending mar Of Each Year",kg/ha,2005,1806.0
Agricultural Production Foodgrains Rice Yield Haryana,"Annual, Ending mar Of Each Year",kg/ha,2005,2941.0
Agricultural Production Foodgrains Rice Yield Jharkland,"Annual, Ending mar Of Each Year",kg/ha,2005,1305.0
Agricultural Production Foodgrains Rice Yield Karnataka,"Annual, Ending mar Of Each Year",kg/ha,2005,2712.0
Agricultural Production Foodgrains Rice Yield Kerala,"Annual, Ending mar Of Each Year",kg/ha,2005,2301.0
Agricultural Production Foodgrains Rice Yield Madhya Pradesh,"Annual, Ending mar Of Each Year",kg/ha,2005,720.0
Agricultural Production Foodgrains Rice Yield Maharashtra,"Annual, Ending mar Of Each Year",kg/ha,2005,1425.0
Agricultural Production Foodgrains Rice Yield Orissa,"Annual, Ending mar Of Each Year",kg/ha,2005,1446.0
Agricultural Production Foodgrains Rice Yield Punjab,"Annual, Ending mar Of Each Year",kg/ha,2005,3943.0
Agricultural Production Foodgrains Rice Yield Tamil Nadu,"Annual, Ending mar Of Each Year",kg/ha,2005,2703.0
Agricultural Production Foodgrains Rice Yield Uttar Pradesh,"Annual, Ending mar Of Each Year",kg/ha,2005,1790.0
Agricultural Production Foodgrains Rice Yield West Bengal,"Annual, Ending mar Of Each Year",kg/ha,2005,2574.0
Agricultural Production Foodgrains Wheat Area,"Annual, Ending mar Of Each Year",ha mn,2005,26.38
Agricultural Production Foodgrains Wheat Volume,"Annual, Ending mar Of Each Year",Ton mn,2005,68.64
Agricultural Production Foodgrains Wheat Yield,"Annual, Ending mar Of Each Year",kg/ha,2005,2602.0
Agricultural Production Foodgrains Wheat Area Assam,"Annual, Ending mar Of Each Year",ha mn,2005,0.06
Agricultural Production Foodgrains Wheat Area Bihar,"Annual, Ending mar Of Each Year",ha mn,2005,2.03
Agricultural Production Foodgrains Wheat Area Gujarat,"Annual, Ending mar Of Each Year",ha mn,2005,0.73
Agricultural Production Foodgrains Wheat Area Haryana,"Annual, Ending mar Of Each Year",ha mn,2005,2.32
Agricultural Production Foodgrains Wheat Area Himachal Pradesh,"Annual, Ending mar Of Each Year",ha mn,2005,0.36
Agricultural Production Foodgrains Wheat Area Jammu and Kashmir,"Annual, Ending mar Of Each Year",ha mn,2005,0.25
Agricultural Production Foodgrains Wheat Area Jharkhand,"Annual, Ending mar Of Each Year",ha mn,2005,0.06
Agricultural Production Foodgrains Wheat Area Karnataka,"Annual, Ending mar Of Each Year",ha mn,2005,0.24
Agricultural Production Foodgrains Wheat Area Madhya Pradesh,"Annual, Ending mar Of Each Year",ha mn,2005,4.14
Agricultural Production Foodgrains Wheat Area Maharashtra,"Annual, Ending mar Of Each Year",ha mn,2005,0.76
Agricultural Production Foodgrains Wheat Area Punjab,"Annual, Ending mar Of Each Year",ha mn,2005,3.48
Agricultural Production Foodgrains Wheat Area Rajasthan,"Annual, Ending mar Of Each Year",ha mn,2005,2.01
Agricultural Production Foodgrains Wheat Area Uttar Pradesh,"Annual, Ending mar Of Each Year",ha mn,2005,9.0
Agricultural Production Foodgrains Wheat Area Uttaranchal,"Annual, Ending mar Of Each Year",ha mn,2005,0.39
Agricultural Production Foodgrains Wheat Area West Bengal,"Annual, Ending mar Of Each Year",ha mn,2005,0.4
Agricultural Production Foodgrains Wheat Area Others,"Annual, Ending mar Of Each Year",ha mn,2005,0.15
Agricultural Production Foodgrains Wheat Volume Arunachal Pradesh,"Annual, Ending mar Of Each Year",Ton th,2005,8.7
Agricultural Production Foodgrains Wheat Volume Assam,"Annual, Ending mar Of Each Year",Ton th,2005,68.1
Agricultural Production Foodgrains Wheat Volume Bihar,"Annual, Ending mar Of Each Year",Ton th,2005,3263.4
Agricultural Production Foodgrains Wheat Volume Chhattisgarh,"Annual, Ending mar Of Each Year",Ton th,2005,82.4
Agricultural Production Foodgrains Wheat Volume Gujarat,"Annual, Ending mar Of Each Year",Ton th,2005,1805.5
Agricultural Production Foodgrains Wheat Volume Haryana,"Annual, Ending mar Of Each Year",Ton th,2005,9058.0
Agricultural Production Foodgrains Wheat Volume Himachal Pradesh,"Annual, Ending mar Of Each Year",Ton th,2005,684.0
Agricultural Production Foodgrains Wheat Volume Jammu and Kashmir,"Annual, Ending mar Of Each Year",Ton th,2005,474.4
Agricultural Production Foodgrains Wheat Volume Jharkhand,"Annual, Ending mar Of Each Year",Ton th,2005,150.0
Agricultural Production Foodgrains Wheat Volume Karnataka,"Annual, Ending mar Of Each Year",Ton th,2005,179.0
Agricultural Production Foodgrains Wheat Volume Madhya Pradesh,"Annual, Ending mar Of Each Year",Ton th,2005,7176.6
Agricultural Production Foodgrains Wheat Volume Maharashtra,"Annual, Ending mar Of Each Year",Ton th,2005,1016.0
Agricultural Production Foodgrains Wheat Volume Meghalaya,"Annual, Ending mar Of Each Year",Ton th,2005,1.6
Agricultural Production Foodgrains Wheat Volume Nagaland,"Annual, Ending mar Of Each Year",Ton th,2005,13.0
Agricultural Production Foodgrains Wheat Volume Orissa,"Annual, Ending mar Of Each Year",Ton th,2005,5.0
Agricultural Production Foodgrains Wheat Volume Punjab,"Annual, Ending mar Of Each Year",Ton th,2005,14698.0
Agricultural Production Foodgrains Wheat Volume Rajasthan,"Annual, Ending mar Of Each Year",Ton th,2005,5706.6
Agricultural Production Foodgrains Wheat Volume Sikkim,"Annual, Ending mar Of Each Year",Ton th,2005,8.3
Agricultural Production Foodgrains Wheat Volume Tamil Nadu,"Annual, Ending mar Of Each Year",Ton th,2005,0.0
Agricultural Production Foodgrains Wheat Volume Tripura,"Annual, Ending mar Of Each Year",Ton th,2005,2.8
Agricultural Production Foodgrains Wheat Volume Union Territories,"Annual, Ending mar Of Each Year",Ton th,2005,72.1
Agricultural Production Foodgrains Wheat Volume Uttar Pradesh,"Annual, Ending mar Of Each Year",Ton th,2005,22513.9
Agricultural Production Foodgrains Wheat Volume Uttaranchal,"Annual, Ending mar Of Each Year",Ton th,2005,803.0
Agricultural Production Foodgrains Wheat Volume West Bengal,"Annual, Ending mar Of Each Year",Ton th,2005,841.5
Agricultural Production Foodgrains Wheat Yield Assam,"Annual, Ending mar Of Each Year",kg/ha,2005,1066.0
Agricultural Production Foodgrains Wheat Yield Bihar,"Annual, Ending mar Of Each Year",kg/ha,2005,1609.0
Agricultural Production Foodgrains Wheat Yield Gujarat,"Annual, Ending mar Of Each Year",kg/ha,2005,2482.0
Agricultural Production Foodgrains Wheat Yield Haryana,"Annual, Ending mar Of Each Year",kg/ha,2005,3901.0
Agricultural Production Foodgrains Wheat Yield Himachal Pradesh,"Annual, Ending mar Of Each Year",kg/ha,2005,1890.0
Agricultural Production Foodgrains Wheat Yield Jammu and Kashmir,"Annual, Ending mar Of Each Year",kg/ha,2005,1910.0
Agricultural Production Foodgrains Wheat Yield Jharkhand,"Annual, Ending mar Of Each Year",kg/ha,2005,2381.0
Agricultural Production Foodgrains Wheat Yield Karnataka,"Annual, Ending mar Of Each Year",kg/ha,2005,740.0
Agricultural Production Foodgrains Wheat Yield Madhya Pradesh,"Annual, Ending mar Of Each Year",kg/ha,2005,1735.0
Agricultural Production Foodgrains Wheat Yield Maharashtra,"Annual, Ending mar Of Each Year",kg/ha,2005,1344.0
Agricultural Production Foodgrains Wheat Yield Punjab,"Annual, Ending mar Of Each Year",kg/ha,2005,4221.0
Agricultural Production Foodgrains Wheat Yield Rajasthan,"Annual, Ending mar Of Each Year",kg/ha,2005,2839.0
Agricultural Production Foodgrains Wheat Yield Uttar Pradesh,"Annual, Ending mar Of Each Year",kg/ha,2005,2502.0
Agricultural Production Foodgrains Wheat Yield Uttaranchal,"Annual, Ending mar Of Each Year",kg/ha,2005,2038.0
Agricultural Production Foodgrains Wheat Yield West Bengal,"Annual, Ending mar Of Each Year",kg/ha,2005,2103.0
Agricultural Production Foodgrains Coarse Cereals Area,"Annual, Ending mar Of Each Year",ha mn,2005,29.03
Agricultural Production Foodgrains Coarse Cereals Volume,"Annual, Ending mar Of Each Year",Ton mn,2005,33.47
Agricultural Production Foodgrains Coarse Cereals Yield,"Annual, Ending mar Of Each Year",kg/ha,2005,1153.0
Agricultural Production Foodgrains Coarse Cereals Area Andhra Pradesh,"Annual, Ending mar Of Each Year",ha mn,2005,1.37
Agricultural Production Foodgrains Coarse Cereals Area Bihar,"Annual, Ending mar Of Each Year",ha mn,2005,0.66
Agricultural Production Foodgrains Coarse Cereals Area Chhattisgarh,"Annual, Ending mar Of Each Year",ha mn,2005,0.35
Agricultural Production Foodgrains Coarse Cereals Area Gujarat,"Annual, Ending mar Of Each Year",ha mn,2005,1.6
Agricultural Production Foodgrains Coarse Cereals Area Haryana,"Annual, Ending mar Of Each Year",ha mn,2005,0.71
Agricultural Production Foodgrains Coarse Cereals Area Himachal Pradesh,"Annual, Ending mar Of Each Year",ha mn,2005,0.36
Agricultural Production Foodgrains Coarse Cereals Area Jammu and Kashmir,"Annual, Ending mar Of Each Year",ha mn,2005,0.36
Agricultural Production Foodgrains Coarse Cereals Area Jharkhand,"Annual, Ending mar Of Each Year",ha mn,2005,0.25
Agricultural Production Foodgrains Coarse Cereals Area Karnataka,"Annual, Ending mar Of Each Year",ha mn,2005,3.91
Agricultural Production Foodgrains Coarse Cereals Area Madhya Pradesh,"Annual, Ending mar Of Each Year",ha mn,2005,2.19
Agricultural Production Foodgrains Coarse Cereals Area Maharashtra,"Annual, Ending mar Of Each Year",ha mn,2005,6.95
Agricultural Production Foodgrains Coarse Cereals Area Orissa,"Annual, Ending mar Of Each Year",ha mn,2005,0.18
Agricultural Production Foodgrains Coarse Cereals Area Punjab,"Annual, Ending mar Of Each Year",ha mn,2005,0.19
Agricultural Production Foodgrains Coarse Cereals Area Rajasthan,"Annual, Ending mar Of Each Year",ha mn,2005,6.37
Agricultural Production Foodgrains Coarse Cereals Area Tamil Nadu,"Annual, Ending mar Of Each Year",ha mn,2005,0.82
Agricultural Production Foodgrains Coarse Cereals Area Uttar Pradesh,"Annual, Ending mar Of Each Year",ha mn,2005,2.15
Agricultural Production Foodgrains Coarse Cereals Area Uttaranchal,"Annual, Ending mar Of Each Year",ha mn,2005,0.29
Agricultural Production Foodgrains Coarse Cereals Area West Bengal,"Annual, Ending mar Of Each Year",ha mn,2005,0.07
Agricultural Production Foodgrains Coarse Cereals Area Others,"Annual, Ending mar Of Each Year",ha mn,2005,0.25
Agricultural Production Foodgrains Coarse Cereals Volume Andhra Pradesh,"Annual, Ending mar Of Each Year",Ton th,2005,2771.0
Agricultural Production Foodgrains Coarse Cereals Volume Arunachal Pradesh,"Annual, Ending mar Of Each Year",Ton th,2005,76.4
Agricultural Production Foodgrains Coarse Cereals Volume Assam,"Annual, Ending mar Of Each Year",Ton th,2005,18.0
Agricultural Production Foodgrains Coarse Cereals Volume Bihar,"Annual, Ending mar Of Each Year",Ton th,2005,1501.9
Agricultural Production Foodgrains Coarse Cereals Volume Chhattisgarh,"Annual, Ending mar Of Each Year",Ton th,2005,189.5
Agricultural Production Foodgrains Coarse Cereals Volume Goa,"Annual, Ending mar Of Each Year",Ton th,2005,1.1
Agricultural Production Foodgrains Coarse Cereals Volume Gujarat,"Annual, Ending mar Of Each Year",Ton th,2005,1734.5
Agricultural Production Foodgrains Coarse Cereals Volume Haryana,"Annual, Ending mar Of Each Year",Ton th,2005,882.0
Agricultural Production Foodgrains Coarse Cereals Volume Himachal Pradesh,"Annual, Ending mar Of Each Year",Ton th,2005,788.2
Agricultural Production Foodgrains Coarse Cereals Volume Jammu and Kashmir,"Annual, Ending mar Of Each Year",Ton th,2005,517.3
Agricultural Production Foodgrains Coarse Cereals Volume Jharkhand,"Annual, Ending mar Of Each Year",Ton th,2005,324.1
Agricultural Production Foodgrains Coarse Cereals Volume Karnataka,"Annual, Ending mar Of Each Year",Ton th,2005,5977.0
Agricultural Production Foodgrains Coarse Cereals Volume Kerala,"Annual, Ending mar Of Each Year",Ton th,2005,0.9
Agricultural Production Foodgrains Coarse Cereals Volume Madhya Pradesh,"Annual, Ending mar Of Each Year",Ton th,2005,2330.0
Agricultural Production Foodgrains Coarse Cereals Volume Maharashtra,"Annual, Ending mar Of Each Year",Ton th,2005,5696.7
Agricultural Production Foodgrains Coarse Cereals Volume Manipur,"Annual, Ending mar Of Each Year",Ton th,2005,8.9
Agricultural Production Foodgrains Coarse Cereals Volume Meghalaya,"Annual, Ending mar Of Each Year",Ton th,2005,26.3
Agricultural Production Foodgrains Coarse Cereals Volume Mizoram,"Annual, Ending mar Of Each Year",Ton th,2005,15.7
Agricultural Production Foodgrains Coarse Cereals Volume Nagaland,"Annual, Ending mar Of Each Year",Ton th,2005,105.5
Agricultural Production Foodgrains Coarse Cereals Volume Orissa,"Annual, Ending mar Of Each Year",Ton th,2005,169.1
Agricultural Production Foodgrains Coarse Cereals Volume Punjab,"Annual, Ending mar Of Each Year",Ton th,2005,504.0
Agricultural Production Foodgrains Coarse Cereals Volume Rajasthan,"Annual, Ending mar Of Each Year",Ton th,2005,4956.4
Agricultural Production Foodgrains Coarse Cereals Volume Sikkim,"Annual, Ending mar Of Each Year",Ton th,2005,67.4
Agricultural Production Foodgrains Coarse Cereals Volume Tamil Nadu,"Annual, Ending mar Of Each Year",Ton th,2005,868.0
Agricultural Production Foodgrains Coarse Cereals Volume Tripura,"Annual, Ending mar Of Each Year",Ton th,2005,3.0
Agricultural Production Foodgrains Coarse Cereals Volume Union Territories,"Annual, Ending mar Of Each Year",Ton th,2005,20.0
Agricultural Production Foodgrains Coarse Cereals Volume Uttar Pradesh,"Annual, Ending mar Of Each Year",Ton th,2005,3391.8
Agricultural Production Foodgrains Coarse Cereals Volume Uttaranchal,"Annual, Ending mar Of Each Year",Ton th,2005,358.0
Agricultural Production Foodgrains Coarse Cereals Volume West Bengal,"Annual, Ending mar Of Each Year",Ton th,2005,162.0
Agricultural Production Foodgrains Coarse Cereals Yield Andhra Pradesh,"Annual, Ending mar Of Each Year",kg/ha,2005,2026.0
Agricultural Production Foodgrains Coarse Cereals Yield Bihar,"Annual, Ending mar Of Each Year",kg/ha,2005,2293.0
Agricultural Production Foodgrains Coarse Cereals Yield Chhattisgarh,"Annual, Ending mar Of Each Year",kg/ha,2005,535.0
Agricultural Production Foodgrains Coarse Cereals Yield Gujarat,"Annual, Ending mar Of Each Year",kg/ha,2005,1083.0
Agricultural Production Foodgrains Coarse Cereals Yield Haryana,"Annual, Ending mar Of Each Year",kg/ha,2005,1249.0
Agricultural Production Foodgrains Coarse Cereals Yield Himachal Pradesh,"Annual, Ending mar Of Each Year",kg/ha,2005,2170.0
Agricultural Production Foodgrains Coarse Cereals Yield Jammu and Kashmir,"Annual, Ending mar Of Each Year",kg/ha,2005,1437.0
Agricultural Production Foodgrains Coarse Cereals Yield Jharkhand,"Annual, Ending mar Of Each Year",kg/ha,2005,1291.0
Agricultural Production Foodgrains Coarse Cereals Yield Karnataka,"Annual, Ending mar Of Each Year",kg/ha,2005,1530.0
Agricultural Production Foodgrains Coarse Cereals Yield Madhya Pradesh,"Annual, Ending mar Of Each Year",kg/ha,2005,1062.0
Agricultural Production Foodgrains Coarse Cereals Yield Maharashtra,"Annual, Ending mar Of Each Year",kg/ha,2005,820.0
Agricultural Production Foodgrains Coarse Cereals Yield Orissa,"Annual, Ending mar Of Each Year",kg/ha,2005,933.0
Agricultural Production Foodgrains Coarse Cereals Yield Punjab,"Annual, Ending mar Of Each Year",kg/ha,2005,2714.0
Agricultural Production Foodgrains Coarse Cereals Yield Rajasthan,"Annual, Ending mar Of Each Year",kg/ha,2005,778.0
Agricultural Production Foodgrains Coarse Cereals Yield Tamil Nadu,"Annual, Ending mar Of Each Year",kg/ha,2005,1054.0
Agricultural Production Foodgrains Coarse Cereals Yield Uttar Pradesh,"Annual, Ending mar Of Each Year",kg/ha,2005,1577.0
Agricultural Production Foodgrains Coarse Cereals Yield Uttaranchal,"Annual, Ending mar Of Each Year",kg/ha,2005,1222.0
Agricultural Production Foodgrains Coarse Cereals Yield West Bengal,"Annual, Ending mar Of Each Year",kg/ha,2005,2443.0
Agricultural Production Foodgrains,"Annual, Ending mar Of Each Year",Ton mn,2006,208.6016
Agricultural Production Foodgrains Kharif,"Annual, Ending mar Of Each Year",Ton mn,2006,109.8734
Agricultural Production Foodgrains Rabi,"Annual, Ending mar Of Each Year",Ton mn,2006,98.7282
Agricultural Production Foodgrains Rice,"Annual, Ending mar Of Each Year",Ton mn,2006,91.7934
Agricultural Production Foodgrains Rice Kharif,"Annual, Ending mar Of Each Year",Ton mn,2006,78.2719
Agricultural Production Foodgrains Rice Rabi,"Annual, Ending mar Of Each Year",Ton mn,2006,13.5215
Agricultural Production Foodgrains Wheat Rabi,"Annual, Ending mar Of Each Year",Ton mn,2006,69.3545
Agricultural Production Foodgrains Jowar,"Annual, Ending mar Of Each Year",Ton mn,2006,7.6296
Agricultural Production Foodgrains Jowar Kharif,"Annual, Ending mar Of Each Year",Ton mn,2006,4.0716
Agricultural Production Foodgrains Jowar Rabi,"Annual, Ending mar Of Each Year",Ton mn,2006,3.558
Agricultural Production Foodgrains Bajra Kharif,"Annual, Ending mar Of Each Year",Ton mn,2006,7.684
Agricultural Production Foodgrains Maize,"Annual, Ending mar Of Each Year",Ton mn,2006,14.7099
Agricultural Production Foodgrains Maize Kharif,"Annual, Ending mar Of Each Year",Ton mn,2006,12.1559
Agricultural Production Foodgrains Maize Rabi,"Annual, Ending mar Of Each Year",Ton mn,2006,2.554
Agricultural Production Foodgrains Ragi Kharif,"Annual, Ending mar Of Each Year",Ton mn,2006,2.3536
Agricultural Production Foodgrains Small Millets Kharif,"Annual, Ending mar Of Each Year",Ton mn,2006,0.4716
Agricultural Production Foodgrains Barley Rabi,"Annual, Ending mar Of Each Year",Ton mn,2006,1.2206
Agricultural Production Foodgrains Coarse Cereals,"Annual, Ending mar Of Each Year",Ton mn,2006,34.0693
Agricultural Production Foodgrains Coarse Cereals Kharif,"Annual, Ending mar Of Each Year",Ton mn,2006,26.7367
Agricultural Production Foodgrains Coarse Cereals Rabi,"Annual, Ending mar Of Each Year",Ton mn,2006,7.3326
Agricultural Production Foodgrains Cereals,"Annual, Ending mar Of Each Year",Ton mn,2006,195.2172
Agricultural Production Foodgrains Cereals Kharif,"Annual, Ending mar Of Each Year",Ton mn,2006,105.0086
Agricultural Production Foodgrains Cereals Rabi,"Annual, Ending mar Of Each Year",Ton mn,2006,90.2086
Agricultural Production Foodgrains Tur Kharif,"Annual, Ending mar Of Each Year",Ton mn,2006,2.738
Agricultural Production Foodgrains Other Kharif Pulses Kharif,"Annual, Ending mar Of Each Year",Ton mn,2006,0.5443
Agricultural Production Foodgrains Gram Rabi,"Annual, Ending mar Of Each Year",Ton mn,2006,5.5999
Agricultural Production Foodgrains Other Kharif Pulses Rabi,"Annual, Ending mar Of Each Year",Ton mn,2006,2.3109
Agricultural Production Foodgrains Pulses,"Annual, Ending mar Of Each Year",Ton mn,2006,13.3844
Agricultural Production Foodgrains Pulses Kharif,"Annual, Ending mar Of Each Year",Ton mn,2006,4.8648
Agricultural Production Foodgrains Pulses Rabi,"Annual, Ending mar Of Each Year",Ton mn,2006,8.5196
Agricultural Production Oilseeds,"Annual, Ending mar Of Each Year",Ton mn,2006,27.9779
Agricultural Production Oilseeds Kharif,"Annual, Ending mar Of Each Year",Ton mn,2006,16.767
Agricultural Production Oilseeds Rabi,"Annual, Ending mar Of Each Year",Ton mn,2006,11.2109
Agricultural Production Oilseeds Groundnut,"Annual, Ending mar Of Each Year",Ton mn,2006,7.9933
Agricultural Production Oilseeds Groundnut Kharif,"Annual, Ending mar Of Each Year",Ton mn,2006,6.2979
Agricultural Production Oilseeds Groundnut Rabi,"Annual, Ending mar Of Each Year",Ton mn,2006,1.6954
Agricultural Production Oilseeds Castorseed Kharif,"Annual, Ending mar Of Each Year",Ton mn,2006,0.9907
Agricultural Production Oilseeds Sesamun Kharif,"Annual, Ending mar Of Each Year",Ton mn,2006,0.6411
Agricultural Production Oilseeds Nigerseed Kharif,"Annual, Ending mar Of Each Year",Ton mn,2006,0.108
Agricultural Production Oilseeds Rapeseed and Mustard Rabi,"Annual, Ending mar Of Each Year",Ton mn,2006,8.1312
Agricultural Production Oilseeds Linseed Rabi,"Annual, Ending mar Of Each Year",Ton mn,2006,0.1725
Agricultural Production Oilseeds Safflower Rabi,"Annual, Ending mar Of Each Year",Ton mn,2006,0.2286
Agricultural Production Oilseeds Sunflower,"Annual, Ending mar Of Each Year",Ton mn,2006,1.439
Agricultural Production Oilseeds Sunflower Kharif,"Annual, Ending mar Of Each Year",Ton mn,2006,0.4558
Agricultural Production Oilseeds Sunflower Rabi,"Annual, Ending mar Of Each Year",Ton mn,2006,0.9832
Agricultural Production Oilseeds Soyabean Kharif,"Annual, Ending mar Of Each Year",Ton mn,2006,8.2735
Agricultural Production Commercial Crops Cotton,"Annual, Ending mar Of Each Year",Bale mn,2006,18.499
Agricultural Production Commercial Crops Jute,"Annual, Ending mar Of Each Year",Bale mn,2006,9.97
Agricultural Production Commercial Crops Mesta,"Annual, Ending mar Of Each Year",Bale mn,2006,0.8701
Agricultural Production Commercial Crops Jute and Mesta,"Annual, Ending mar Of Each Year",Bale mn,2006,10.8396
Agricultural Production Commercial Crops Sugarcane,"Annual, Ending mar Of Each Year",Ton mn,2006,281.1718
Agricultural Production Plantation Crops Potato,"Annual, Ending mar Of Each Year",Ton mn,2006,23.9
Agricultural Production Plantation Crops Onion,"Annual, Ending mar Of Each Year",Ton mn,2006,8.68
Agricultural Production Plantation Crops Tobacco,"Annual, Ending mar Of Each Year",Ton mn,2006,0.55
Agricultural Production Plantation Crops Coconut,"Annual, Ending mar Of Each Year",Unit mn,2006,14811.0
Agricultural Production Major Crops Target Rice,"Annual, Ending mar Of Each Year",Ton mn,2006,87.8
Agricultural Production Major Crops Target Wheat,"Annual, Ending mar Of Each Year",Ton mn,2006,75.53
Agricultural Production Major Crops Target Coarse Cereals,"Annual, Ending mar Of Each Year",Ton mn,2006,36.52
Agricultural Production Major Crops Target Pulses,"Annual, Ending mar Of Each Year",Ton mn,2006,15.15
Agricultural Production Major Crops Target Foodgrains,"Annual, Ending mar Of Each Year",Ton mn,2006,215.0
Agricultural Production Major Crops Target Oilseeds,"Annual, Ending mar Of Each Year",Ton mn,2006,26.58
Agricultural Production Major Crops Target Sugarcane,"Annual, Ending mar Of Each Year",Ton mn,2006,237.5
Agricultural Production Major Crops Target Cotton,"Annual, Ending mar Of Each Year",Ton mn,2006,16.5
Agricultural Production Major Crops Target Jute and Mesta,"Annual, Ending mar Of Each Year",Ton mn,2006,11.28
Agricultural Production Major Crops Achievements Rice,"Annual, Ending mar Of Each Year",Ton mn,2006,91.79
Agricultural Production Major Crops Achievements Wheat,"Annual, Ending mar Of Each Year",Ton mn,2006,69.35
Agricultural Production Major Crops Achievements Coarse Cereals,"Annual, Ending mar Of Each Year",Ton mn,2006,34.06
Agricultural Production Major Crops Achievements Pulses,"Annual, Ending mar Of Each Year",Ton mn,2006,13.39
Agricultural Production Major Crops Achievements Foodgrains,"Annual, Ending mar Of Each Year",Ton mn,2006,208.59
Agricultural Production Major Crops Achievements Oilseeds,"Annual, Ending mar Of Each Year",Ton mn,2006,27.98
Agricultural Production Major Crops Achievements Sugarcane,"Annual, Ending mar Of Each Year",Ton mn,2006,281.17
Agricultural Production Major Crops Achievements Cotton,"Annual, Ending mar Of Each Year",Ton mn,2006,18.5
Agricultural Production Major Crops Achievements Jute and Mesta,"Annual, Ending mar Of Each Year",Ton mn,2006,10.84
Agricultural Production Area,"Annual, Ending mar Of Each Year",ha mn,2006,121.6
Agricultural Production Volume,"Annual, Ending mar Of Each Year",Ton mn,2006,208.6
Agricultural Production Yield,"Annual, Ending mar Of Each Year",kg/ha,2006,1715.0
Agricultural Production Kharif Area,"Annual, Ending mar Of Each Year",ha mn,2006,72.72
Agricultural Production Kharif Volume,"Annual, Ending mar Of Each Year",Ton mn,2006,109.87
Agricultural Production Kharif Yield,"Annual, Ending mar Of Each Year",kg/ha,2006,1511.0
Agricultural Production Rabi Area,"Annual, Ending mar Of Each Year",ha mn,2006,48.88
Agricultural Production Rabi Volume,"Annual, Ending mar Of Each Year",Ton mn,2006,98.73
Agricultural Production Rabi Yield,"Annual, Ending mar Of Each Year",kg/ha,2006,2020.0
Agriculture Production Foodgrains Area 5 Yr Avg Foodgrains Total,"Annual, Ending mar Of Each Year",ha mn,2006,120.35
Agriculture Production Foodgrains Area 5 Yr Avg Foodgrains Kharif,"Annual, Ending mar Of Each Year",ha mn,2006,72.64
Agriculture Production Foodgrains Area 5 Yr Avg Foodgrains Rabi,"Annual, Ending mar Of Each Year",ha mn,2006,47.71
Agriculture Production Foodgrains Area 5 Yr Avg Foodgrains Coarse Cereals Total,"Annual, Ending mar Of Each Year",ha mn,2006,29.08
Agriculture Production Foodgrains Area 5 Yr Avg Foodgrains Coarse Cereals Kharif,"Annual, Ending mar Of Each Year",ha mn,2006,22.65
Agriculture Production Foodgrains Area 5 Yr Avg Foodgrains Coarse Cereals Rabi,"Annual, Ending mar Of Each Year",ha mn,2006,6.43
Agriculture Production Foodgrains Area 5 Yr Avg Foodgrains Coarse Cereals Rice Total,"Annual, Ending mar Of Each Year",ha mn,2006,42.85
Agricultural Production Foodgrains Area 5 Yr Avg Foodgrains Coarse Cereals Rice Kharif,"Annual, Ending mar Of Each Year",ha mn,2006,39.12
Agriculture Production Foodgrains Area 5 Yr Avg Foodgrains Coarse Cereals Rice Rabi,"Annual, Ending mar Of Each Year",ha mn,2006,3.73
Agriculture Production Foodgrains Area 5 Yr Avg Foodgrains Coarse Cereals Wheat Rabi,"Annual, Ending mar Of Each Year",ha mn,2006,26.2
Agriculture Production Foodgrains Area 5 Yr Avg Foodgrains Coarse Cereals Jowar Total,"Annual, Ending mar Of Each Year",ha mn,2006,9.24
Agriculture Production Foodgrains Area 5 Yr Avg Foodgrains Coarse Cereals Jowar Kharif,"Annual, Ending mar Of Each Year",ha mn,2006,4.21
Agriculture Production Foodgrains Area 5 Yr Avg Foodgrains Coarse Cereals Jowar Rabi,"Annual, Ending mar Of Each Year",ha mn,2006,5.03
Agriculture Production Foodgrains Area 5 Yr Avg Foodgrains Coarse Cereals Bajra Kharif,"Annual, Ending mar Of Each Year",ha mn,2006,9.34
Agriculture Production Foodgrains Area 5 Yr Avg Foodgrains Coarse Cereals Maize Total,"Annual, Ending mar Of Each Year",ha mn,2006,7.12
Agriculture Production Foodgrains Area 5 Yr Avg Foodgrains Coarse Cereals Maize Kharif,"Annual, Ending mar Of Each Year",ha mn,2006,6.37
Agriculture Production Foodgrains Area 5 Yr Avg Foodgrains Coarse Cereals Maize Rabi,"Annual, Ending mar Of Each Year",ha mn,2006,0.75
Agriculture Production Foodgrains Area 5 Yr Avg Foodgrains Pulses Total,"Annual, Ending mar Of Each Year",ha mn,2006,22.22
Agriculture Production Foodgrains Area 5 Yr Avg Foodgrains Pulses Kharif,"Annual, Ending mar Of Each Year",ha mn,2006,10.87
Agriculture Production Foodgrains Area 5 Yr Avg Foodgrains Pulses Rabi,"Annual, Ending mar Of Each Year",ha mn,2006,11.35
Agriculture Production Foodgrains Area 5 Yr Avg Foodgrains Pulses Tur Kharif,"Annual, Ending mar Of Each Year",ha mn,2006,3.46
Agriculture Production Foodgrains Area 5 Yr Avg Foodgrains Pulses Gram Rabi,"Annual, Ending mar Of Each Year",ha mn,2006,6.6
Agriculture Production Foodgrains Area 5 Yr Avg Oilseeds Nine Oilseeds,"Annual, Ending mar Of Each Year",ha mn,2006,24.63
Agriculture Production Foodgrains Area 5 Yr Avg Oilseeds Nine Oilseeds Groundnut,"Annual, Ending mar Of Each Year",ha mn,2006,6.31
Agriculture Production Foodgrains Area 5 Yr Avg Oilseeds Nine Oilseeds Rapeseed and Mustard Rabi,"Annual, Ending mar Of Each Year",ha mn,2006,5.93
Agriculture Production Foodgrains Area 5 Yr Avg Oilseeds Nine Oilseeds Soyabean Kharif,"Annual, Ending mar Of Each Year",ha mn,2006,6.86
Agriculture Production Foodgrains Area 5 Yr Avg Oilseeds Nine Oilseeds Sunflower,"Annual, Ending mar Of Each Year",ha mn,2006,1.86
Agriculture Production Foodgrains Area 5 Yr Avg Other Cash Crops Cotton,"Annual, Ending mar Of Each Year",ha mn,2006,8.37
Agriculture Production Foodgrains Area 5 Yr Avg Other Cash Crops Jute and Mesta,"Annual, Ending mar Of Each Year",ha mn,2006,0.98
Agriculture Production Foodgrains Area 5 Yr Avg Other Cash Crops Onion,"Annual, Ending mar Of Each Year",ha mn,2006,0.52
Agriculture Production Foodgrains Area 5 Yr Avg Other Cash Crops Potato,"Annual, Ending mar Of Each Year",ha mn,2006,1.31
Agriculture Production Foodgrains Area 5 Yr Avg Other Cash Crops Sugarcane,"Annual, Ending mar Of Each Year",ha mn,2006,4.15
Agriculture Production Foodgrains Production Foodgrains Total,"Annual, Ending mar Of Each Year",Ton mn,2006,201.56
Agriculture Production Foodgrains Production Foodgrains Kharif,"Annual, Ending mar Of Each Year",Ton mn,2006,105.9
Agriculture Production Foodgrains Production Foodgrains Rabi,"Annual, Ending mar Of Each Year",Ton mn,2006,95.66
Agriculture Production Foodgrains Production Foodgrains Coarse Cereals Total,"Annual, Ending mar Of Each Year",Ton mn,2006,32.92
Agriculture Production Foodgrains Production Foodgrains Coarse Cereals Kharif,"Annual, Ending mar Of Each Year",Ton mn,2006,26.4
Agriculture Production Foodgrains Production Foodgrains Coarse Cereals Rabi,"Annual, Ending mar Of Each Year",Ton mn,2006,6.51
Agriculture Production Foodgrains Production Foodgrains Coarse Cereals Rice Total,"Annual, Ending mar Of Each Year",Ton mn,2006,85.72
Agricultural Production Foodgrains Production Foodgrains Coarse Cereals Rice Kharif,"Annual, Ending mar Of Each Year",Ton mn,2006,74.55
Agriculture Production Foodgrains Production Foodgrains Coarse Cereals Rice Rabi,"Annual, Ending mar Of Each Year",Ton mn,2006,11.18
Agriculture Production Foodgrains Production Foodgrains Coarse Cereals Wheat Rabi,"Annual, Ending mar Of Each Year",Ton mn,2006,69.73
Agriculture Production Foodgrains Production Foodgrains Coarse Cereals Jowar Total,"Annual, Ending mar Of Each Year",Ton mn,2006,7.22
Agriculture Production Foodgrains Production Foodgrains Coarse Cereals Jowar Kharif,"Annual, Ending mar Of Each Year",Ton mn,2006,4.28
Agriculture Production Foodgrains Production Foodgrains Coarse Cereals Jowar Rabi,"Annual, Ending mar Of Each Year",Ton mn,2006,2.94
Agriculture Production Foodgrains Production Foodgrains Coarse Cereals Bajra Kharif,"Annual, Ending mar Of Each Year",Ton mn,2006,8.15
Agriculture Production Foodgrains Production Foodgrains Coarse Cereals Maize Total,"Annual, Ending mar Of Each Year",Ton mn,2006,13.64
Agriculture Production Foodgrains Production Foodgrains Coarse Cereals Maize Kharif,"Annual, Ending mar Of Each Year",Ton mn,2006,11.38
Agriculture Production Foodgrains Production Foodgrains Coarse Cereals Maize Rabi,"Annual, Ending mar Of Each Year",Ton mn,2006,2.26
Agriculture Production Foodgrains Production Foodgrains Pulses Total,"Annual, Ending mar Of Each Year",Ton mn,2006,13.18
Agriculture Production Foodgrains Production Foodgrains Pulses Tur Kharif,"Annual, Ending mar Of Each Year",Ton mn,2006,2.38
Agriculture Production Foodgrains Production Foodgrains Pulses Gram Rabi,"Annual, Ending mar Of Each Year",Ton mn,2006,5.3
Agriculture Production Foodgrains Production Foodgrains Pulses Kharif,"Annual, Ending mar Of Each Year",Ton mn,2006,4.95
Agriculture Production Foodgrains Production Foodgrains Pulses Rabi,"Annual, Ending mar Of Each Year",Ton mn,2006,8.24
Agriculture Production Foodgrains Production Oilseeds Nine Oilseeds,"Annual, Ending mar Of Each Year",Ton mn,2006,22.6
Agriculture Production Foodgrains Production Oilseeds Nine Oilseeds Groundnut,"Annual, Ending mar Of Each Year",Ton mn,2006,6.81
Agriculture Production Foodgrains Production Oilseeds Nine Oilseeds Rapeseed and Mustard Rabi,"Annual, Ending mar Of Each Year",Ton mn,2006,6.2
Agriculture Production Foodgrains Production Oilseeds Nine Oilseeds Soyabean Kharif,"Annual, Ending mar Of Each Year",Ton mn,2006,6.72
Agriculture Production Foodgrains Production Oilseeds Nine Oilseeds Sunflower,"Annual, Ending mar Of Each Year",Ton mn,2006,1.02
Agriculture Production Foodgrains Production Other Cash Crops Cotton,"Annual, Ending mar Of Each Year",Ton mn,2006,13.46
Agriculture Production Foodgrains Production Other Cash Crops Jute and Mesta,"Annual, Ending mar Of Each Year",Ton mn,2006,11.05
Agriculture Production Foodgrains Production Other Cash Crops Onion,"Annual, Ending mar Of Each Year",Ton mn,2006,6.08
Agriculture Production Foodgrains Production Other Cash Crops Potato,"Annual, Ending mar Of Each Year",Ton mn,2006,23.56
Agriculture Production Foodgrains Production Other Cash Crops Sugarcane,"Annual, Ending mar Of Each Year",Ton mn,2006,267.34
Agriculture Production Foodgrains Yield Foodgrains Total,"Annual, Ending mar Of Each Year",kg/ha,2006,1675.0
Agriculture Production Foodgrains Yield Foodgrains Kharif,"Annual, Ending mar Of Each Year",kg/ha,2006,1458.0
Agriculture Production Foodgrains Yield Foodgrains Rabi,"Annual, Ending mar Of Each Year",kg/ha,2006,2005.0
Agriculture Production Foodgrains Yield Foodgrains Coarse Cereals Total,"Annual, Ending mar Of Each Year",kg/ha,2006,1132.0
Agriculture Production Foodgrains Yield Foodgrains Coarse Cereals Kharif,"Annual, Ending mar Of Each Year",kg/ha,2006,1166.0
Agriculture Production Foodgrains Yield Foodgrains Coarse Cereals Rabi,"Annual, Ending mar Of Each Year",kg/ha,2006,1013.0
Agriculture Production Foodgrains Yield Foodgrains Coarse Cereals Rice Total,"Annual, Ending mar Of Each Year",kg/ha,2006,2001.0
Agricultural Production Foodgrains Yield Foodgrains Coarse Cereals Rice Kharif,"Annual, Ending mar Of Each Year",kg/ha,2006,1906.0
Agriculture Production Foodgrains Yield Foodgrains Coarse Cereals Rice Rabi,"Annual, Ending mar Of Each Year",kg/ha,2006,2996.0
Agriculture Production Foodgrains Yield Foodgrains Coarse Cereals Wheat Rabi,"Annual, Ending mar Of Each Year",kg/ha,2006,2662.0
Agriculture Production Foodgrains Yield Foodgrains Coarse Cereals Jowar Total,"Annual, Ending mar Of Each Year",kg/ha,2006,782.0
Agriculture Production Foodgrains Yield Foodgrains Coarse Cereals Jowar Kharif,"Annual, Ending mar Of Each Year",kg/ha,2006,1018.0
Agriculture Production Foodgrains Yield Foodgrains Coarse Cereals Jowar Rabi,"Annual, Ending mar Of Each Year",kg/ha,2006,585.0
Agriculture Production Foodgrains Yield Foodgrains Coarse Cereals Bajra Kharif,"Annual, Ending mar Of Each Year",kg/ha,2006,872.0
Agriculture Production Foodgrains Yield Foodgrains Coarse Cereals Maize Total,"Annual, Ending mar Of Each Year",kg/ha,2006,1916.0
Agriculture Production Foodgrains Yield Foodgrains Coarse Cereals Maize Kharif,"Annual, Ending mar Of Each Year",kg/ha,2006,1786.0
Agriculture Production Foodgrains Yield Foodgrains Coarse Cereals Maize Rabi,"Annual, Ending mar Of Each Year",kg/ha,2006,3030.0
Agriculture Production Foodgrains Yield Foodgrains Pulses Total,"Annual, Ending mar Of Each Year",kg/ha,2006,593.0
Agriculture Production Foodgrains Yield Foodgrains Pulses Kharif,"Annual, Ending mar Of Each Year",kg/ha,2006,455.0
Agriculture Production Foodgrains Yield Foodgrains Pulses Rabi,"Annual, Ending mar Of Each Year",kg/ha,2006,725.0
Agriculture Production Foodgrains Yield Foodgrains Pulses Tur Kharif,"Annual, Ending mar Of Each Year",kg/ha,2006,687.0
Agriculture Production Foodgrains Yield Foodgrains Pulses Gram Rabi,"Annual, Ending mar Of Each Year",kg/ha,2006,803.0
Agriculture Production Foodgrains Yield Oilseeds Nine Oilseeds,"Annual, Ending mar Of Each Year",kg/ha,2006,918.0
Agriculture Production Foodgrains Yield Oilseeds Nine Oilseeds Groundnut,"Annual, Ending mar Of Each Year",kg/ha,2006,1079.0
Agriculture Production Foodgrains Yield Oilseeds Nine Oilseeds Rapeseed and Mustard Rabi,"Annual, Ending mar Of Each Year",kg/ha,2006,1045.0
Agriculture Production Foodgrains Yield Oilseeds Nine Oilseeds Soyabean Kharif,"Annual, Ending mar Of Each Year",kg/ha,2006,980.0
Agriculture Production Foodgrains Yield Oilseeds Nine Oilseeds Sunflower,"Annual, Ending mar Of Each Year",kg/ha,2006,548.0
Agriculture Production Foodgrains Yield Other Cash Crops Cotton,"Annual, Ending mar Of Each Year",kg/ha,2006,273.0
Agriculture Production Foodgrains Yield Other Cash Crops Jute and Mesta,"Annual, Ending mar Of Each Year",kg/ha,2006,2030.0
Agriculture Production Foodgrains Yield Other Cash Crops Onion,"Annual, Ending mar Of Each Year",kg/ha,2006,11678.0
Agriculture Production Foodgrains Yield Other Cash Crops Potato,"Annual, Ending mar Of Each Year",kg/ha,2006,17950.0
Agriculture Production Foodgrains Yield Other Cash Crops Sugarcane,"Annual, Ending mar Of Each Year",kg/ha,2006,64473.0
Agricultural Production Foodgrains Area Andhra Pradesh,"Annual, Ending mar Of Each Year",ha mn,2006,7.17
Agricultural Production Foodgrains Area Assam,"Annual, Ending mar Of Each Year",ha mn,2006,2.6
Agricultural Production Foodgrains Area Bihar,"Annual, Ending mar Of Each Year",ha mn,2006,6.55
Agricultural Production Foodgrains Area Chhattisgarh,"Annual, Ending mar Of Each Year",ha mn,2006,5.15
Agricultural Production Foodgrains Area Gujarat,"Annual, Ending mar Of Each Year",ha mn,2006,3.97
Agricultural Production Foodgrains Area Haryana,"Annual, Ending mar Of Each Year",ha mn,2006,4.27
Agricultural Production Foodgrains Area Jharkhand,"Annual, Ending mar Of Each Year",ha mn,2006,1.93
Agricultural Production Foodgrains Area Karnataka,"Annual, Ending mar Of Each Year",ha mn,2006,7.6
Agricultural Production Foodgrains Area Madhya Pradesh,"Annual, Ending mar Of Each Year",ha mn,2006,11.68
Agricultural Production Foodgrains Area Maharashtra,"Annual, Ending mar Of Each Year",ha mn,2006,12.75
Agricultural Production Foodgrains Area Orissa,"Annual, Ending mar Of Each Year",ha mn,2006,5.46
Agricultural Production Foodgrains Area Punjab,"Annual, Ending mar Of Each Year",ha mn,2006,6.32
Agricultural Production Foodgrains Area Rajasthan,"Annual, Ending mar Of Each Year",ha mn,2006,12.45
Agricultural Production Foodgrains Area Tamil Nadu,"Annual, Ending mar Of Each Year",ha mn,2006,3.32
Agricultural Production Foodgrains Area Uttar Pradesh,"Annual, Ending mar Of Each Year",ha mn,2006,19.64
Agricultural Production Foodgrains Area Uttaranchal,"Annual, Ending mar Of Each Year",ha mn,2006,1.03
Agricultural Production Foodgrains Area West Bengal,"Annual, Ending mar Of Each Year",ha mn,2006,6.44
Agricultural Production Foodgrains Area Others,"Annual, Ending mar Of Each Year",ha mn,2006,3.27
Agricultural Production Foodgrains Volume Andhra Pradesh,"Annual, Ending mar Of Each Year",Ton mn,2006,16.951
Agricultural Production Foodgrains Volume Assam,"Annual, Ending mar Of Each Year",Ton mn,2006,3.6778
Agricultural Production Foodgrains Volume Bihar,"Annual, Ending mar Of Each Year",Ton mn,2006,8.5868
Agricultural Production Foodgrains Volume Chhattisgarh,"Annual, Ending mar Of Each Year",Ton mn,2006,5.7148
Agricultural Production Foodgrains Volume Gujarat,"Annual, Ending mar Of Each Year",Ton mn,2006,6.154
Agricultural Production Foodgrains Volume Haryana,"Annual, Ending mar Of Each Year",Ton mn,2006,12.9981
Agricultural Production Foodgrains Volume Jharkhand,"Annual, Ending mar Of Each Year",Ton mn,2006,2.0676
Agricultural Production Foodgrains Volume Karnataka,"Annual, Ending mar Of Each Year",Ton mn,2006,13.489
Agricultural Production Foodgrains Volume Madhya Pradesh,"Annual, Ending mar Of Each Year",Ton mn,2006,13.195
Agricultural Production Foodgrains Volume Maharashtra,"Annual, Ending mar Of Each Year",Ton mn,2006,12.087
Agricultural Production Foodgrains Volume Orissa,"Annual, Ending mar Of Each Year",Ton mn,2006,7.3597
Agricultural Production Foodgrains Volume Punjab,"Annual, Ending mar Of Each Year",Ton mn,2006,25.1842
Agricultural Production Foodgrains Volume Rajasthan,"Annual, Ending mar Of Each Year",Ton mn,2006,11.445
Agricultural Production Foodgrains Volume Tamil Nadu,"Annual, Ending mar Of Each Year",Ton mn,2006,6.1272
Agricultural Production Foodgrains Volume Uttar Pradesh,"Annual, Ending mar Of Each Year",Ton mn,2006,40.4102
Agricultural Production Foodgrains Volume Uttaranchal,"Annual, Ending mar Of Each Year",Ton mn,2006,1.594
Agricultural Production Foodgrains Volume West Bengal,"Annual, Ending mar Of Each Year",Ton mn,2006,15.6089
Agricultural Production Foodgrains Volume Others,"Annual, Ending mar Of Each Year",Ton mn,2006,5.94
Agricultural Production Foodgrains Yield Andhra Pradesh,"Annual, Ending mar Of Each Year",kg/ha,2006,2365.0
Agricultural Production Foodgrains Yield Assam,"Annual, Ending mar Of Each Year",kg/ha,2006,1416.0
Agricultural Production Foodgrains Yield Bihar,"Annual, Ending mar Of Each Year",kg/ha,2006,1311.0
Agricultural Production Foodgrains Yield Chhattisgarh,"Annual, Ending mar Of Each Year",kg/ha,2006,1111.0
Agricultural Production Foodgrains Yield Gujarat,"Annual, Ending mar Of Each Year",kg/ha,2006,1551.0
Agricultural Production Foodgrains Yield Haryana,"Annual, Ending mar Of Each Year",kg/ha,2006,3045.0
Agricultural Production Foodgrains Yield Jharkhand,"Annual, Ending mar Of Each Year",kg/ha,2006,1073.0
Agricultural Production Foodgrains Yield Karnataka,"Annual, Ending mar Of Each Year",kg/ha,2006,1776.0
Agricultural Production Foodgrains Yield Madhya Pradesh,"Annual, Ending mar Of Each Year",kg/ha,2006,1130.0
Agricultural Production Foodgrains Yield Maharashtra,"Annual, Ending mar Of Each Year",kg/ha,2006,948.0
Agricultural Production Foodgrains Yield Orissa,"Annual, Ending mar Of Each Year",kg/ha,2006,1349.0
Agricultural Production Foodgrains Yield Punjab,"Annual, Ending mar Of Each Year",kg/ha,2006,3986.0
Agricultural Production Foodgrains Yield Rajasthan,"Annual, Ending mar Of Each Year",kg/ha,2006,919.0
Agricultural Production Foodgrains Yield Tamil Nadu,"Annual, Ending mar Of Each Year",kg/ha,2006,1847.0
Agricultural Production Foodgrains Yield Uttar Pradesh,"Annual, Ending mar Of Each Year",kg/ha,2006,2057.0
Agricultural Production Foodgrains Yield Uttaranchal,"Annual, Ending mar Of Each Year",kg/ha,2006,1548.0
Agricultural Production Foodgrains Yield West Bengal,"Annual, Ending mar Of Each Year",kg/ha,2006,2423.0
Agricultural Production Foodgrains Rice Area,"Annual, Ending mar Of Each Year",ha mn,2006,43.66
Agricultural Production Foodgrains Rice Volume,"Annual, Ending mar Of Each Year",Ton mn,2006,91.79
Agricultural Production Foodgrains Rice Yield,"Annual, Ending mar Of Each Year",kg/ha,2006,2102.0
Agricultural Production Foodgrains Rice Area Andhra Pradesh,"Annual, Ending mar Of Each Year",ha mn,2006,3.98
Agricultural Production Foodgrains Rice Area Assam,"Annual, Ending mar Of Each Year",ha mn,2006,2.42
Agricultural Production Foodgrains Rice Area Bihar,"Annual, Ending mar Of Each Year",ha mn,2006,3.25
Agricultural Production Foodgrains Rice Area Chhattisgarh,"Annual, Ending mar Of Each Year",ha mn,2006,3.75
Agricultural Production Foodgrains Rice Area Gujarat,"Annual, Ending mar Of Each Year",ha mn,2006,0.67
Agricultural Production Foodgrains Rice Area Haryana,"Annual, Ending mar Of Each Year",ha mn,2006,1.05
Agricultural Production Foodgrains Rice Area Jharkland,"Annual, Ending mar Of Each Year",ha mn,2006,1.35
Agricultural Production Foodgrains Rice Area Karnataka,"Annual, Ending mar Of Each Year",ha mn,2006,1.49
Agricultural Production Foodgrains Rice Area Kerala,"Annual, Ending mar Of Each Year",ha mn,2006,0.28
Agricultural Production Foodgrains Rice Area Madhya Pradesh,"Annual, Ending mar Of Each Year",ha mn,2006,1.66
Agricultural Production Foodgrains Rice Area Maharashtra,"Annual, Ending mar Of Each Year",ha mn,2006,1.52
Agricultural Production Foodgrains Rice Area Orissa,"Annual, Ending mar Of Each Year",ha mn,2006,4.48
Agricultural Production Foodgrains Rice Area Punjab,"Annual, Ending mar Of Each Year",ha mn,2006,2.64
Agricultural Production Foodgrains Rice Area Tamil Nadu,"Annual, Ending mar Of Each Year",ha mn,2006,2.05
Agricultural Production Foodgrains Rice Area Uttar Pradesh,"Annual, Ending mar Of Each Year",ha mn,2006,5.58
Agricultural Production Foodgrains Rice Area West Bengal,"Annual, Ending mar Of Each Year",ha mn,2006,5.78
Agricultural Production Foodgrains Rice Area Others,"Annual, Ending mar Of Each Year",ha mn,2006,1.71
Agricultural Production Foodgrains Rice Volume Andhra Pradesh,"Annual, Ending mar Of Each Year",Ton th,2006,11704.0
Agricultural Production Foodgrains Rice Volume Arunachal Pradesh,"Annual, Ending mar Of Each Year",Ton th,2006,146.2
Agricultural Production Foodgrains Rice Volume Assam,"Annual, Ending mar Of Each Year",Ton th,2006,3552.5
Agricultural Production Foodgrains Rice Volume Bihar,"Annual, Ending mar Of Each Year",Ton th,2006,3495.5
Agricultural Production Foodgrains Rice Volume Chhattisgarh,"Annual, Ending mar Of Each Year",Ton th,2006,5011.6
Agricultural Production Foodgrains Rice Volume Goa,"Annual, Ending mar Of Each Year",Ton th,2006,147.3
Agricultural Production Foodgrains Rice Volume Gujarat,"Annual, Ending mar Of Each Year",Ton th,2006,1298.0
Agricultural Production Foodgrains Rice Volume Haryana,"Annual, Ending mar Of Each Year",Ton th,2006,3210.0
Agricultural Production Foodgrains Rice Volume Himachal Pradesh,"Annual, Ending mar Of Each Year",Ton th,2006,112.1
Agricultural Production Foodgrains Rice Volume Jammu and Kashmir,"Annual, Ending mar Of Each Year",Ton th,2006,556.8
Agricultural Production Foodgrains Rice Volume Jharkhand,"Annual, Ending mar Of Each Year",Ton th,2006,1558.0
Agricultural Production Foodgrains Rice Volume Karnataka,"Annual, Ending mar Of Each Year",Ton th,2006,5744.0
Agricultural Production Foodgrains Rice Volume Kerala,"Annual, Ending mar Of Each Year",Ton th,2006,629.9
Agricultural Production Foodgrains Rice Volume Madhya Pradesh,"Annual, Ending mar Of Each Year",Ton th,2006,1656.3
Agricultural Production Foodgrains Rice Volume Maharashtra,"Annual, Ending mar Of Each Year",Ton th,2006,2695.0
Agricultural Production Foodgrains Rice Volume Manipur,"Annual, Ending mar Of Each Year",Ton th,2006,388.1
Agricultural Production Foodgrains Rice Volume Meghalaya,"Annual, Ending mar Of Each Year",Ton th,2006,151.9
Agricultural Production Foodgrains Rice Volume Mizoram,"Annual, Ending mar Of Each Year",Ton th,2006,99.2
Agricultural Production Foodgrains Rice Volume Nagaland,"Annual, Ending mar Of Each Year",Ton th,2006,263.1
Agricultural Production Foodgrains Rice Volume Orissa,"Annual, Ending mar Of Each Year",Ton th,2006,6859.0
Agricultural Production Foodgrains Rice Volume Punjab,"Annual, Ending mar Of Each Year",Ton th,2006,10193.0
Agricultural Production Foodgrains Rice Volume Rajasthan,"Annual, Ending mar Of Each Year",Ton th,2006,153.0
Agricultural Production Foodgrains Rice Volume Sikkim,"Annual, Ending mar Of Each Year",Ton th,2006,21.5
Agricultural Production Foodgrains Rice Volume Tamil Nadu,"Annual, Ending mar Of Each Year",Ton th,2006,5220.0
Agricultural Production Foodgrains Rice Volume Tripura,"Annual, Ending mar Of Each Year",Ton th,2006,552.9
Agricultural Production Foodgrains Rice Volume Union Territories,"Annual, Ending mar Of Each Year",Ton th,2006,140.0
Agricultural Production Foodgrains Rice Volume Uttar Pradesh,"Annual, Ending mar Of Each Year",Ton th,2006,11133.7
Agricultural Production Foodgrains Rice Volume Uttaranchal,"Annual, Ending mar Of Each Year",Ton th,2006,590.0
Agricultural Production Foodgrains Rice Volume West Bengal,"Annual, Ending mar Of Each Year",Ton th,2006,14510.8
Agricultural Production Foodgrains Rice Yield Andhra Pradesh,"Annual, Ending mar Of Each Year",kg/ha,2006,2939.0
Agricultural Production Foodgrains Rice Yield Assam,"Annual, Ending mar Of Each Year",kg/ha,2006,1468.0
Agricultural Production Foodgrains Rice Yield Bihar,"Annual, Ending mar Of Each Year",kg/ha,2006,1075.0
Agricultural Production Foodgrains Rice Yield Chhattisgarh,"Annual, Ending mar Of Each Year",kg/ha,2006,1337.0
Agricultural Production Foodgrains Rice Yield Gujarat,"Annual, Ending mar Of Each Year",kg/ha,2006,1949.0
Agricultural Production Foodgrains Rice Yield Haryana,"Annual, Ending mar Of Each Year",kg/ha,2006,3051.0
Agricultural Production Foodgrains Rice Yield Jharkland,"Annual, Ending mar Of Each Year",kg/ha,2006,1150.0
Agricultural Production Foodgrains Rice Yield Karnataka,"Annual, Ending mar Of Each Year",kg/ha,2006,3868.0
Agricultural Production Foodgrains Rice Yield Kerala,"Annual, Ending mar Of Each Year",kg/ha,2006,2284.0
Agricultural Production Foodgrains Rice Yield Madhya Pradesh,"Annual, Ending mar Of Each Year",kg/ha,2006,999.0
Agricultural Production Foodgrains Rice Yield Maharashtra,"Annual, Ending mar Of Each Year",kg/ha,2006,1779.0
Agricultural Production Foodgrains Rice Yield Orissa,"Annual, Ending mar Of Each Year",kg/ha,2006,1531.0
Agricultural Production Foodgrains Rice Yield Punjab,"Annual, Ending mar Of Each Year",kg/ha,2006,3858.0
Agricultural Production Foodgrains Rice Yield Tamil Nadu,"Annual, Ending mar Of Each Year",kg/ha,2006,2546.0
Agricultural Production Foodgrains Rice Yield Uttar Pradesh,"Annual, Ending mar Of Each Year",kg/ha,2006,1996.0
Agricultural Production Foodgrains Rice Yield West Bengal,"Annual, Ending mar Of Each Year",kg/ha,2006,2509.0
Agricultural Production Foodgrains Wheat Area,"Annual, Ending mar Of Each Year",ha mn,2006,26.48
Agricultural Production Foodgrains Wheat Volume,"Annual, Ending mar Of Each Year",Ton mn,2006,69.35
Agricultural Production Foodgrains Wheat Yield,"Annual, Ending mar Of Each Year",kg/ha,2006,2619.0
Agricultural Production Foodgrains Wheat Area Assam,"Annual, Ending mar Of Each Year",ha mn,2006,0.05
Agricultural Production Foodgrains Wheat Area Bihar,"Annual, Ending mar Of Each Year",ha mn,2006,2.0
Agricultural Production Foodgrains Wheat Area Gujarat,"Annual, Ending mar Of Each Year",ha mn,2006,0.92
Agricultural Production Foodgrains Wheat Area Haryana,"Annual, Ending mar Of Each Year",ha mn,2006,2.3
Agricultural Production Foodgrains Wheat Area Himachal Pradesh,"Annual, Ending mar Of Each Year",ha mn,2006,0.36
Agricultural Production Foodgrains Wheat Area Jammu and Kashmir,"Annual, Ending mar Of Each Year",ha mn,2006,0.25
Agricultural Production Foodgrains Wheat Area Jharkhand,"Annual, Ending mar Of Each Year",ha mn,2006,0.06
Agricultural Production Foodgrains Wheat Area Karnataka,"Annual, Ending mar Of Each Year",ha mn,2006,0.25
Agricultural Production Foodgrains Wheat Area Madhya Pradesh,"Annual, Ending mar Of Each Year",ha mn,2006,3.69
Agricultural Production Foodgrains Wheat Area Maharashtra,"Annual, Ending mar Of Each Year",ha mn,2006,0.93
Agricultural Production Foodgrains Wheat Area Punjab,"Annual, Ending mar Of Each Year",ha mn,2006,3.47
Agricultural Production Foodgrains Wheat Area Rajasthan,"Annual, Ending mar Of Each Year",ha mn,2006,2.12
Agricultural Production Foodgrains Wheat Area Uttar Pradesh,"Annual, Ending mar Of Each Year",ha mn,2006,9.16
Agricultural Production Foodgrains Wheat Area Uttaranchal,"Annual, Ending mar Of Each Year",ha mn,2006,0.4
Agricultural Production Foodgrains Wheat Area West Bengal,"Annual, Ending mar Of Each Year",ha mn,2006,0.37
Agricultural Production Foodgrains Wheat Area Others,"Annual, Ending mar Of Each Year",ha mn,2006,0.15
Agricultural Production Foodgrains Wheat Volume Arunachal Pradesh,"Annual, Ending mar Of Each Year",Ton th,2006,6.1
Agricultural Production Foodgrains Wheat Volume Assam,"Annual, Ending mar Of Each Year",Ton th,2006,53.7
Agricultural Production Foodgrains Wheat Volume Bihar,"Annual, Ending mar Of Each Year",Ton th,2006,3239.0
Agricultural Production Foodgrains Wheat Volume Chhattisgarh,"Annual, Ending mar Of Each Year",Ton th,2006,90.7
Agricultural Production Foodgrains Wheat Volume Gujarat,"Annual, Ending mar Of Each Year",Ton th,2006,2473.0
Agricultural Production Foodgrains Wheat Volume Haryana,"Annual, Ending mar Of Each Year",Ton th,2006,8857.0
Agricultural Production Foodgrains Wheat Volume Himachal Pradesh,"Annual, Ending mar Of Each Year",Ton th,2006,679.0
Agricultural Production Foodgrains Wheat Volume Jammu and Kashmir,"Annual, Ending mar Of Each Year",Ton th,2006,444.0
Agricultural Production Foodgrains Wheat Volume Jharkhand,"Annual, Ending mar Of Each Year",Ton th,2006,77.7
Agricultural Production Foodgrains Wheat Volume Karnataka,"Annual, Ending mar Of Each Year",Ton th,2006,217.0
Agricultural Production Foodgrains Wheat Volume Madhya Pradesh,"Annual, Ending mar Of Each Year",Ton th,2006,5957.7
Agricultural Production Foodgrains Wheat Volume Maharashtra,"Annual, Ending mar Of Each Year",Ton th,2006,1300.0
Agricultural Production Foodgrains Wheat Volume Meghalaya,"Annual, Ending mar Of Each Year",Ton th,2006,1.2
Agricultural Production Foodgrains Wheat Volume Nagaland,"Annual, Ending mar Of Each Year",Ton th,2006,1.9
Agricultural Production Foodgrains Wheat Volume Orissa,"Annual, Ending mar Of Each Year",Ton th,2006,4.5
Agricultural Production Foodgrains Wheat Volume Punjab,"Annual, Ending mar Of Each Year",Ton th,2006,14493.0
Agricultural Production Foodgrains Wheat Volume Rajasthan,"Annual, Ending mar Of Each Year",Ton th,2006,5865.3
Agricultural Production Foodgrains Wheat Volume Sikkim,"Annual, Ending mar Of Each Year",Ton th,2006,9.0
Agricultural Production Foodgrains Wheat Volume Tamil Nadu,"Annual, Ending mar Of Each Year",Ton th,2006,0.0
Agricultural Production Foodgrains Wheat Volume Tripura,"Annual, Ending mar Of Each Year",Ton th,2006,2.9
Agricultural Production Foodgrains Wheat Volume Union Territories,"Annual, Ending mar Of Each Year",Ton th,2006,80.5
Agricultural Production Foodgrains Wheat Volume Uttar Pradesh,"Annual, Ending mar Of Each Year",Ton th,2006,24073.8
Agricultural Production Foodgrains Wheat Volume Uttaranchal,"Annual, Ending mar Of Each Year",Ton th,2006,645.0
Agricultural Production Foodgrains Wheat Volume West Bengal,"Annual, Ending mar Of Each Year",Ton th,2006,773.5
Agricultural Production Foodgrains Wheat Yield Assam,"Annual, Ending mar Of Each Year",kg/ha,2006,1074.0
Agricultural Production Foodgrains Wheat Yield Bihar,"Annual, Ending mar Of Each Year",kg/ha,2006,1617.0
Agricultural Production Foodgrains Wheat Yield Gujarat,"Annual, Ending mar Of Each Year",kg/ha,2006,2700.0
Agricultural Production Foodgrains Wheat Yield Haryana,"Annual, Ending mar Of Each Year",kg/ha,2006,3844.0
Agricultural Production Foodgrains Wheat Yield Himachal Pradesh,"Annual, Ending mar Of Each Year",kg/ha,2006,1894.0
Agricultural Production Foodgrains Wheat Yield Jammu and Kashmir,"Annual, Ending mar Of Each Year",kg/ha,2006,1790.0
Agricultural Production Foodgrains Wheat Yield Jharkhand,"Annual, Ending mar Of Each Year",kg/ha,2006,1340.0
Agricultural Production Foodgrains Wheat Yield Karnataka,"Annual, Ending mar Of Each Year",kg/ha,2006,858.0
Agricultural Production Foodgrains Wheat Yield Madhya Pradesh,"Annual, Ending mar Of Each Year",kg/ha,2006,1613.0
Agricultural Production Foodgrains Wheat Yield Maharashtra,"Annual, Ending mar Of Each Year",kg/ha,2006,1393.0
Agricultural Production Foodgrains Wheat Yield Punjab,"Annual, Ending mar Of Each Year",kg/ha,2006,4179.0
Agricultural Production Foodgrains Wheat Yield Rajasthan,"Annual, Ending mar Of Each Year",kg/ha,2006,2762.0
Agricultural Production Foodgrains Wheat Yield Uttar Pradesh,"Annual, Ending mar Of Each Year",kg/ha,2006,2627.0
Agricultural Production Foodgrains Wheat Yield Uttaranchal,"Annual, Ending mar Of Each Year",kg/ha,2006,1633.0
Agricultural Production Foodgrains Wheat Yield West Bengal,"Annual, Ending mar Of Each Year",kg/ha,2006,2109.0
Agricultural Production Foodgrains Coarse Cereals Area,"Annual, Ending mar Of Each Year",ha mn,2006,29.04
Agricultural Production Foodgrains Coarse Cereals Volume,"Annual, Ending mar Of Each Year",Ton mn,2006,34.07
Agricultural Production Foodgrains Coarse Cereals Yield,"Annual, Ending mar Of Each Year",kg/ha,2006,1172.0
Agricultural Production Foodgrains Coarse Cereals Area Andhra Pradesh,"Annual, Ending mar Of Each Year",ha mn,2006,1.39
Agricultural Production Foodgrains Coarse Cereals Area Bihar,"Annual, Ending mar Of Each Year",ha mn,2006,0.7
Agricultural Production Foodgrains Coarse Cereals Area Chhattisgarh,"Annual, Ending mar Of Each Year",ha mn,2006,0.35
Agricultural Production Foodgrains Coarse Cereals Area Gujarat,"Annual, Ending mar Of Each Year",ha mn,2006,1.61
Agricultural Production Foodgrains Coarse Cereals Area Haryana,"Annual, Ending mar Of Each Year",ha mn,2006,0.72
Agricultural Production Foodgrains Coarse Cereals Area Himachal Pradesh,"Annual, Ending mar Of Each Year",ha mn,2006,0.33
Agricultural Production Foodgrains Coarse Cereals Area Jammu and Kashmir,"Annual, Ending mar Of Each Year",ha mn,2006,0.35
Agricultural Production Foodgrains Coarse Cereals Area Jharkhand,"Annual, Ending mar Of Each Year",ha mn,2006,0.22
Agricultural Production Foodgrains Coarse Cereals Area Karnataka,"Annual, Ending mar Of Each Year",ha mn,2006,3.88
Agricultural Production Foodgrains Coarse Cereals Area Madhya Pradesh,"Annual, Ending mar Of Each Year",ha mn,2006,2.04
Agricultural Production Foodgrains Coarse Cereals Area Maharashtra,"Annual, Ending mar Of Each Year",ha mn,2006,6.87
Agricultural Production Foodgrains Coarse Cereals Area Orissa,"Annual, Ending mar Of Each Year",ha mn,2006,0.17
Agricultural Production Foodgrains Coarse Cereals Area Punjab,"Annual, Ending mar Of Each Year",ha mn,2006,0.18
Agricultural Production Foodgrains Coarse Cereals Area Rajasthan,"Annual, Ending mar Of Each Year",ha mn,2006,6.77
Agricultural Production Foodgrains Coarse Cereals Area Tamil Nadu,"Annual, Ending mar Of Each Year",ha mn,2006,0.74
Agricultural Production Foodgrains Coarse Cereals Area Uttar Pradesh,"Annual, Ending mar Of Each Year",ha mn,2006,2.15
Agricultural Production Foodgrains Coarse Cereals Area Uttaranchal,"Annual, Ending mar Of Each Year",ha mn,2006,0.27
Agricultural Production Foodgrains Coarse Cereals Area West Bengal,"Annual, Ending mar Of Each Year",ha mn,2006,0.07
Agricultural Production Foodgrains Coarse Cereals Area Others,"Annual, Ending mar Of Each Year",ha mn,2006,4.13
Agricultural Production Foodgrains Coarse Cereals Volume Andhra Pradesh,"Annual, Ending mar Of Each Year",Ton th,2006,3862.0
Agricultural Production Foodgrains Coarse Cereals Volume Arunachal Pradesh,"Annual, Ending mar Of Each Year",Ton th,2006,80.3
Agricultural Production Foodgrains Coarse Cereals Volume Assam,"Annual, Ending mar Of Each Year",Ton th,2006,17.6
Agricultural Production Foodgrains Coarse Cereals Volume Bihar,"Annual, Ending mar Of Each Year",Ton th,2006,1405.5
Agricultural Production Foodgrains Coarse Cereals Volume Chhattisgarh,"Annual, Ending mar Of Each Year",Ton th,2006,159.3
Agricultural Production Foodgrains Coarse Cereals Volume Goa,"Annual, Ending mar Of Each Year",Ton th,2006,1.0
Agricultural Production Foodgrains Coarse Cereals Volume Gujarat,"Annual, Ending mar Of Each Year",Ton th,2006,1836.0
Agricultural Production Foodgrains Coarse Cereals Volume Haryana,"Annual, Ending mar Of Each Year",Ton th,2006,813.0
Agricultural Production Foodgrains Coarse Cereals Volume Himachal Pradesh,"Annual, Ending mar Of Each Year",Ton th,2006,570.7
Agricultural Production Foodgrains Coarse Cereals Volume Jammu and Kashmir,"Annual, Ending mar Of Each Year",Ton th,2006,467.7
Agricultural Production Foodgrains Coarse Cereals Volume Jharkhand,"Annual, Ending mar Of Each Year",Ton th,2006,259.6
Agricultural Production Foodgrains Coarse Cereals Volume Karnataka,"Annual, Ending mar Of Each Year",Ton th,2006,6564.0
Agricultural Production Foodgrains Coarse Cereals Volume Kerala,"Annual, Ending mar Of Each Year",Ton th,2006,1.5
Agricultural Production Foodgrains Coarse Cereals Volume Madhya Pradesh,"Annual, Ending mar Of Each Year",Ton th,2006,2348.4
Agricultural Production Foodgrains Coarse Cereals Volume Maharashtra,"Annual, Ending mar Of Each Year",Ton th,2006,6087.0
Agricultural Production Foodgrains Coarse Cereals Volume Manipur,"Annual, Ending mar Of Each Year",Ton th,2006,7.9
Agricultural Production Foodgrains Coarse Cereals Volume Meghalaya,"Annual, Ending mar Of Each Year",Ton th,2006,26.4
Agricultural Production Foodgrains Coarse Cereals Volume Mizoram,"Annual, Ending mar Of Each Year",Ton th,2006,22.7
Agricultural Production Foodgrains Coarse Cereals Volume Nagaland,"Annual, Ending mar Of Each Year",Ton th,2006,120.1
Agricultural Production Foodgrains Coarse Cereals Volume Orissa,"Annual, Ending mar Of Each Year",Ton th,2006,159.9
Agricultural Production Foodgrains Coarse Cereals Volume Punjab,"Annual, Ending mar Of Each Year",Ton th,2006,472.0
Agricultural Production Foodgrains Coarse Cereals Volume Rajasthan,"Annual, Ending mar Of Each Year",Ton th,2006,4528.6
Agricultural Production Foodgrains Coarse Cereals Volume Sikkim,"Annual, Ending mar Of Each Year",Ton th,2006,63.7
Agricultural Production Foodgrains Coarse Cereals Volume Tamil Nadu,"Annual, Ending mar Of Each Year",Ton th,2006,730.2
Agricultural Production Foodgrains Coarse Cereals Volume Tripura,"Annual, Ending mar Of Each Year",Ton th,2006,2.2
Agricultural Production Foodgrains Coarse Cereals Volume Union Territories,"Annual, Ending mar Of Each Year",Ton th,2006,17.5
Agricultural Production Foodgrains Coarse Cereals Volume Uttar Pradesh,"Annual, Ending mar Of Each Year",Ton th,2006,2971.2
Agricultural Production Foodgrains Coarse Cereals Volume Uttaranchal,"Annual, Ending mar Of Each Year",Ton th,2006,323.0
Agricultural Production Foodgrains Coarse Cereals Volume West Bengal,"Annual, Ending mar Of Each Year",Ton th,2006,150.3
Agricultural Production Foodgrains Coarse Cereals Yield Andhra Pradesh,"Annual, Ending mar Of Each Year",kg/ha,2006,2772.0
Agricultural Production Foodgrains Coarse Cereals Yield Bihar,"Annual, Ending mar Of Each Year",kg/ha,2006,2021.0
Agricultural Production Foodgrains Coarse Cereals Yield Chhattisgarh,"Annual, Ending mar Of Each Year",kg/ha,2006,460.0
Agricultural Production Foodgrains Coarse Cereals Yield Gujarat,"Annual, Ending mar Of Each Year",kg/ha,2006,1142.0
Agricultural Production Foodgrains Coarse Cereals Yield Haryana,"Annual, Ending mar Of Each Year",kg/ha,2006,1124.0
Agricultural Production Foodgrains Coarse Cereals Yield Himachal Pradesh,"Annual, Ending mar Of Each Year",kg/ha,2006,1715.0
Agricultural Production Foodgrains Coarse Cereals Yield Jammu and Kashmir,"Annual, Ending mar Of Each Year",kg/ha,2006,1344.0
Agricultural Production Foodgrains Coarse Cereals Yield Jharkhand,"Annual, Ending mar Of Each Year",kg/ha,2006,1165.0
Agricultural Production Foodgrains Coarse Cereals Yield Karnataka,"Annual, Ending mar Of Each Year",kg/ha,2006,1693.0
Agricultural Production Foodgrains Coarse Cereals Yield Madhya Pradesh,"Annual, Ending mar Of Each Year",kg/ha,2006,1150.0
Agricultural Production Foodgrains Coarse Cereals Yield Maharashtra,"Annual, Ending mar Of Each Year",kg/ha,2006,887.0
Agricultural Production Foodgrains Coarse Cereals Yield Orissa,"Annual, Ending mar Of Each Year",kg/ha,2006,968.0
Agricultural Production Foodgrains Coarse Cereals Yield Punjab,"Annual, Ending mar Of Each Year",kg/ha,2006,2697.0
Agricultural Production Foodgrains Coarse Cereals Yield Rajasthan,"Annual, Ending mar Of Each Year",kg/ha,2006,669.0
Agricultural Production Foodgrains Coarse Cereals Yield Tamil Nadu,"Annual, Ending mar Of Each Year",kg/ha,2006,985.0
Agricultural Production Foodgrains Coarse Cereals Yield Uttar Pradesh,"Annual, Ending mar Of Each Year",kg/ha,2006,1383.0
Agricultural Production Foodgrains Coarse Cereals Yield Uttaranchal,"Annual, Ending mar Of Each Year",kg/ha,2006,1188.0
Agricultural Production Foodgrains Coarse Cereals Yield West Bengal,"Annual, Ending mar Of Each Year",kg/ha,2006,2132.0
Agricultural Production Foodgrains,"Annual, Ending mar Of Each Year",Ton mn,2007,217.28212
Agricultural Production Foodgrains Kharif,"Annual, Ending mar Of Each Year",Ton mn,2007,110.57622
Agricultural Production Foodgrains Rabi,"Annual, Ending mar Of Each Year",Ton mn,2007,106.7059
Agricultural Production Foodgrains Rice,"Annual, Ending mar Of Each Year",Ton mn,2007,93.3553
Agricultural Production Foodgrains Rice Kharif,"Annual, Ending mar Of Each Year",Ton mn,2007,80.1708
Agricultural Production Foodgrains Rice Rabi,"Annual, Ending mar Of Each Year",Ton mn,2007,13.1845
Agricultural Production Foodgrains Wheat Rabi,"Annual, Ending mar Of Each Year",Ton mn,2007,75.8067
Agricultural Production Foodgrains Jowar,"Annual, Ending mar Of Each Year",Ton mn,2007,7.1508
Agricultural Production Foodgrains Jowar Kharif,"Annual, Ending mar Of Each Year",Ton mn,2007,3.7068
Agricultural Production Foodgrains Jowar Rabi,"Annual, Ending mar Of Each Year",Ton mn,2007,3.444
Agricultural Production Foodgrains Bajra Kharif,"Annual, Ending mar Of Each Year",Ton mn,2007,8.4237
Agricultural Production Foodgrains Maize,"Annual, Ending mar Of Each Year",Ton mn,2007,15.097
Agricultural Production Foodgrains Maize Kharif,"Annual, Ending mar Of Each Year",Ton mn,2007,11.5563
Agricultural Production Foodgrains Maize Rabi,"Annual, Ending mar Of Each Year",Ton mn,2007,3.5407
Agricultural Production Foodgrains Ragi Kharif,"Annual, Ending mar Of Each Year",Ton mn,2007,1.4436
Agricultural Production Foodgrains Small Millets Kharif,"Annual, Ending mar Of Each Year",Ton mn,2007,0.4796
Agricultural Production Foodgrains Barley Rabi,"Annual, Ending mar Of Each Year",Ton mn,2007,1.3279
Agricultural Production Foodgrains Coarse Cereals,"Annual, Ending mar Of Each Year",Ton mn,2007,33.9226
Agricultural Production Foodgrains Coarse Cereals Kharif,"Annual, Ending mar Of Each Year",Ton mn,2007,25.61
Agricultural Production Foodgrains Coarse Cereals Rabi,"Annual, Ending mar Of Each Year",Ton mn,2007,8.3126
Agricultural Production Foodgrains Cereals,"Annual, Ending mar Of Each Year",Ton mn,2007,203.0846
Agricultural Production Foodgrains Cereals Kharif,"Annual, Ending mar Of Each Year",Ton mn,2007,105.7808
Agricultural Production Foodgrains Cereals Rabi,"Annual, Ending mar Of Each Year",Ton mn,2007,97.3038
Agricultural Production Foodgrains Tur Kharif,"Annual, Ending mar Of Each Year",Ton mn,2007,2.3141
Agricultural Production Foodgrains Other Kharif Pulses Kharif,"Annual, Ending mar Of Each Year",Ton mn,2007,0.70402
Agricultural Production Foodgrains Gram Rabi,"Annual, Ending mar Of Each Year",Ton mn,2007,6.3337
Agricultural Production Foodgrains Other Kharif Pulses Rabi,"Annual, Ending mar Of Each Year",Ton mn,2007,2.2878
Agricultural Production Foodgrains Pulses,"Annual, Ending mar Of Each Year",Ton mn,2007,14.19752
Agricultural Production Foodgrains Pulses Kharif,"Annual, Ending mar Of Each Year",Ton mn,2007,4.79542
Agricultural Production Foodgrains Pulses Rabi,"Annual, Ending mar Of Each Year",Ton mn,2007,9.4021
Agricultural Production Oilseeds,"Annual, Ending mar Of Each Year",Ton mn,2007,24.2894
Agricultural Production Oilseeds Kharif,"Annual, Ending mar Of Each Year",Ton mn,2007,14.0121
Agricultural Production Oilseeds Rabi,"Annual, Ending mar Of Each Year",Ton mn,2007,10.2773
Agricultural Production Oilseeds Groundnut,"Annual, Ending mar Of Each Year",Ton mn,2007,4.8635
Agricultural Production Oilseeds Groundnut Kharif,"Annual, Ending mar Of Each Year",Ton mn,2007,3.2942
Agricultural Production Oilseeds Groundnut Rabi,"Annual, Ending mar Of Each Year",Ton mn,2007,1.5693
Agricultural Production Oilseeds Castorseed Kharif,"Annual, Ending mar Of Each Year",Ton mn,2007,0.7623
Agricultural Production Oilseeds Sesamun Kharif,"Annual, Ending mar Of Each Year",Ton mn,2007,0.6184
Agricultural Production Oilseeds Nigerseed Kharif,"Annual, Ending mar Of Each Year",Ton mn,2007,0.1209
Agricultural Production Oilseeds Rapeseed and Mustard Rabi,"Annual, Ending mar Of Each Year",Ton mn,2007,7.4378
Agricultural Production Oilseeds Linseed Rabi,"Annual, Ending mar Of Each Year",Ton mn,2007,0.1679
Agricultural Production Oilseeds Safflower Rabi,"Annual, Ending mar Of Each Year",Ton mn,2007,0.2403
Agricultural Production Oilseeds Sunflower,"Annual, Ending mar Of Each Year",Ton mn,2007,1.2275
Agricultural Production Oilseeds Sunflower Kharif,"Annual, Ending mar Of Each Year",Ton mn,2007,0.3655
Agricultural Production Oilseeds Sunflower Rabi,"Annual, Ending mar Of Each Year",Ton mn,2007,0.862
Agricultural Production Oilseeds Soyabean Kharif,"Annual, Ending mar Of Each Year",Ton mn,2007,8.8508
Agricultural Production Commercial Crops Cotton,"Annual, Ending mar Of Each Year",Bale mn,2007,22.6318
Agricultural Production Commercial Crops Jute,"Annual, Ending mar Of Each Year",Bale mn,2007,10.3171
Agricultural Production Commercial Crops Mesta,"Annual, Ending mar Of Each Year",Bale mn,2007,0.9559
Agricultural Production Commercial Crops Jute and Mesta,"Annual, Ending mar Of Each Year",Bale mn,2007,11.273
Agricultural Production Commercial Crops Sugarcane,"Annual, Ending mar Of Each Year",Ton mn,2007,355.5197
Agricultural Production Plantation Crops Potato,"Annual, Ending mar Of Each Year",Ton mn,2007,22.2
Agricultural Production Major Crops Target Rice,"Annual, Ending mar Of Each Year",Ton mn,2007,92.8
Agricultural Production Major Crops Target Wheat,"Annual, Ending mar Of Each Year",Ton mn,2007,75.53
Agricultural Production Major Crops Target Coarse Cereals,"Annual, Ending mar Of Each Year",Ton mn,2007,36.52
Agricultural Production Major Crops Target Pulses,"Annual, Ending mar Of Each Year",Ton mn,2007,15.15
Agricultural Production Major Crops Target Foodgrains,"Annual, Ending mar Of Each Year",Ton mn,2007,220.0
Agricultural Production Major Crops Target Oilseeds,"Annual, Ending mar Of Each Year",Ton mn,2007,29.4
Agricultural Production Major Crops Target Sugarcane,"Annual, Ending mar Of Each Year",Ton mn,2007,270.0
Agricultural Production Major Crops Target Cotton,"Annual, Ending mar Of Each Year",Ton mn,2007,18.5
Agricultural Production Major Crops Target Jute and Mesta,"Annual, Ending mar Of Each Year",Ton mn,2007,11.28
Agricultural Production Major Crops Achievements Rice,"Annual, Ending mar Of Each Year",Ton mn,2007,93.35
Agricultural Production Major Crops Achievements Wheat,"Annual, Ending mar Of Each Year",Ton mn,2007,75.81
Agricultural Production Major Crops Achievements Coarse Cereals,"Annual, Ending mar Of Each Year",Ton mn,2007,33.92
Agricultural Production Major Crops Achievements Pulses,"Annual, Ending mar Of Each Year",Ton mn,2007,14.2
Agricultural Production Major Crops Achievements Foodgrains,"Annual, Ending mar Of Each Year",Ton mn,2007,217.28
Agricultural Production Major Crops Achievements Oilseeds,"Annual, Ending mar Of Each Year",Ton mn,2007,24.29
Agricultural Production Major Crops Achievements Sugarcane,"Annual, Ending mar Of Each Year",Ton mn,2007,355.52
Agricultural Production Major Crops Achievements Cotton,"Annual, Ending mar Of Each Year",Ton mn,2007,22.63
Agricultural Production Major Crops Achievements Jute and Mesta,"Annual, Ending mar Of Each Year",Ton mn,2007,11.27
Agricultural Production Area,"Annual, Ending mar Of Each Year",ha mn,2007,123.71
Agricultural Production Volume,"Annual, Ending mar Of Each Year",Ton mn,2007,217.28
Agricultural Production Yield,"Annual, Ending mar Of Each Year",kg/ha,2007,1756.0
Agricultural Production Kharif Area,"Annual, Ending mar Of Each Year",ha mn,2007,72.67
Agricultural Production Kharif Volume,"Annual, Ending mar Of Each Year",Ton mn,2007,110.58
Agricultural Production Kharif Yield,"Annual, Ending mar Of Each Year",kg/ha,2007,1522.0
Agricultural Production Rabi Area,"Annual, Ending mar Of Each Year",ha mn,2007,51.04
Agricultural Production Rabi Volume,"Annual, Ending mar Of Each Year",Ton mn,2007,106.71
Agricultural Production Rabi Yield,"Annual, Ending mar Of Each Year",kg/ha,2007,2091.0
Agriculture Production Foodgrains Area 5 Yr Avg Foodgrains Total,"Annual, Ending mar Of Each Year",ha mn,2007,120.54
Agriculture Production Foodgrains Area 5 Yr Avg Foodgrains Kharif,"Annual, Ending mar Of Each Year",ha mn,2007,72.33
Agriculture Production Foodgrains Area 5 Yr Avg Foodgrains Rabi,"Annual, Ending mar Of Each Year",ha mn,2007,48.21
Agriculture Production Foodgrains Area 5 Yr Avg Foodgrains Coarse Cereals Total,"Annual, Ending mar Of Each Year",ha mn,2007,28.91
Agriculture Production Foodgrains Area 5 Yr Avg Foodgrains Coarse Cereals Kharif,"Annual, Ending mar Of Each Year",ha mn,2007,22.55
Agriculture Production Foodgrains Area 5 Yr Avg Foodgrains Coarse Cereals Rabi,"Annual, Ending mar Of Each Year",ha mn,2007,6.36
Agriculture Production Foodgrains Area 5 Yr Avg Foodgrains Coarse Cereals Rice Total,"Annual, Ending mar Of Each Year",ha mn,2007,42.63
Agricultural Production Foodgrains Area 5 Yr Avg Foodgrains Coarse Cereals Rice Kharif,"Annual, Ending mar Of Each Year",ha mn,2007,38.91
Agriculture Production Foodgrains Area 5 Yr Avg Foodgrains Coarse Cereals Rice Rabi,"Annual, Ending mar Of Each Year",ha mn,2007,3.72
Agriculture Production Foodgrains Area 5 Yr Avg Foodgrains Coarse Cereals Wheat Rabi,"Annual, Ending mar Of Each Year",ha mn,2007,26.53
Agriculture Production Foodgrains Area 5 Yr Avg Foodgrains Coarse Cereals Jowar Total,"Annual, Ending mar Of Each Year",ha mn,2007,8.97
Agriculture Production Foodgrains Area 5 Yr Avg Foodgrains Coarse Cereals Jowar Kharif,"Annual, Ending mar Of Each Year",ha mn,2007,4.06
Agriculture Production Foodgrains Area 5 Yr Avg Foodgrains Coarse Cereals Jowar Rabi,"Annual, Ending mar Of Each Year",ha mn,2007,4.91
Agriculture Production Foodgrains Area 5 Yr Avg Foodgrains Coarse Cereals Bajra Kharif,"Annual, Ending mar Of Each Year",ha mn,2007,9.33
Agriculture Production Foodgrains Area 5 Yr Avg Foodgrains Coarse Cereals Maize Total,"Annual, Ending mar Of Each Year",ha mn,2007,7.38
Agriculture Production Foodgrains Area 5 Yr Avg Foodgrains Coarse Cereals Maize Kharif,"Annual, Ending mar Of Each Year",ha mn,2007,6.58
Agriculture Production Foodgrains Area 5 Yr Avg Foodgrains Coarse Cereals Maize Rabi,"Annual, Ending mar Of Each Year",ha mn,2007,0.8
Agriculture Production Foodgrains Area 5 Yr Avg Foodgrains Pulses Total,"Annual, Ending mar Of Each Year",ha mn,2007,22.46
Agriculture Production Foodgrains Area 5 Yr Avg Foodgrains Pulses Kharif,"Annual, Ending mar Of Each Year",ha mn,2007,10.86
Agriculture Production Foodgrains Area 5 Yr Avg Foodgrains Pulses Rabi,"Annual, Ending mar Of Each Year",ha mn,2007,11.6
Agriculture Production Foodgrains Area 5 Yr Avg Foodgrains Pulses Tur Kharif,"Annual, Ending mar Of Each Year",ha mn,2007,3.51
Agriculture Production Foodgrains Area 5 Yr Avg Foodgrains Pulses Gram Rabi,"Annual, Ending mar Of Each Year",ha mn,2007,6.82
Agriculture Production Foodgrains Area 5 Yr Avg Oilseeds Nine Oilseeds,"Annual, Ending mar Of Each Year",ha mn,2007,25.41
Agriculture Production Foodgrains Area 5 Yr Avg Oilseeds Nine Oilseeds Groundnut,"Annual, Ending mar Of Each Year",ha mn,2007,6.18
Agriculture Production Foodgrains Area 5 Yr Avg Oilseeds Nine Oilseeds Rapeseed and Mustard Rabi,"Annual, Ending mar Of Each Year",ha mn,2007,6.27
Agriculture Production Foodgrains Area 5 Yr Avg Oilseeds Nine Oilseeds Soyabean Kharif,"Annual, Ending mar Of Each Year",ha mn,2007,7.25
Agriculture Production Foodgrains Area 5 Yr Avg Oilseeds Nine Oilseeds Sunflower,"Annual, Ending mar Of Each Year",ha mn,2007,2.06
Agriculture Production Foodgrains Area 5 Yr Avg Other Cash Crops Cotton,"Annual, Ending mar Of Each Year",ha mn,2007,8.38
Agriculture Production Foodgrains Area 5 Yr Avg Other Cash Crops Jute and Mesta,"Annual, Ending mar Of Each Year",ha mn,2007,0.96
Agriculture Production Foodgrains Area 5 Yr Avg Other Cash Crops Onion,"Annual, Ending mar Of Each Year",ha mn,2007,0.55
Agriculture Production Foodgrains Area 5 Yr Avg Other Cash Crops Potato,"Annual, Ending mar Of Each Year",ha mn,2007,1.37
Agriculture Production Foodgrains Area 5 Yr Avg Other Cash Crops Sugarcane,"Annual, Ending mar Of Each Year",ha mn,2007,4.29
Agriculture Production Foodgrains Production Foodgrains Total,"Annual, Ending mar Of Each Year",Ton mn,2007,202.44
Agriculture Production Foodgrains Production Foodgrains Kharif,"Annual, Ending mar Of Each Year",Ton mn,2007,105.6
Agriculture Production Foodgrains Production Foodgrains Rabi,"Annual, Ending mar Of Each Year",Ton mn,2007,96.84
Agriculture Production Foodgrains Production Foodgrains Coarse Cereals Total,"Annual, Ending mar Of Each Year",Ton mn,2007,33.02
Agriculture Production Foodgrains Production Foodgrains Coarse Cereals Kharif,"Annual, Ending mar Of Each Year",Ton mn,2007,26.18
Agriculture Production Foodgrains Production Foodgrains Coarse Cereals Rabi,"Annual, Ending mar Of Each Year",Ton mn,2007,6.84
Agriculture Production Foodgrains Production Foodgrains Coarse Cereals Rice Total,"Annual, Ending mar Of Each Year",Ton mn,2007,85.72
Agricultural Production Foodgrains Production Foodgrains Coarse Cereals Rice Kharif,"Annual, Ending mar Of Each Year",Ton mn,2007,74.47
Agriculture Production Foodgrains Production Foodgrains Coarse Cereals Rice Rabi,"Annual, Ending mar Of Each Year",Ton mn,2007,11.25
Agriculture Production Foodgrains Production Foodgrains Coarse Cereals Wheat Rabi,"Annual, Ending mar Of Each Year",Ton mn,2007,70.34
Agriculture Production Foodgrains Production Foodgrains Coarse Cereals Jowar Total,"Annual, Ending mar Of Each Year",Ton mn,2007,7.14
Agriculture Production Foodgrains Production Foodgrains Coarse Cereals Jowar Kharif,"Annual, Ending mar Of Each Year",Ton mn,2007,4.18
Agriculture Production Foodgrains Production Foodgrains Coarse Cereals Jowar Rabi,"Annual, Ending mar Of Each Year",Ton mn,2007,2.96
Agriculture Production Foodgrains Production Foodgrains Coarse Cereals Bajra Kharif,"Annual, Ending mar Of Each Year",Ton mn,2007,8.17
Agriculture Production Foodgrains Production Foodgrains Coarse Cereals Maize Total,"Annual, Ending mar Of Each Year",Ton mn,2007,14.02
Agriculture Production Foodgrains Production Foodgrains Coarse Cereals Maize Kharif,"Annual, Ending mar Of Each Year",Ton mn,2007,11.44
Agriculture Production Foodgrains Production Foodgrains Coarse Cereals Maize Rabi,"Annual, Ending mar Of Each Year",Ton mn,2007,2.58
Agriculture Production Foodgrains Production Foodgrains Pulses Total,"Annual, Ending mar Of Each Year",Ton mn,2007,13.35
Agriculture Production Foodgrains Production Foodgrains Pulses Tur Kharif,"Annual, Ending mar Of Each Year",Ton mn,2007,2.39
Agriculture Production Foodgrains Production Foodgrains Pulses Gram Rabi,"Annual, Ending mar Of Each Year",Ton mn,2007,5.47
Agriculture Production Foodgrains Production Foodgrains Pulses Kharif,"Annual, Ending mar Of Each Year",Ton mn,2007,4.94
Agriculture Production Foodgrains Production Foodgrains Pulses Rabi,"Annual, Ending mar Of Each Year",Ton mn,2007,8.41
Agriculture Production Foodgrains Production Oilseeds Nine Oilseeds,"Annual, Ending mar Of Each Year",Ton mn,2007,23.33
Agriculture Production Foodgrains Production Oilseeds Nine Oilseeds Groundnut,"Annual, Ending mar Of Each Year",Ton mn,2007,6.38
Agriculture Production Foodgrains Production Oilseeds Nine Oilseeds Rapeseed and Mustard Rabi,"Annual, Ending mar Of Each Year",Ton mn,2007,6.67
Agriculture Production Foodgrains Production Oilseeds Nine Oilseeds Soyabean Kharif,"Annual, Ending mar Of Each Year",Ton mn,2007,7.29
Agriculture Production Foodgrains Production Oilseeds Nine Oilseeds Sunflower,"Annual, Ending mar Of Each Year",Ton mn,2007,1.13
Agriculture Production Foodgrains Production Other Cash Crops Cotton,"Annual, Ending mar Of Each Year",Ton mn,2007,15.98
Agriculture Production Foodgrains Production Other Cash Crops Jute and Mesta,"Annual, Ending mar Of Each Year",Ton mn,2007,10.97
Agriculture Production Foodgrains Production Other Cash Crops Onion,"Annual, Ending mar Of Each Year",Ton mn,2007,6.54
Agriculture Production Foodgrains Production Other Cash Crops Potato,"Annual, Ending mar Of Each Year",Ton mn,2007,23.19
Agriculture Production Foodgrains Production Other Cash Crops Sugarcane,"Annual, Ending mar Of Each Year",Ton mn,2007,279.01
Agriculture Production Foodgrains Yield Foodgrains Total,"Annual, Ending mar Of Each Year",kg/ha,2007,1679.0
Agriculture Production Foodgrains Yield Foodgrains Kharif,"Annual, Ending mar Of Each Year",kg/ha,2007,1460.0
Agriculture Production Foodgrains Yield Foodgrains Rabi,"Annual, Ending mar Of Each Year",kg/ha,2007,2009.0
Agriculture Production Foodgrains Yield Foodgrains Coarse Cereals Total,"Annual, Ending mar Of Each Year",kg/ha,2007,1142.0
Agriculture Production Foodgrains Yield Foodgrains Coarse Cereals Kharif,"Annual, Ending mar Of Each Year",kg/ha,2007,1161.0
Agriculture Production Foodgrains Yield Foodgrains Coarse Cereals Rabi,"Annual, Ending mar Of Each Year",kg/ha,2007,1075.0
Agriculture Production Foodgrains Yield Foodgrains Coarse Cereals Rice Total,"Annual, Ending mar Of Each Year",kg/ha,2007,2011.0
Agricultural Production Foodgrains Yield Foodgrains Coarse Cereals Rice Kharif,"Annual, Ending mar Of Each Year",kg/ha,2007,1914.0
Agriculture Production Foodgrains Yield Foodgrains Coarse Cereals Rice Rabi,"Annual, Ending mar Of Each Year",kg/ha,2007,3027.0
Agriculture Production Foodgrains Yield Foodgrains Coarse Cereals Wheat Rabi,"Annual, Ending mar Of Each Year",kg/ha,2007,2651.0
Agriculture Production Foodgrains Yield Foodgrains Coarse Cereals Jowar Total,"Annual, Ending mar Of Each Year",kg/ha,2007,796.0
Agriculture Production Foodgrains Yield Foodgrains Coarse Cereals Jowar Kharif,"Annual, Ending mar Of Each Year",kg/ha,2007,1029.0
Agriculture Production Foodgrains Yield Foodgrains Coarse Cereals Jowar Rabi,"Annual, Ending mar Of Each Year",kg/ha,2007,604.0
Agriculture Production Foodgrains Yield Foodgrains Coarse Cereals Bajra Kharif,"Annual, Ending mar Of Each Year",kg/ha,2007,876.0
Agriculture Production Foodgrains Yield Foodgrains Coarse Cereals Maize Total,"Annual, Ending mar Of Each Year",kg/ha,2007,1901.0
Agriculture Production Foodgrains Yield Foodgrains Coarse Cereals Maize Kharif,"Annual, Ending mar Of Each Year",kg/ha,2007,1740.0
Agriculture Production Foodgrains Yield Foodgrains Coarse Cereals Maize Rabi,"Annual, Ending mar Of Each Year",kg/ha,2007,3220.0
Agriculture Production Foodgrains Yield Foodgrains Pulses Total,"Annual, Ending mar Of Each Year",kg/ha,2007,594.0
Agriculture Production Foodgrains Yield Foodgrains Pulses Kharif,"Annual, Ending mar Of Each Year",kg/ha,2007,455.0
Agriculture Production Foodgrains Yield Foodgrains Pulses Rabi,"Annual, Ending mar Of Each Year",kg/ha,2007,725.0
Agriculture Production Foodgrains Yield Foodgrains Pulses Tur Kharif,"Annual, Ending mar Of Each Year",kg/ha,2007,681.0
Agriculture Production Foodgrains Yield Foodgrains Pulses Gram Rabi,"Annual, Ending mar Of Each Year",kg/ha,2007,803.0
Agriculture Production Foodgrains Yield Oilseeds Nine Oilseeds,"Annual, Ending mar Of Each Year",kg/ha,2007,918.0
Agriculture Production Foodgrains Yield Oilseeds Nine Oilseeds Groundnut,"Annual, Ending mar Of Each Year",kg/ha,2007,1031.0
Agriculture Production Foodgrains Yield Oilseeds Nine Oilseeds Rapeseed and Mustard Rabi,"Annual, Ending mar Of Each Year",kg/ha,2007,1063.0
Agriculture Production Foodgrains Yield Oilseeds Nine Oilseeds Soyabean Kharif,"Annual, Ending mar Of Each Year",kg/ha,2007,1006.0
Agriculture Production Foodgrains Yield Oilseeds Nine Oilseeds Sunflower,"Annual, Ending mar Of Each Year",kg/ha,2007,549.0
Agriculture Production Foodgrains Yield Other Cash Crops Cotton,"Annual, Ending mar Of Each Year",kg/ha,2007,324.0
Agriculture Production Foodgrains Yield Other Cash Crops Jute and Mesta,"Annual, Ending mar Of Each Year",kg/ha,2007,2063.0
Agriculture Production Foodgrains Yield Other Cash Crops Onion,"Annual, Ending mar Of Each Year",kg/ha,2007,11987.0
Agriculture Production Foodgrains Yield Other Cash Crops Potato,"Annual, Ending mar Of Each Year",kg/ha,2007,16962.0
Agriculture Production Foodgrains Yield Other Cash Crops Sugarcane,"Annual, Ending mar Of Each Year",kg/ha,2007,64969.0
Agricultural Production Foodgrains Area Andhra Pradesh,"Annual, Ending mar Of Each Year",ha mn,2007,7.27
Agricultural Production Foodgrains Area Assam,"Annual, Ending mar Of Each Year",ha mn,2007,2.38
Agricultural Production Foodgrains Area Bihar,"Annual, Ending mar Of Each Year",ha mn,2007,6.7
Agricultural Production Foodgrains Area Chhattisgarh,"Annual, Ending mar Of Each Year",ha mn,2007,5.06
Agricultural Production Foodgrains Area Gujarat,"Annual, Ending mar Of Each Year",ha mn,2007,4.57
Agricultural Production Foodgrains Area Haryana,"Annual, Ending mar Of Each Year",ha mn,2007,4.35
Agricultural Production Foodgrains Area Jharkhand,"Annual, Ending mar Of Each Year",ha mn,2007,2.38
Agricultural Production Foodgrains Area Karnataka,"Annual, Ending mar Of Each Year",ha mn,2007,7.45
Agricultural Production Foodgrains Area Madhya Pradesh,"Annual, Ending mar Of Each Year",ha mn,2007,11.78
Agricultural Production Foodgrains Area Maharashtra,"Annual, Ending mar Of Each Year",ha mn,2007,13.45
Agricultural Production Foodgrains Area Orissa,"Annual, Ending mar Of Each Year",ha mn,2007,5.4
Agricultural Production Foodgrains Area Punjab,"Annual, Ending mar Of Each Year",ha mn,2007,6.3
Agricultural Production Foodgrains Area Rajasthan,"Annual, Ending mar Of Each Year",ha mn,2007,12.7
Agricultural Production Foodgrains Area Tamil Nadu,"Annual, Ending mar Of Each Year",ha mn,2007,3.17
Agricultural Production Foodgrains Area Uttar Pradesh,"Annual, Ending mar Of Each Year",ha mn,2007,20.04
Agricultural Production Foodgrains Area Uttaranchal,"Annual, Ending mar Of Each Year",ha mn,2007,0.99
Agricultural Production Foodgrains Area West Bengal,"Annual, Ending mar Of Each Year",ha mn,2007,6.36
Agricultural Production Foodgrains Area Others,"Annual, Ending mar Of Each Year",ha mn,2007,3.36
Agricultural Production Foodgrains Volume Andhra Pradesh,"Annual, Ending mar Of Each Year",Ton mn,2007,16.229
Agricultural Production Foodgrains Volume Assam,"Annual, Ending mar Of Each Year",Ton mn,2007,3.06
Agricultural Production Foodgrains Volume Bihar,"Annual, Ending mar Of Each Year",Ton mn,2007,11.0986
Agricultural Production Foodgrains Volume Chhattisgarh,"Annual, Ending mar Of Each Year",Ton mn,2007,5.805
Agricultural Production Foodgrains Volume Gujarat,"Annual, Ending mar Of Each Year",Ton mn,2007,6.499
Agricultural Production Foodgrains Volume Haryana,"Annual, Ending mar Of Each Year",Ton mn,2007,14.763
Agricultural Production Foodgrains Volume Jharkhand,"Annual, Ending mar Of Each Year",Ton mn,2007,3.6868
Agricultural Production Foodgrains Volume Karnataka,"Annual, Ending mar Of Each Year",Ton mn,2007,9.599
Agricultural Production Foodgrains Volume Madhya Pradesh,"Annual, Ending mar Of Each Year",Ton mn,2007,13.747
Agricultural Production Foodgrains Volume Maharashtra,"Annual, Ending mar Of Each Year",Ton mn,2007,12.6451
Agricultural Production Foodgrains Volume Orissa,"Annual, Ending mar Of Each Year",Ton mn,2007,7.3447
Agricultural Production Foodgrains Volume Punjab,"Annual, Ending mar Of Each Year",Ton mn,2007,25.3131
Agricultural Production Foodgrains Volume Rajasthan,"Annual, Ending mar Of Each Year",Ton mn,2007,14.2088
Agricultural Production Foodgrains Volume Tamil Nadu,"Annual, Ending mar Of Each Year",Ton mn,2007,8.263
Agricultural Production Foodgrains Volume Uttar Pradesh,"Annual, Ending mar Of Each Year",Ton mn,2007,41.2145
Agricultural Production Foodgrains Volume Uttaranchal,"Annual, Ending mar Of Each Year",Ton mn,2007,1.735
Agricultural Production Foodgrains Volume West Bengal,"Annual, Ending mar Of Each Year",Ton mn,2007,15.9745
Agricultural Production Foodgrains Yield Andhra Pradesh,"Annual, Ending mar Of Each Year",kg/ha,2007,2231.0
Agricultural Production Foodgrains Yield Assam,"Annual, Ending mar Of Each Year",kg/ha,2007,1286.0
Agricultural Production Foodgrains Yield Bihar,"Annual, Ending mar Of Each Year",kg/ha,2007,1656.0
Agricultural Production Foodgrains Yield Chhattisgarh,"Annual, Ending mar Of Each Year",kg/ha,2007,1148.0
Agricultural Production Foodgrains Yield Gujarat,"Annual, Ending mar Of Each Year",kg/ha,2007,1423.0
Agricultural Production Foodgrains Yield Haryana,"Annual, Ending mar Of Each Year",kg/ha,2007,3393.0
Agricultural Production Foodgrains Yield Jharkhand,"Annual, Ending mar Of Each Year",kg/ha,2007,1550.0
Agricultural Production Foodgrains Yield Karnataka,"Annual, Ending mar Of Each Year",kg/ha,2007,1289.0
Agricultural Production Foodgrains Yield Madhya Pradesh,"Annual, Ending mar Of Each Year",kg/ha,2007,1167.0
Agricultural Production Foodgrains Yield Maharashtra,"Annual, Ending mar Of Each Year",kg/ha,2007,940.0
Agricultural Production Foodgrains Yield Orissa,"Annual, Ending mar Of Each Year",kg/ha,2007,1369.0
Agricultural Production Foodgrains Yield Punjab,"Annual, Ending mar Of Each Year",kg/ha,2007,1359.0
Agricultural Production Foodgrains Yield Rajasthan,"Annual, Ending mar Of Each Year",kg/ha,2007,4017.0
Agricultural Production Foodgrains Yield Tamil Nadu,"Annual, Ending mar Of Each Year",kg/ha,2007,1354.0
Agricultural Production Foodgrains Yield Uttar Pradesh,"Annual, Ending mar Of Each Year",kg/ha,2007,2399.0
Agricultural Production Foodgrains Yield Uttaranchal,"Annual, Ending mar Of Each Year",kg/ha,2007,2057.0
Agricultural Production Foodgrains Yield West Bengal,"Annual, Ending mar Of Each Year",kg/ha,2007,1760.0
Agricultural Production Foodgrains Rice Area,"Annual, Ending mar Of Each Year",ha mn,2007,43.81
Agricultural Production Foodgrains Rice Volume,"Annual, Ending mar Of Each Year",Ton mn,2007,93.36
Agricultural Production Foodgrains Rice Yield,"Annual, Ending mar Of Each Year",kg/ha,2007,2131.0
Agricultural Production Foodgrains Rice Area Andhra Pradesh,"Annual, Ending mar Of Each Year",ha mn,2007,3.98
Agricultural Production Foodgrains Rice Area Assam,"Annual, Ending mar Of Each Year",ha mn,2007,2.19
Agricultural Production Foodgrains Rice Area Bihar,"Annual, Ending mar Of Each Year",ha mn,2007,3.36
Agricultural Production Foodgrains Rice Area Chhattisgarh,"Annual, Ending mar Of Each Year",ha mn,2007,3.72
Agricultural Production Foodgrains Rice Area Gujarat,"Annual, Ending mar Of Each Year",ha mn,2007,0.73
Agricultural Production Foodgrains Rice Area Haryana,"Annual, Ending mar Of Each Year",ha mn,2007,1.04
Agricultural Production Foodgrains Rice Area Jharkland,"Annual, Ending mar Of Each Year",ha mn,2007,1.62
Agricultural Production Foodgrains Rice Area Karnataka,"Annual, Ending mar Of Each Year",ha mn,2007,1.4
Agricultural Production Foodgrains Rice Area Kerala,"Annual, Ending mar Of Each Year",ha mn,2007,0.26
Agricultural Production Foodgrains Rice Area Madhya Pradesh,"Annual, Ending mar Of Each Year",ha mn,2007,1.66
Agricultural Production Foodgrains Rice Area Maharashtra,"Annual, Ending mar Of Each Year",ha mn,2007,1.53
Agricultural Production Foodgrains Rice Area Orissa,"Annual, Ending mar Of Each Year",ha mn,2007,4.45
Agricultural Production Foodgrains Rice Area Punjab,"Annual, Ending mar Of Each Year",ha mn,2007,2.62
Agricultural Production Foodgrains Rice Area Tamil Nadu,"Annual, Ending mar Of Each Year",ha mn,2007,1.93
Agricultural Production Foodgrains Rice Area Uttar Pradesh,"Annual, Ending mar Of Each Year",ha mn,2007,5.92
Agricultural Production Foodgrains Rice Area West Bengal,"Annual, Ending mar Of Each Year",ha mn,2007,5.69
Agricultural Production Foodgrains Rice Area Others,"Annual, Ending mar Of Each Year",ha mn,2007,1.71
Agricultural Production Foodgrains Rice Volume Andhra Pradesh,"Annual, Ending mar Of Each Year",Ton th,2007,11872.0
Agricultural Production Foodgrains Rice Volume Arunachal Pradesh,"Annual, Ending mar Of Each Year",Ton th,2007,146.2
Agricultural Production Foodgrains Rice Volume Assam,"Annual, Ending mar Of Each Year",Ton th,2007,2916.0
Agricultural Production Foodgrains Rice Volume Bihar,"Annual, Ending mar Of Each Year",Ton th,2007,4989.3
Agricultural Production Foodgrains Rice Volume Chhattisgarh,"Annual, Ending mar Of Each Year",Ton th,2007,5041.4
Agricultural Production Foodgrains Rice Volume Goa,"Annual, Ending mar Of Each Year",Ton th,2007,130.3
Agricultural Production Foodgrains Rice Volume Gujarat,"Annual, Ending mar Of Each Year",Ton th,2007,1390.0
Agricultural Production Foodgrains Rice Volume Haryana,"Annual, Ending mar Of Each Year",Ton th,2007,3371.0
Agricultural Production Foodgrains Rice Volume Himachal Pradesh,"Annual, Ending mar Of Each Year",Ton th,2007,123.5
Agricultural Production Foodgrains Rice Volume Jammu and Kashmir,"Annual, Ending mar Of Each Year",Ton th,2007,554.0
Agricultural Production Foodgrains Rice Volume Jharkhand,"Annual, Ending mar Of Each Year",Ton th,2007,2967.8
Agricultural Production Foodgrains Rice Volume Karnataka,"Annual, Ending mar Of Each Year",Ton th,2007,3446.0
Agricultural Production Foodgrains Rice Volume Kerala,"Annual, Ending mar Of Each Year",Ton th,2007,631.0
Agricultural Production Foodgrains Rice Volume Madhya Pradesh,"Annual, Ending mar Of Each Year",Ton th,2007,1368.4
Agricultural Production Foodgrains Rice Volume Maharashtra,"Annual, Ending mar Of Each Year",Ton th,2007,2569.0
Agricultural Production Foodgrains Rice Volume Manipur,"Annual, Ending mar Of Each Year",Ton th,2007,386.1
Agricultural Production Foodgrains Rice Volume Meghalaya,"Annual, Ending mar Of Each Year",Ton th,2007,200.2
Agricultural Production Foodgrains Rice Volume Mizoram,"Annual, Ending mar Of Each Year",Ton th,2007,29.5
Agricultural Production Foodgrains Rice Volume Nagaland,"Annual, Ending mar Of Each Year",Ton th,2007,263.5
Agricultural Production Foodgrains Rice Volume Orissa,"Annual, Ending mar Of Each Year",Ton th,2007,6824.7
Agricultural Production Foodgrains Rice Volume Punjab,"Annual, Ending mar Of Each Year",Ton th,2007,10138.0
Agricultural Production Foodgrains Rice Volume Rajasthan,"Annual, Ending mar Of Each Year",Ton th,2007,169.8
Agricultural Production Foodgrains Rice Volume Sikkim,"Annual, Ending mar Of Each Year",Ton th,2007,21.5
Agricultural Production Foodgrains Rice Volume Tamil Nadu,"Annual, Ending mar Of Each Year",Ton th,2007,6610.6
Agricultural Production Foodgrains Rice Volume Tripura,"Annual, Ending mar Of Each Year",Ton th,2007,620.5
Agricultural Production Foodgrains Rice Volume Union Territories,"Annual, Ending mar Of Each Year",Ton th,2007,149.1
Agricultural Production Foodgrains Rice Volume Uttar Pradesh,"Annual, Ending mar Of Each Year",Ton th,2007,11124.0
Agricultural Production Foodgrains Rice Volume Uttaranchal,"Annual, Ending mar Of Each Year",Ton th,2007,556.0
Agricultural Production Foodgrains Rice Volume West Bengal,"Annual, Ending mar Of Each Year",Ton th,2007,14745.9
Agricultural Production Foodgrains Rice Yield Andhra Pradesh,"Annual, Ending mar Of Each Year",kg/ha,2007,2984.0
Agricultural Production Foodgrains Rice Yield Assam,"Annual, Ending mar Of Each Year",kg/ha,2007,1332.0
Agricultural Production Foodgrains Rice Yield Bihar,"Annual, Ending mar Of Each Year",kg/ha,2007,1486.0
Agricultural Production Foodgrains Rice Yield Chhattisgarh,"Annual, Ending mar Of Each Year",kg/ha,2007,1354.0
Agricultural Production Foodgrains Rice Yield Gujarat,"Annual, Ending mar Of Each Year",kg/ha,2007,1894.0
Agricultural Production Foodgrains Rice Yield Haryana,"Annual, Ending mar Of Each Year",kg/ha,2007,3238.0
Agricultural Production Foodgrains Rice Yield Jharkland,"Annual, Ending mar Of Each Year",kg/ha,2007,1828.0
Agricultural Production Foodgrains Rice Yield Karnataka,"Annual, Ending mar Of Each Year",kg/ha,2007,2470.0
Agricultural Production Foodgrains Rice Yield Kerala,"Annual, Ending mar Of Each Year",kg/ha,2007,2390.0
Agricultural Production Foodgrains Rice Yield Madhya Pradesh,"Annual, Ending mar Of Each Year",kg/ha,2007,824.0
Agricultural Production Foodgrains Rice Yield Maharashtra,"Annual, Ending mar Of Each Year",kg/ha,2007,1680.0
Agricultural Production Foodgrains Rice Yield Orissa,"Annual, Ending mar Of Each Year",kg/ha,2007,1534.0
Agricultural Production Foodgrains Rice Yield Punjab,"Annual, Ending mar Of Each Year",kg/ha,2007,3868.0
Agricultural Production Foodgrains Rice Yield Tamil Nadu,"Annual, Ending mar Of Each Year",kg/ha,2007,3423.0
Agricultural Production Foodgrains Rice Yield Uttar Pradesh,"Annual, Ending mar Of Each Year",kg/ha,2007,1879.0
Agricultural Production Foodgrains Rice Yield West Bengal,"Annual, Ending mar Of Each Year",kg/ha,2007,2593.0
Agricultural Production Foodgrains Wheat Area,"Annual, Ending mar Of Each Year",ha mn,2007,27.99
Agricultural Production Foodgrains Wheat Volume,"Annual, Ending mar Of Each Year",Ton mn,2007,75.81
Agricultural Production Foodgrains Wheat Yield,"Annual, Ending mar Of Each Year",kg/ha,2007,2708.0
Agricultural Production Foodgrains Wheat Area Assam,"Annual, Ending mar Of Each Year",ha mn,2007,0.06
Agricultural Production Foodgrains Wheat Area Bihar,"Annual, Ending mar Of Each Year",ha mn,2007,2.05
Agricultural Production Foodgrains Wheat Area Gujarat,"Annual, Ending mar Of Each Year",ha mn,2007,1.2
Agricultural Production Foodgrains Wheat Area Haryana,"Annual, Ending mar Of Each Year",ha mn,2007,2.38
Agricultural Production Foodgrains Wheat Area Himachal Pradesh,"Annual, Ending mar Of Each Year",ha mn,2007,0.36
Agricultural Production Foodgrains Wheat Area Jammu and Kashmir,"Annual, Ending mar Of Each Year",ha mn,2007,0.26
Agricultural Production Foodgrains Wheat Area Jharkhand,"Annual, Ending mar Of Each Year",ha mn,2007,0.08
Agricultural Production Foodgrains Wheat Area Karnataka,"Annual, Ending mar Of Each Year",ha mn,2007,0.27
Agricultural Production Foodgrains Wheat Area Madhya Pradesh,"Annual, Ending mar Of Each Year",ha mn,2007,3.99
Agricultural Production Foodgrains Wheat Area Maharashtra,"Annual, Ending mar Of Each Year",ha mn,2007,1.23
Agricultural Production Foodgrains Wheat Area Punjab,"Annual, Ending mar Of Each Year",ha mn,2007,3.47
Agricultural Production Foodgrains Wheat Area Rajasthan,"Annual, Ending mar Of Each Year",ha mn,2007,2.56
Agricultural Production Foodgrains Wheat Area Uttar Pradesh,"Annual, Ending mar Of Each Year",ha mn,2007,9.2
Agricultural Production Foodgrains Wheat Area Uttaranchal,"Annual, Ending mar Of Each Year",ha mn,2007,0.39
Agricultural Production Foodgrains Wheat Area West Bengal,"Annual, Ending mar Of Each Year",ha mn,2007,0.35
Agricultural Production Foodgrains Wheat Area Others,"Annual, Ending mar Of Each Year",ha mn,2007,0.14
Agricultural Production Foodgrains Wheat Volume Arunachal Pradesh,"Annual, Ending mar Of Each Year",Ton th,2007,6.3
Agricultural Production Foodgrains Wheat Volume Assam,"Annual, Ending mar Of Each Year",Ton th,2007,67.0
Agricultural Production Foodgrains Wheat Volume Bihar,"Annual, Ending mar Of Each Year",Ton th,2007,3911.4
Agricultural Production Foodgrains Wheat Volume Chhattisgarh,"Annual, Ending mar Of Each Year",Ton th,2007,91.7
Agricultural Production Foodgrains Wheat Volume Gujarat,"Annual, Ending mar Of Each Year",Ton th,2007,3000.0
Agricultural Production Foodgrains Wheat Volume Haryana,"Annual, Ending mar Of Each Year",Ton th,2007,10055.0
Agricultural Production Foodgrains Wheat Volume Himachal Pradesh,"Annual, Ending mar Of Each Year",Ton th,2007,501.6
Agricultural Production Foodgrains Wheat Volume Jammu and Kashmir,"Annual, Ending mar Of Each Year",Ton th,2007,492.2
Agricultural Production Foodgrains Wheat Volume Jharkhand,"Annual, Ending mar Of Each Year",Ton th,2007,128.9
Agricultural Production Foodgrains Wheat Volume Karnataka,"Annual, Ending mar Of Each Year",Ton th,2007,205.0
Agricultural Production Foodgrains Wheat Volume Madhya Pradesh,"Annual, Ending mar Of Each Year",Ton th,2007,7325.9
Agricultural Production Foodgrains Wheat Volume Maharashtra,"Annual, Ending mar Of Each Year",Ton th,2007,1631.1
Agricultural Production Foodgrains Wheat Volume Meghalaya,"Annual, Ending mar Of Each Year",Ton th,2007,1.2
Agricultural Production Foodgrains Wheat Volume Nagaland,"Annual, Ending mar Of Each Year",Ton th,2007,1.3
Agricultural Production Foodgrains Wheat Volume Orissa,"Annual, Ending mar Of Each Year",Ton th,2007,5.8
Agricultural Production Foodgrains Wheat Volume Punjab,"Annual, Ending mar Of Each Year",Ton th,2007,14596.0
Agricultural Production Foodgrains Wheat Volume Rajasthan,"Annual, Ending mar Of Each Year",Ton th,2007,7055.8
Agricultural Production Foodgrains Wheat Volume Sikkim,"Annual, Ending mar Of Each Year",Ton th,2007,9.0
Agricultural Production Foodgrains Wheat Volume Tripura,"Annual, Ending mar Of Each Year",Ton th,2007,1.8
Agricultural Production Foodgrains Wheat Volume Union Territories,"Annual, Ending mar Of Each Year",Ton th,2007,78.8
Agricultural Production Foodgrains Wheat Volume Uttar Pradesh,"Annual, Ending mar Of Each Year",Ton th,2007,25031.0
Agricultural Production Foodgrains Wheat Volume Uttaranchal,"Annual, Ending mar Of Each Year",Ton th,2007,801.0
Agricultural Production Foodgrains Wheat Volume West Bengal,"Annual, Ending mar Of Each Year",Ton th,2007,799.9
Agricultural Production Foodgrains Wheat Yield Assam,"Annual, Ending mar Of Each Year",kg/ha,2007,1117.0
Agricultural Production Foodgrains Wheat Yield Bihar,"Annual, Ending mar Of Each Year",kg/ha,2007,1908.0
Agricultural Production Foodgrains Wheat Yield Gujarat,"Annual, Ending mar Of Each Year",kg/ha,2007,2498.0
Agricultural Production Foodgrains Wheat Yield Haryana,"Annual, Ending mar Of Each Year",kg/ha,2007,4232.0
Agricultural Production Foodgrains Wheat Yield Himachal Pradesh,"Annual, Ending mar Of Each Year",kg/ha,2007,1385.0
Agricultural Production Foodgrains Wheat Yield Jammu and Kashmir,"Annual, Ending mar Of Each Year",kg/ha,2007,1893.0
Agricultural Production Foodgrains Wheat Yield Jharkhand,"Annual, Ending mar Of Each Year",kg/ha,2007,1529.0
Agricultural Production Foodgrains Wheat Yield Karnataka,"Annual, Ending mar Of Each Year",kg/ha,2007,762.0
Agricultural Production Foodgrains Wheat Yield Madhya Pradesh,"Annual, Ending mar Of Each Year",kg/ha,2007,1835.0
Agricultural Production Foodgrains Wheat Yield Maharashtra,"Annual, Ending mar Of Each Year",kg/ha,2007,1325.0
Agricultural Production Foodgrains Wheat Yield Punjab,"Annual, Ending mar Of Each Year",kg/ha,2007,4210.0
Agricultural Production Foodgrains Wheat Yield Rajasthan,"Annual, Ending mar Of Each Year",kg/ha,2007,2751.0
Agricultural Production Foodgrains Wheat Yield Uttar Pradesh,"Annual, Ending mar Of Each Year",kg/ha,2007,2721.0
Agricultural Production Foodgrains Wheat Yield Uttaranchal,"Annual, Ending mar Of Each Year",kg/ha,2007,2049.0
Agricultural Production Foodgrains Wheat Yield West Bengal,"Annual, Ending mar Of Each Year",kg/ha,2007,2282.0
Agricultural Production Foodgrains Coarse Cereals Area,"Annual, Ending mar Of Each Year",ha mn,2007,28.71
Agricultural Production Foodgrains Coarse Cereals Volume,"Annual, Ending mar Of Each Year",Ton mn,2007,33.92
Agricultural Production Foodgrains Coarse Cereals Yield,"Annual, Ending mar Of Each Year",kg/ha,2007,1182.0
Agricultural Production Foodgrains Coarse Cereals Area Andhra Pradesh,"Annual, Ending mar Of Each Year",ha mn,2007,1.3
Agricultural Production Foodgrains Coarse Cereals Area Bihar,"Annual, Ending mar Of Each Year",ha mn,2007,0.69
Agricultural Production Foodgrains Coarse Cereals Area Chhattisgarh,"Annual, Ending mar Of Each Year",ha mn,2007,0.33
Agricultural Production Foodgrains Coarse Cereals Area Gujarat,"Annual, Ending mar Of Each Year",ha mn,2007,1.63
Agricultural Production Foodgrains Coarse Cereals Area Haryana,"Annual, Ending mar Of Each Year",ha mn,2007,0.76
Agricultural Production Foodgrains Coarse Cereals Area Himachal Pradesh,"Annual, Ending mar Of Each Year",ha mn,2007,0.33
Agricultural Production Foodgrains Coarse Cereals Area Jammu and Kashmir,"Annual, Ending mar Of Each Year",ha mn,2007,0.37
Agricultural Production Foodgrains Coarse Cereals Area Jharkhand,"Annual, Ending mar Of Each Year",ha mn,2007,0.29
Agricultural Production Foodgrains Coarse Cereals Area Karnataka,"Annual, Ending mar Of Each Year",ha mn,2007,3.41
Agricultural Production Foodgrains Coarse Cereals Area Madhya Pradesh,"Annual, Ending mar Of Each Year",ha mn,2007,2.02
Agricultural Production Foodgrains Coarse Cereals Area Maharashtra,"Annual, Ending mar Of Each Year",ha mn,2007,6.86
Agricultural Production Foodgrains Coarse Cereals Area Orissa,"Annual, Ending mar Of Each Year",ha mn,2007,0.16
Agricultural Production Foodgrains Coarse Cereals Area Punjab,"Annual, Ending mar Of Each Year",ha mn,2007,0.18
Agricultural Production Foodgrains Coarse Cereals Area Rajasthan,"Annual, Ending mar Of Each Year",ha mn,2007,6.82
Agricultural Production Foodgrains Coarse Cereals Area Tamil Nadu,"Annual, Ending mar Of Each Year",ha mn,2007,0.7
Agricultural Production Foodgrains Coarse Cereals Area Uttar Pradesh,"Annual, Ending mar Of Each Year",ha mn,2007,2.2
Agricultural Production Foodgrains Coarse Cereals Area Uttaranchal,"Annual, Ending mar Of Each Year",ha mn,2007,0.26
Agricultural Production Foodgrains Coarse Cereals Area West Bengal,"Annual, Ending mar Of Each Year",ha mn,2007,0.11
Agricultural Production Foodgrains Coarse Cereals Area Others,"Annual, Ending mar Of Each Year",ha mn,2007,3.7
Agricultural Production Foodgrains Coarse Cereals Volume Andhra Pradesh,"Annual, Ending mar Of Each Year",Ton th,2007,3001.0
Agricultural Production Foodgrains Coarse Cereals Volume Arunachal Pradesh,"Annual, Ending mar Of Each Year",Ton th,2007,84.9
Agricultural Production Foodgrains Coarse Cereals Volume Assam,"Annual, Ending mar Of Each Year",Ton th,2007,18.0
Agricultural Production Foodgrains Coarse Cereals Volume Bihar,"Annual, Ending mar Of Each Year",Ton th,2007,1759.7
Agricultural Production Foodgrains Coarse Cereals Volume Chhattisgarh,"Annual, Ending mar Of Each Year",Ton th,2007,178.3
Agricultural Production Foodgrains Coarse Cereals Volume Goa,"Annual, Ending mar Of Each Year",Ton th,2007,0.8
Agricultural Production Foodgrains Coarse Cereals Volume Gujarat,"Annual, Ending mar Of Each Year",Ton th,2007,1516.0
Agricultural Production Foodgrains Coarse Cereals Volume Haryana,"Annual, Ending mar Of Each Year",Ton th,2007,1197.0
Agricultural Production Foodgrains Coarse Cereals Volume Himachal Pradesh,"Annual, Ending mar Of Each Year",Ton th,2007,728.2
Agricultural Production Foodgrains Coarse Cereals Volume Jammu and Kashmir,"Annual, Ending mar Of Each Year",Ton th,2007,512.3
Agricultural Production Foodgrains Coarse Cereals Volume Jharkhand,"Annual, Ending mar Of Each Year",Ton th,2007,332.0
Agricultural Production Foodgrains Coarse Cereals Volume Karnataka,"Annual, Ending mar Of Each Year",Ton th,2007,5055.0
Agricultural Production Foodgrains Coarse Cereals Volume Kerala,"Annual, Ending mar Of Each Year",Ton th,2007,1.1
Agricultural Production Foodgrains Coarse Cereals Volume Madhya Pradesh,"Annual, Ending mar Of Each Year",Ton th,2007,1849.6
Agricultural Production Foodgrains Coarse Cereals Volume Maharashtra,"Annual, Ending mar Of Each Year",Ton th,2007,6141.0
Agricultural Production Foodgrains Coarse Cereals Volume Manipur,"Annual, Ending mar Of Each Year",Ton th,2007,7.9
Agricultural Production Foodgrains Coarse Cereals Volume Meghalaya,"Annual, Ending mar Of Each Year",Ton th,2007,27.2
Agricultural Production Foodgrains Coarse Cereals Volume Mizoram,"Annual, Ending mar Of Each Year",Ton th,2007,21.0
Agricultural Production Foodgrains Coarse Cereals Volume Nagaland,"Annual, Ending mar Of Each Year",Ton th,2007,126.4
Agricultural Production Foodgrains Coarse Cereals Volume Orissa,"Annual, Ending mar Of Each Year",Ton th,2007,162.4
Agricultural Production Foodgrains Coarse Cereals Volume Punjab,"Annual, Ending mar Of Each Year",Ton th,2007,552.0
Agricultural Production Foodgrains Coarse Cereals Volume Rajasthan,"Annual, Ending mar Of Each Year",Ton th,2007,5501.9
Agricultural Production Foodgrains Coarse Cereals Volume Sikkim,"Annual, Ending mar Of Each Year",Ton th,2007,63.7
Agricultural Production Foodgrains Coarse Cereals Volume Tamil Nadu,"Annual, Ending mar Of Each Year",Ton th,2007,1361.9
Agricultural Production Foodgrains Coarse Cereals Volume Tripura,"Annual, Ending mar Of Each Year",Ton th,2007,2.4
Agricultural Production Foodgrains Coarse Cereals Volume Union Territories,"Annual, Ending mar Of Each Year",Ton th,2007,17.8
Agricultural Production Foodgrains Coarse Cereals Volume Uttar Pradesh,"Annual, Ending mar Of Each Year",Ton th,2007,3084.4
Agricultural Production Foodgrains Coarse Cereals Volume Uttaranchal,"Annual, Ending mar Of Each Year",Ton th,2007,344.0
Agricultural Production Foodgrains Coarse Cereals Volume West Bengal,"Annual, Ending mar Of Each Year",Ton th,2007,274.7
Agricultural Production Foodgrains Coarse Cereals Yield Andhra Pradesh,"Annual, Ending mar Of Each Year",kg/ha,2007,2305.0
Agricultural Production Foodgrains Coarse Cereals Yield Bihar,"Annual, Ending mar Of Each Year",kg/ha,2007,2555.0
Agricultural Production Foodgrains Coarse Cereals Yield Chhattisgarh,"Annual, Ending mar Of Each Year",kg/ha,2007,537.0
Agricultural Production Foodgrains Coarse Cereals Yield Gujarat,"Annual, Ending mar Of Each Year",kg/ha,2007,928.0
Agricultural Production Foodgrains Coarse Cereals Yield Haryana,"Annual, Ending mar Of Each Year",kg/ha,2007,1567.0
Agricultural Production Foodgrains Coarse Cereals Yield Himachal Pradesh,"Annual, Ending mar Of Each Year",kg/ha,2007,2180.0
Agricultural Production Foodgrains Coarse Cereals Yield Jammu and Kashmir,"Annual, Ending mar Of Each Year",kg/ha,2007,1396.0
Agricultural Production Foodgrains Coarse Cereals Yield Jharkhand,"Annual, Ending mar Of Each Year",kg/ha,2007,1126.0
Agricultural Production Foodgrains Coarse Cereals Yield Karnataka,"Annual, Ending mar Of Each Year",kg/ha,2007,1481.0
Agricultural Production Foodgrains Coarse Cereals Yield Madhya Pradesh,"Annual, Ending mar Of Each Year",kg/ha,2007,918.0
Agricultural Production Foodgrains Coarse Cereals Yield Maharashtra,"Annual, Ending mar Of Each Year",kg/ha,2007,895.0
Agricultural Production Foodgrains Coarse Cereals Yield Orissa,"Annual, Ending mar Of Each Year",kg/ha,2007,1025.0
Agricultural Production Foodgrains Coarse Cereals Yield Punjab,"Annual, Ending mar Of Each Year",kg/ha,2007,3033.0
Agricultural Production Foodgrains Coarse Cereals Yield Rajasthan,"Annual, Ending mar Of Each Year",kg/ha,2007,807.0
Agricultural Production Foodgrains Coarse Cereals Yield Tamil Nadu,"Annual, Ending mar Of Each Year",kg/ha,2007,1951.0
Agricultural Production Foodgrains Coarse Cereals Yield Uttar Pradesh,"Annual, Ending mar Of Each Year",kg/ha,2007,1404.0
Agricultural Production Foodgrains Coarse Cereals Yield Uttaranchal,"Annual, Ending mar Of Each Year",kg/ha,2007,1318.0
Agricultural Production Foodgrains Coarse Cereals Yield West Bengal,"Annual, Ending mar Of Each Year",kg/ha,2007,2589.0
Agricultural Production Foodgrains,"Annual, Ending mar Of Each Year",Ton mn,2008,230.77504
Agricultural Production Foodgrains Kharif,"Annual, Ending mar Of Each Year",Ton mn,2008,120.95724
Agricultural Production Foodgrains Rabi,"Annual, Ending mar Of Each Year",Ton mn,2008,109.8178
Agricultural Production Foodgrains Rice,"Annual, Ending mar Of Each Year",Ton mn,2008,96.6929
Agricultural Production Foodgrains Rice Kharif,"Annual, Ending mar Of Each Year",Ton mn,2008,82.6594
Agricultural Production Foodgrains Rice Rabi,"Annual, Ending mar Of Each Year",Ton mn,2008,14.0335
Agricultural Production Foodgrains Wheat Rabi,"Annual, Ending mar Of Each Year",Ton mn,2008,78.5702
Agricultural Production Foodgrains Jowar,"Annual, Ending mar Of Each Year",Ton mn,2008,7.9259
Agricultural Production Foodgrains Jowar Kharif,"Annual, Ending mar Of Each Year",Ton mn,2008,4.1149
Agricultural Production Foodgrains Jowar Rabi,"Annual, Ending mar Of Each Year",Ton mn,2008,3.811
Agricultural Production Foodgrains Bajra Kharif,"Annual, Ending mar Of Each Year",Ton mn,2008,9.9701
Agricultural Production Foodgrains Maize,"Annual, Ending mar Of Each Year",Ton mn,2008,18.9554
Agricultural Production Foodgrains Maize Kharif,"Annual, Ending mar Of Each Year",Ton mn,2008,15.1067
Agricultural Production Foodgrains Maize Rabi,"Annual, Ending mar Of Each Year",Ton mn,2008,3.8487
Agricultural Production Foodgrains Ragi Kharif,"Annual, Ending mar Of Each Year",Ton mn,2008,2.1522
Agricultural Production Foodgrains Small Millets Kharif,"Annual, Ending mar Of Each Year",Ton mn,2008,0.5507
Agricultural Production Foodgrains Barley Rabi,"Annual, Ending mar Of Each Year",Ton mn,2008,1.1961
Agricultural Production Foodgrains Coarse Cereals,"Annual, Ending mar Of Each Year",Ton mn,2008,40.7504
Agricultural Production Foodgrains Coarse Cereals Kharif,"Annual, Ending mar Of Each Year",Ton mn,2008,31.8946
Agricultural Production Foodgrains Coarse Cereals Rabi,"Annual, Ending mar Of Each Year",Ton mn,2008,8.8558
Agricultural Production Foodgrains Cereals,"Annual, Ending mar Of Each Year",Ton mn,2008,216.0135
Agricultural Production Foodgrains Cereals Kharif,"Annual, Ending mar Of Each Year",Ton mn,2008,114.554
Agricultural Production Foodgrains Cereals Rabi,"Annual, Ending mar Of Each Year",Ton mn,2008,101.4595
Agricultural Production Foodgrains Tur Kharif,"Annual, Ending mar Of Each Year",Ton mn,2008,3.07594
Agricultural Production Foodgrains Other Kharif Pulses Kharif,"Annual, Ending mar Of Each Year",Ton mn,2008,0.9555
Agricultural Production Foodgrains Gram Rabi,"Annual, Ending mar Of Each Year",Ton mn,2008,5.7486
Agricultural Production Foodgrains Other Kharif Pulses Rabi,"Annual, Ending mar Of Each Year",Ton mn,2008,2.0017
Agricultural Production Foodgrains Pulses,"Annual, Ending mar Of Each Year",Ton mn,2008,14.76154
Agricultural Production Foodgrains Pulses Kharif,"Annual, Ending mar Of Each Year",Ton mn,2008,6.40324
Agricultural Production Foodgrains Pulses Rabi,"Annual, Ending mar Of Each Year",Ton mn,2008,8.3583
Agricultural Production Oilseeds,"Annual, Ending mar Of Each Year",Ton mn,2008,29.7553
Agricultural Production Oilseeds Kharif,"Annual, Ending mar Of Each Year",Ton mn,2008,20.7134
Agricultural Production Oilseeds Rabi,"Annual, Ending mar Of Each Year",Ton mn,2008,9.0419
Agricultural Production Oilseeds Groundnut,"Annual, Ending mar Of Each Year",Ton mn,2008,9.1825
Agricultural Production Oilseeds Groundnut Kharif,"Annual, Ending mar Of Each Year",Ton mn,2008,7.3624
Agricultural Production Oilseeds Groundnut Rabi,"Annual, Ending mar Of Each Year",Ton mn,2008,1.8201
Agricultural Production Oilseeds Castorseed Kharif,"Annual, Ending mar Of Each Year",Ton mn,2008,1.0536
Agricultural Production Oilseeds Sesamun Kharif,"Annual, Ending mar Of Each Year",Ton mn,2008,0.7569
Agricultural Production Oilseeds Nigerseed Kharif,"Annual, Ending mar Of Each Year",Ton mn,2008,0.1095
Agricultural Production Oilseeds Rapeseed and Mustard Rabi,"Annual, Ending mar Of Each Year",Ton mn,2008,5.8336
Agricultural Production Oilseeds Linseed Rabi,"Annual, Ending mar Of Each Year",Ton mn,2008,0.1634
Agricultural Production Oilseeds Safflower Rabi,"Annual, Ending mar Of Each Year",Ton mn,2008,0.2245
Agricultural Production Oilseeds Sunflower,"Annual, Ending mar Of Each Year",Ton mn,2008,1.4631
Agricultural Production Oilseeds Sunflower Kharif,"Annual, Ending mar Of Each Year",Ton mn,2008,0.4628
Agricultural Production Oilseeds Sunflower Rabi,"Annual, Ending mar Of Each Year",Ton mn,2008,1.0003
Agricultural Production Oilseeds Soyabean Kharif,"Annual, Ending mar Of Each Year",Ton mn,2008,10.9682
Agricultural Production Commercial Crops Cotton,"Annual, Ending mar Of Each Year",Bale mn,2008,25.8841
Agricultural Production Commercial Crops Jute,"Annual, Ending mar Of Each Year",Bale mn,2008,10.2201
Agricultural Production Commercial Crops Mesta,"Annual, Ending mar Of Each Year",Bale mn,2008,0.9904
Agricultural Production Commercial Crops Jute and Mesta,"Annual, Ending mar Of Each Year",Bale mn,2008,11.2105
Agricultural Production Commercial Crops Sugarcane,"Annual, Ending mar Of Each Year",Ton mn,2008,348.1879
Agricultural Production Plantation Crops Potato,"Annual, Ending mar Of Each Year",Ton mn,2008,28.5
Agricultural Production Major Crops Target Rice,"Annual, Ending mar Of Each Year",Ton mn,2008,93.0
Agricultural Production Major Crops Target Wheat,"Annual, Ending mar Of Each Year",Ton mn,2008,75.5
Agricultural Production Major Crops Target Coarse Cereals,"Annual, Ending mar Of Each Year",Ton mn,2008,37.5
Agricultural Production Major Crops Target Pulses,"Annual, Ending mar Of Each Year",Ton mn,2008,15.5
Agricultural Production Major Crops Target Foodgrains,"Annual, Ending mar Of Each Year",Ton mn,2008,221.5
Agricultural Production Major Crops Target Oilseeds,"Annual, Ending mar Of Each Year",Ton mn,2008,30.0
Agricultural Production Major Crops Target Sugarcane,"Annual, Ending mar Of Each Year",Ton mn,2008,310.0
Agricultural Production Major Crops Target Cotton,"Annual, Ending mar Of Each Year",Ton mn,2008,22.0
Agricultural Production Major Crops Target Jute and Mesta,"Annual, Ending mar Of Each Year",Ton mn,2008,11.0
Agricultural Production Major Crops Achievements Rice,"Annual, Ending mar Of Each Year",Ton mn,2008,96.69
Agricultural Production Major Crops Achievements Wheat,"Annual, Ending mar Of Each Year",Ton mn,2008,78.57
Agricultural Production Major Crops Achievements Coarse Cereals,"Annual, Ending mar Of Each Year",Ton mn,2008,40.76
Agricultural Production Major Crops Achievements Pulses,"Annual, Ending mar Of Each Year",Ton mn,2008,14.76
Agricultural Production Major Crops Achievements Foodgrains,"Annual, Ending mar Of Each Year",Ton mn,2008,230.78
Agricultural Production Major Crops Achievements Oilseeds,"Annual, Ending mar Of Each Year",Ton mn,2008,29.76
Agricultural Production Major Crops Achievements Sugarcane,"Annual, Ending mar Of Each Year",Ton mn,2008,348.19
Agricultural Production Major Crops Achievements Cotton,"Annual, Ending mar Of Each Year",Ton mn,2008,25.88
Agricultural Production Major Crops Achievements Jute and Mesta,"Annual, Ending mar Of Each Year",Ton mn,2008,11.21
Agricultural Production Area,"Annual, Ending mar Of Each Year",ha mn,2008,124.07
Agricultural Production Volume,"Annual, Ending mar Of Each Year",Ton mn,2008,230.78
Agricultural Production Yield,"Annual, Ending mar Of Each Year",kg/ha,2008,1860.0
Agricultural Production Kharif Area,"Annual, Ending mar Of Each Year",ha mn,2008,73.58
Agricultural Production Kharif Volume,"Annual, Ending mar Of Each Year",Ton mn,2008,121.0
Agricultural Production Kharif Yield,"Annual, Ending mar Of Each Year",kg/ha,2008,1644.0
Agricultural Production Rabi Area,"Annual, Ending mar Of Each Year",ha mn,2008,50.49
Agricultural Production Rabi Volume,"Annual, Ending mar Of Each Year",Ton mn,2008,109.77
Agricultural Production Rabi Yield,"Annual, Ending mar Of Each Year",kg/ha,2008,2174.0
Agriculture Production Foodgrains Area 5 Yr Avg Foodgrains Total,"Annual, Ending mar Of Each Year",ha mn,2008,122.58
Agriculture Production Foodgrains Area 5 Yr Avg Foodgrains Kharif,"Annual, Ending mar Of Each Year",ha mn,2008,73.33
Agriculture Production Foodgrains Area 5 Yr Avg Foodgrains Rabi,"Annual, Ending mar Of Each Year",ha mn,2008,49.25
Agriculture Production Foodgrains Area 5 Yr Avg Foodgrains Coarse Cereals Total,"Annual, Ending mar Of Each Year",ha mn,2008,29.22
Agriculture Production Foodgrains Area 5 Yr Avg Foodgrains Coarse Cereals Kharif,"Annual, Ending mar Of Each Year",ha mn,2008,22.96
Agriculture Production Foodgrains Area 5 Yr Avg Foodgrains Coarse Cereals Rabi,"Annual, Ending mar Of Each Year",ha mn,2008,6.25
Agriculture Production Foodgrains Area 5 Yr Avg Foodgrains Coarse Cereals Rice Total,"Annual, Ending mar Of Each Year",ha mn,2008,43.18
Agricultural Production Foodgrains Area 5 Yr Avg Foodgrains Coarse Cereals Rice Kharif,"Annual, Ending mar Of Each Year",ha mn,2008,39.2
Agriculture Production Foodgrains Area 5 Yr Avg Foodgrains Coarse Cereals Rice Rabi,"Annual, Ending mar Of Each Year",ha mn,2008,3.98
Agriculture Production Foodgrains Area 5 Yr Avg Foodgrains Coarse Cereals Wheat Rabi,"Annual, Ending mar Of Each Year",ha mn,2008,27.1
Agriculture Production Foodgrains Area 5 Yr Avg Foodgrains Coarse Cereals Jowar Total,"Annual, Ending mar Of Each Year",ha mn,2008,8.67
Agriculture Production Foodgrains Area 5 Yr Avg Foodgrains Coarse Cereals Jowar Kharif,"Annual, Ending mar Of Each Year",ha mn,2008,3.91
Agriculture Production Foodgrains Area 5 Yr Avg Foodgrains Coarse Cereals Jowar Rabi,"Annual, Ending mar Of Each Year",ha mn,2008,4.75
Agriculture Production Foodgrains Area 5 Yr Avg Foodgrains Coarse Cereals Bajra Kharif,"Annual, Ending mar Of Each Year",ha mn,2008,9.7
Agriculture Production Foodgrains Area 5 Yr Avg Foodgrains Coarse Cereals Maize Total,"Annual, Ending mar Of Each Year",ha mn,2008,7.67
Agriculture Production Foodgrains Area 5 Yr Avg Foodgrains Coarse Cereals Maize Kharif,"Annual, Ending mar Of Each Year",ha mn,2008,6.8
Agriculture Production Foodgrains Area 5 Yr Avg Foodgrains Coarse Cereals Maize Rabi,"Annual, Ending mar Of Each Year",ha mn,2008,0.87
Agriculture Production Foodgrains Area 5 Yr Avg Foodgrains Pulses Total,"Annual, Ending mar Of Each Year",ha mn,2008,23.09
Agriculture Production Foodgrains Area 5 Yr Avg Foodgrains Pulses Kharif,"Annual, Ending mar Of Each Year",ha mn,2008,11.17
Agriculture Production Foodgrains Area 5 Yr Avg Foodgrains Pulses Rabi,"Annual, Ending mar Of Each Year",ha mn,2008,11.92
Agriculture Production Foodgrains Area 5 Yr Avg Foodgrains Pulses Tur Kharif,"Annual, Ending mar Of Each Year",ha mn,2008,3.58
Agriculture Production Foodgrains Area 5 Yr Avg Foodgrains Pulses Gram Rabi,"Annual, Ending mar Of Each Year",ha mn,2008,7.15
Agriculture Production Foodgrains Area 5 Yr Avg Oilseeds Nine Oilseeds,"Annual, Ending mar Of Each Year",ha mn,2008,26.45
Agriculture Production Foodgrains Area 5 Yr Avg Oilseeds Nine Oilseeds Groundnut,"Annual, Ending mar Of Each Year",ha mn,2008,6.25
Agriculture Production Foodgrains Area 5 Yr Avg Oilseeds Nine Oilseeds Rapeseed and Mustard Rabi,"Annual, Ending mar Of Each Year",ha mn,2008,6.53
Agriculture Production Foodgrains Area 5 Yr Avg Oilseeds Nine Oilseeds Soyabean Kharif,"Annual, Ending mar Of Each Year",ha mn,2008,7.81
Agriculture Production Foodgrains Area 5 Yr Avg Oilseeds Nine Oilseeds Sunflower,"Annual, Ending mar Of Each Year",ha mn,2008,2.12
Agriculture Production Foodgrains Area 5 Yr Avg Other Cash Crops Cotton,"Annual, Ending mar Of Each Year",ha mn,2008,8.72
Agriculture Production Foodgrains Area 5 Yr Avg Other Cash Crops Jute and Mesta,"Annual, Ending mar Of Each Year",ha mn,2008,0.94
Agriculture Production Foodgrains Area 5 Yr Avg Other Cash Crops Onion,"Annual, Ending mar Of Each Year",ha mn,2008,0.62
Agriculture Production Foodgrains Area 5 Yr Avg Other Cash Crops Potato,"Annual, Ending mar Of Each Year",ha mn,2008,1.41
Agriculture Production Foodgrains Area 5 Yr Avg Other Cash Crops Sugarcane,"Annual, Ending mar Of Each Year",ha mn,2008,4.4
Agriculture Production Foodgrains Production Foodgrains Total,"Annual, Ending mar Of Each Year",Ton mn,2008,213.64
Agriculture Production Foodgrains Production Foodgrains Kharif,"Annual, Ending mar Of Each Year",Ton mn,2008,112.34
Agriculture Production Foodgrains Production Foodgrains Rabi,"Annual, Ending mar Of Each Year",Ton mn,2008,101.3
Agriculture Production Foodgrains Production Foodgrains Coarse Cereals Total,"Annual, Ending mar Of Each Year",Ton mn,2008,35.96
Agriculture Production Foodgrains Production Foodgrains Coarse Cereals Kharif,"Annual, Ending mar Of Each Year",Ton mn,2008,28.56
Agriculture Production Foodgrains Production Foodgrains Coarse Cereals Rabi,"Annual, Ending mar Of Each Year",Ton mn,2008,7.4
Agriculture Production Foodgrains Production Foodgrains Coarse Cereals Rice Total,"Annual, Ending mar Of Each Year",Ton mn,2008,90.7
Agricultural Production Foodgrains Production Foodgrains Coarse Cereals Rice Kharif,"Annual, Ending mar Of Each Year",Ton mn,2008,78.39
Agriculture Production Foodgrains Production Foodgrains Coarse Cereals Rice Rabi,"Annual, Ending mar Of Each Year",Ton mn,2008,12.31
Agriculture Production Foodgrains Production Foodgrains Coarse Cereals Wheat Rabi,"Annual, Ending mar Of Each Year",Ton mn,2008,72.9
Agriculture Production Foodgrains Production Foodgrains Coarse Cereals Jowar Total,"Annual, Ending mar Of Each Year",Ton mn,2008,7.33
Agriculture Production Foodgrains Production Foodgrains Coarse Cereals Jowar Kharif,"Annual, Ending mar Of Each Year",Ton mn,2008,4.16
Agriculture Production Foodgrains Production Foodgrains Coarse Cereals Jowar Rabi,"Annual, Ending mar Of Each Year",Ton mn,2008,3.17
Agriculture Production Foodgrains Production Foodgrains Coarse Cereals Bajra Kharif,"Annual, Ending mar Of Each Year",Ton mn,2008,9.22
Agriculture Production Foodgrains Production Foodgrains Coarse Cereals Maize Total,"Annual, Ending mar Of Each Year",Ton mn,2008,15.58
Agriculture Production Foodgrains Production Foodgrains Coarse Cereals Maize Kharif,"Annual, Ending mar Of Each Year",Ton mn,2008,12.61
Agriculture Production Foodgrains Production Foodgrains Coarse Cereals Maize Rabi,"Annual, Ending mar Of Each Year",Ton mn,2008,2.98
Agriculture Production Foodgrains Production Foodgrains Pulses Total,"Annual, Ending mar Of Each Year",Ton mn,2008,14.08
Agriculture Production Foodgrains Production Foodgrains Pulses Tur Kharif,"Annual, Ending mar Of Each Year",Ton mn,2008,2.57
Agriculture Production Foodgrains Production Foodgrains Pulses Gram Rabi,"Annual, Ending mar Of Each Year",Ton mn,2008,5.77
Agriculture Production Foodgrains Production Foodgrains Pulses Kharif,"Annual, Ending mar Of Each Year",Ton mn,2008,5.39
Agriculture Production Foodgrains Production Foodgrains Pulses Rabi,"Annual, Ending mar Of Each Year",Ton mn,2008,8.69
Agriculture Production Foodgrains Production Oilseeds Nine Oilseeds,"Annual, Ending mar Of Each Year",Ton mn,2008,26.31
Agriculture Production Foodgrains Production Oilseeds Nine Oilseeds Groundnut,"Annual, Ending mar Of Each Year",Ton mn,2008,7.39
Agriculture Production Foodgrains Production Oilseeds Nine Oilseeds Rapeseed and Mustard Rabi,"Annual, Ending mar Of Each Year",Ton mn,2008,7.06
Agriculture Production Foodgrains Production Oilseeds Nine Oilseeds Soyabean Kharif,"Annual, Ending mar Of Each Year",Ton mn,2008,8.56
Agriculture Production Foodgrains Production Oilseeds Nine Oilseeds Sunflower,"Annual, Ending mar Of Each Year",Ton mn,2008,1.25
Agriculture Production Foodgrains Production Other Cash Crops Cotton,"Annual, Ending mar Of Each Year",Ton mn,2008,19.43
Agriculture Production Foodgrains Production Other Cash Crops Jute and Mesta,"Annual, Ending mar Of Each Year",Ton mn,2008,10.95
Agriculture Production Foodgrains Production Other Cash Crops Onion,"Annual, Ending mar Of Each Year",Ton mn,2008,7.81
Agriculture Production Foodgrains Production Other Cash Crops Potato,"Annual, Ending mar Of Each Year",Ton mn,2008,24.25
Agriculture Production Foodgrains Production Other Cash Crops Sugarcane,"Annual, Ending mar Of Each Year",Ton mn,2008,291.17
Agriculture Production Foodgrains Yield Foodgrains Total,"Annual, Ending mar Of Each Year",kg/ha,2008,1743.0
Agriculture Production Foodgrains Yield Foodgrains Kharif,"Annual, Ending mar Of Each Year",kg/ha,2008,1532.0
Agriculture Production Foodgrains Yield Foodgrains Rabi,"Annual, Ending mar Of Each Year",kg/ha,2008,2057.0
Agriculture Production Foodgrains Yield Foodgrains Coarse Cereals Total,"Annual, Ending mar Of Each Year",kg/ha,2008,1231.0
Agriculture Production Foodgrains Yield Foodgrains Coarse Cereals Kharif,"Annual, Ending mar Of Each Year",kg/ha,2008,1244.0
Agriculture Production Foodgrains Yield Foodgrains Coarse Cereals Rabi,"Annual, Ending mar Of Each Year",kg/ha,2008,1183.0
Agriculture Production Foodgrains Yield Foodgrains Coarse Cereals Rice Total,"Annual, Ending mar Of Each Year",kg/ha,2008,2101.0
Agricultural Production Foodgrains Yield Foodgrains Coarse Cereals Rice Kharif,"Annual, Ending mar Of Each Year",kg/ha,2008,2000.0
Agriculture Production Foodgrains Yield Foodgrains Coarse Cereals Rice Rabi,"Annual, Ending mar Of Each Year",kg/ha,2008,3093.0
Agriculture Production Foodgrains Yield Foodgrains Coarse Cereals Wheat Rabi,"Annual, Ending mar Of Each Year",kg/ha,2008,2690.0
Agriculture Production Foodgrains Yield Foodgrains Coarse Cereals Jowar Total,"Annual, Ending mar Of Each Year",kg/ha,2008,845.0
Agriculture Production Foodgrains Yield Foodgrains Coarse Cereals Jowar Kharif,"Annual, Ending mar Of Each Year",kg/ha,2008,1062.0
Agriculture Production Foodgrains Yield Foodgrains Coarse Cereals Jowar Rabi,"Annual, Ending mar Of Each Year",kg/ha,2008,667.0
Agriculture Production Foodgrains Yield Foodgrains Coarse Cereals Bajra Kharif,"Annual, Ending mar Of Each Year",kg/ha,2008,951.0
Agriculture Production Foodgrains Yield Foodgrains Coarse Cereals Maize Total,"Annual, Ending mar Of Each Year",kg/ha,2008,2031.0
Agriculture Production Foodgrains Yield Foodgrains Coarse Cereals Maize Kharif,"Annual, Ending mar Of Each Year",kg/ha,2008,1853.0
Agriculture Production Foodgrains Yield Foodgrains Coarse Cereals Maize Rabi,"Annual, Ending mar Of Each Year",kg/ha,2008,3421.0
Agriculture Production Foodgrains Yield Foodgrains Pulses Total,"Annual, Ending mar Of Each Year",kg/ha,2008,610.0
Agriculture Production Foodgrains Yield Foodgrains Pulses Kharif,"Annual, Ending mar Of Each Year",kg/ha,2008,483.0
Agriculture Production Foodgrains Yield Foodgrains Pulses Rabi,"Annual, Ending mar Of Each Year",kg/ha,2008,729.0
Agriculture Production Foodgrains Yield Foodgrains Pulses Tur Kharif,"Annual, Ending mar Of Each Year",kg/ha,2008,717.0
Agriculture Production Foodgrains Yield Foodgrains Pulses Gram Rabi,"Annual, Ending mar Of Each Year",kg/ha,2008,808.0
Agriculture Production Foodgrains Yield Oilseeds Nine Oilseeds,"Annual, Ending mar Of Each Year",kg/ha,2008,995.0
Agriculture Production Foodgrains Yield Oilseeds Nine Oilseeds Groundnut,"Annual, Ending mar Of Each Year",kg/ha,2008,1181.0
Agriculture Production Foodgrains Yield Oilseeds Nine Oilseeds Rapeseed and Mustard Rabi,"Annual, Ending mar Of Each Year",kg/ha,2008,1081.0
Agriculture Production Foodgrains Yield Oilseeds Nine Oilseeds Soyabean Kharif,"Annual, Ending mar Of Each Year",kg/ha,2008,1096.0
Agriculture Production Foodgrains Yield Oilseeds Nine Oilseeds Sunflower,"Annual, Ending mar Of Each Year",kg/ha,2008,590.0
Agriculture Production Foodgrains Yield Other Cash Crops Cotton,"Annual, Ending mar Of Each Year",kg/ha,2008,379.0
Agriculture Production Foodgrains Yield Other Cash Crops Jute and Mesta,"Annual, Ending mar Of Each Year",kg/ha,2008,2093.0
Agriculture Production Foodgrains Yield Other Cash Crops Onion,"Annual, Ending mar Of Each Year",kg/ha,2008,12520.0
Agriculture Production Foodgrains Yield Other Cash Crops Potato,"Annual, Ending mar Of Each Year",kg/ha,2008,17207.0
Agriculture Production Foodgrains Yield Other Cash Crops Sugarcane,"Annual, Ending mar Of Each Year",kg/ha,2008,66151.0
Agricultural Production Foodgrains Area Andhra Pradesh,"Annual, Ending mar Of Each Year",ha mn,2008,7.39
Agricultural Production Foodgrains Area Assam,"Annual, Ending mar Of Each Year",ha mn,2008,2.52
Agricultural Production Foodgrains Area Bihar,"Annual, Ending mar Of Each Year",ha mn,2008,7.03
Agricultural Production Foodgrains Area Chhattisgarh,"Annual, Ending mar Of Each Year",ha mn,2008,5.08
Agricultural Production Foodgrains Area Gujarat,"Annual, Ending mar Of Each Year",ha mn,2008,4.48
Agricultural Production Foodgrains Area Haryana,"Annual, Ending mar Of Each Year",ha mn,2008,4.48
Agricultural Production Foodgrains Area Jharkhand,"Annual, Ending mar Of Each Year",ha mn,2008,2.44
Agricultural Production Foodgrains Area Karnataka,"Annual, Ending mar Of Each Year",ha mn,2008,7.87
Agricultural Production Foodgrains Area Madhya Pradesh,"Annual, Ending mar Of Each Year",ha mn,2008,11.29
Agricultural Production Foodgrains Area Maharashtra,"Annual, Ending mar Of Each Year",ha mn,2008,13.21
Agricultural Production Foodgrains Area Orissa,"Annual, Ending mar Of Each Year",ha mn,2008,5.49
Agricultural Production Foodgrains Area Punjab,"Annual, Ending mar Of Each Year",ha mn,2008,6.3
Agricultural Production Foodgrains Area Rajasthan,"Annual, Ending mar Of Each Year",ha mn,2008,13.61
Agricultural Production Foodgrains Area Tamil Nadu,"Annual, Ending mar Of Each Year",ha mn,2008,3.1
Agricultural Production Foodgrains Area Uttar Pradesh,"Annual, Ending mar Of Each Year",ha mn,2008,19.08
Agricultural Production Foodgrains Area Uttaranchal,"Annual, Ending mar Of Each Year",ha mn,2008,1.01
Agricultural Production Foodgrains Area West Bengal,"Annual, Ending mar Of Each Year",ha mn,2008,6.36
Agricultural Production Foodgrains Area Others,"Annual, Ending mar Of Each Year",ha mn,2008,3.33
Agricultural Production Foodgrains Volume Andhra Pradesh,"Annual, Ending mar Of Each Year",Ton mn,2008,19.303
Agricultural Production Foodgrains Volume Assam,"Annual, Ending mar Of Each Year",Ton mn,2008,3.47
Agricultural Production Foodgrains Volume Bihar,"Annual, Ending mar Of Each Year",Ton mn,2008,10.8641
Agricultural Production Foodgrains Volume Chhattisgarh,"Annual, Ending mar Of Each Year",Ton mn,2008,6.2919
Agricultural Production Foodgrains Volume Gujarat,"Annual, Ending mar Of Each Year",Ton mn,2008,8.206
Agricultural Production Foodgrains Volume Haryana,"Annual, Ending mar Of Each Year",Ton mn,2008,15.3078
Agricultural Production Foodgrains Volume Jharkhand,"Annual, Ending mar Of Each Year",Ton mn,2008,4.1645
Agricultural Production Foodgrains Volume Karnataka,"Annual, Ending mar Of Each Year",Ton mn,2008,12.186
Agricultural Production Foodgrains Volume Madhya Pradesh,"Annual, Ending mar Of Each Year",Ton mn,2008,12.0705
Agricultural Production Foodgrains Volume Maharashtra,"Annual, Ending mar Of Each Year",Ton mn,2008,15.1917
Agricultural Production Foodgrains Volume Orissa,"Annual, Ending mar Of Each Year",Ton mn,2008,8.1433
Agricultural Production Foodgrains Volume Punjab,"Annual, Ending mar Of Each Year",Ton mn,2008,26.8153
Agricultural Production Foodgrains Volume Rajasthan,"Annual, Ending mar Of Each Year",Ton mn,2008,16.0587
Agricultural Production Foodgrains Volume Tamil Nadu,"Annual, Ending mar Of Each Year",Ton mn,2008,6.5823
Agricultural Production Foodgrains Volume Uttar Pradesh,"Annual, Ending mar Of Each Year",Ton mn,2008,42.0948
Agricultural Production Foodgrains Volume Uttaranchal,"Annual, Ending mar Of Each Year",Ton mn,2008,1.796
Agricultural Production Foodgrains Volume West Bengal,"Annual, Ending mar Of Each Year",Ton mn,2008,16.0502
Agricultural Production Foodgrains Yield Andhra Pradesh,"Annual, Ending mar Of Each Year",kg/ha,2008,2613.0
Agricultural Production Foodgrains Yield Assam,"Annual, Ending mar Of Each Year",kg/ha,2008,1378.0
Agricultural Production Foodgrains Yield Bihar,"Annual, Ending mar Of Each Year",kg/ha,2008,1546.0
Agricultural Production Foodgrains Yield Chhattisgarh,"Annual, Ending mar Of Each Year",kg/ha,2008,1238.0
Agricultural Production Foodgrains Yield Gujarat,"Annual, Ending mar Of Each Year",kg/ha,2008,1831.0
Agricultural Production Foodgrains Yield Haryana,"Annual, Ending mar Of Each Year",kg/ha,2008,3420.0
Agricultural Production Foodgrains Yield Jharkhand,"Annual, Ending mar Of Each Year",kg/ha,2008,1709.0
Agricultural Production Foodgrains Yield Karnataka,"Annual, Ending mar Of Each Year",kg/ha,2008,1548.0
Agricultural Production Foodgrains Yield Madhya Pradesh,"Annual, Ending mar Of Each Year",kg/ha,2008,1069.0
Agricultural Production Foodgrains Yield Maharashtra,"Annual, Ending mar Of Each Year",kg/ha,2008,1150.0
Agricultural Production Foodgrains Yield Orissa,"Annual, Ending mar Of Each Year",kg/ha,2008,1484.0
Agricultural Production Foodgrains Yield Punjab,"Annual, Ending mar Of Each Year",kg/ha,2008,4255.0
Agricultural Production Foodgrains Yield Rajasthan,"Annual, Ending mar Of Each Year",kg/ha,2008,1180.0
Agricultural Production Foodgrains Yield Tamil Nadu,"Annual, Ending mar Of Each Year",kg/ha,2008,2125.0
Agricultural Production Foodgrains Yield Uttar Pradesh,"Annual, Ending mar Of Each Year",kg/ha,2008,2206.0
Agricultural Production Foodgrains Yield Uttaranchal,"Annual, Ending mar Of Each Year",kg/ha,2008,1785.0
Agricultural Production Foodgrains Yield West Bengal,"Annual, Ending mar Of Each Year",kg/ha,2008,2525.0
Agricultural Production Foodgrains Rice Area,"Annual, Ending mar Of Each Year",ha mn,2008,43.91
Agricultural Production Foodgrains Rice Volume,"Annual, Ending mar Of Each Year",Ton mn,2008,96.69
Agricultural Production Foodgrains Rice Yield,"Annual, Ending mar Of Each Year",kg/ha,2008,2202.0
Agricultural Production Foodgrains Rice Area Andhra Pradesh,"Annual, Ending mar Of Each Year",ha mn,2008,3.98
Agricultural Production Foodgrains Rice Area Assam,"Annual, Ending mar Of Each Year",ha mn,2008,2.32
Agricultural Production Foodgrains Rice Area Bihar,"Annual, Ending mar Of Each Year",ha mn,2008,3.57
Agricultural Production Foodgrains Rice Area Chhattisgarh,"Annual, Ending mar Of Each Year",ha mn,2008,3.75
Agricultural Production Foodgrains Rice Area Gujarat,"Annual, Ending mar Of Each Year",ha mn,2008,0.76
Agricultural Production Foodgrains Rice Area Haryana,"Annual, Ending mar Of Each Year",ha mn,2008,1.08
Agricultural Production Foodgrains Rice Area Jharkland,"Annual, Ending mar Of Each Year",ha mn,2008,1.65
Agricultural Production Foodgrains Rice Area Karnataka,"Annual, Ending mar Of Each Year",ha mn,2008,1.42
Agricultural Production Foodgrains Rice Area Kerala,"Annual, Ending mar Of Each Year",ha mn,2008,0.23
Agricultural Production Foodgrains Rice Area Madhya Pradesh,"Annual, Ending mar Of Each Year",ha mn,2008,1.56
Agricultural Production Foodgrains Rice Area Maharashtra,"Annual, Ending mar Of Each Year",ha mn,2008,1.57
Agricultural Production Foodgrains Rice Area Orissa,"Annual, Ending mar Of Each Year",ha mn,2008,4.45
Agricultural Production Foodgrains Rice Area Punjab,"Annual, Ending mar Of Each Year",ha mn,2008,2.61
Agricultural Production Foodgrains Rice Area Tamil Nadu,"Annual, Ending mar Of Each Year",ha mn,2008,1.79
Agricultural Production Foodgrains Rice Area Uttar Pradesh,"Annual, Ending mar Of Each Year",ha mn,2008,5.71
Agricultural Production Foodgrains Rice Area West Bengal,"Annual, Ending mar Of Each Year",ha mn,2008,5.72
Agricultural Production Foodgrains Rice Area Others,"Annual, Ending mar Of Each Year",ha mn,2008,1.74
Agricultural Production Foodgrains Rice Volume Andhra Pradesh,"Annual, Ending mar Of Each Year",Ton th,2008,13324.0
Agricultural Production Foodgrains Rice Volume Arunachal Pradesh,"Annual, Ending mar Of Each Year",Ton th,2008,158.1
Agricultural Production Foodgrains Rice Volume Assam,"Annual, Ending mar Of Each Year",Ton th,2008,3319.0
Agricultural Production Foodgrains Rice Volume Bihar,"Annual, Ending mar Of Each Year",Ton th,2008,4418.1
Agricultural Production Foodgrains Rice Volume Chhattisgarh,"Annual, Ending mar Of Each Year",Ton th,2008,5426.6
Agricultural Production Foodgrains Rice Volume Goa,"Annual, Ending mar Of Each Year",Ton th,2008,121.6
Agricultural Production Foodgrains Rice Volume Gujarat,"Annual, Ending mar Of Each Year",Ton th,2008,1474.0
Agricultural Production Foodgrains Rice Volume Haryana,"Annual, Ending mar Of Each Year",Ton th,2008,3613.0
Agricultural Production Foodgrains Rice Volume Himachal Pradesh,"Annual, Ending mar Of Each Year",Ton th,2008,121.5
Agricultural Production Foodgrains Rice Volume Jammu and Kashmir,"Annual, Ending mar Of Each Year",Ton th,2008,561.3
Agricultural Production Foodgrains Rice Volume Jharkhand,"Annual, Ending mar Of Each Year",Ton th,2008,3336.4
Agricultural Production Foodgrains Rice Volume Karnataka,"Annual, Ending mar Of Each Year",Ton th,2008,3717.0
Agricultural Production Foodgrains Rice Volume Kerala,"Annual, Ending mar Of Each Year",Ton th,2008,528.5
Agricultural Production Foodgrains Rice Volume Madhya Pradesh,"Annual, Ending mar Of Each Year",Ton th,2008,1461.9
Agricultural Production Foodgrains Rice Volume Maharashtra,"Annual, Ending mar Of Each Year",Ton th,2008,2996.0
Agricultural Production Foodgrains Rice Volume Manipur,"Annual, Ending mar Of Each Year",Ton th,2008,406.2
Agricultural Production Foodgrains Rice Volume Meghalaya,"Annual, Ending mar Of Each Year",Ton th,2008,200.0
Agricultural Production Foodgrains Rice Volume Mizoram,"Annual, Ending mar Of Each Year",Ton th,2008,15.7
Agricultural Production Foodgrains Rice Volume Nagaland,"Annual, Ending mar Of Each Year",Ton th,2008,290.6
Agricultural Production Foodgrains Rice Volume Orissa,"Annual, Ending mar Of Each Year",Ton th,2008,7540.7
Agricultural Production Foodgrains Rice Volume Punjab,"Annual, Ending mar Of Each Year",Ton th,2008,10489.0
Agricultural Production Foodgrains Rice Volume Rajasthan,"Annual, Ending mar Of Each Year",Ton th,2008,259.6
Agricultural Production Foodgrains Rice Volume Sikkim,"Annual, Ending mar Of Each Year",Ton th,2008,22.9
Agricultural Production Foodgrains Rice Volume Tamil Nadu,"Annual, Ending mar Of Each Year",Ton th,2008,5040.2
Agricultural Production Foodgrains Rice Volume Tripura,"Annual, Ending mar Of Each Year",Ton th,2008,624.6
Agricultural Production Foodgrains Rice Volume Union Territories,"Annual, Ending mar Of Each Year",Ton th,2008,133.9
Agricultural Production Foodgrains Rice Volume Uttar Pradesh,"Annual, Ending mar Of Each Year",Ton th,2008,11780.0
Agricultural Production Foodgrains Rice Volume Uttaranchal,"Annual, Ending mar Of Each Year",Ton th,2008,593.0
Agricultural Production Foodgrains Rice Volume West Bengal,"Annual, Ending mar Of Each Year",Ton th,2008,14719.5
Agricultural Production Foodgrains Rice Yield Andhra Pradesh,"Annual, Ending mar Of Each Year",kg/ha,2008,3344.0
Agricultural Production Foodgrains Rice Yield Assam,"Annual, Ending mar Of Each Year",kg/ha,2008,1428.0
Agricultural Production Foodgrains Rice Yield Bihar,"Annual, Ending mar Of Each Year",kg/ha,2008,1237.0
Agricultural Production Foodgrains Rice Yield Chhattisgarh,"Annual, Ending mar Of Each Year",kg/ha,2008,1446.0
Agricultural Production Foodgrains Rice Yield Gujarat,"Annual, Ending mar Of Each Year",kg/ha,2008,1942.0
Agricultural Production Foodgrains Rice Yield Haryana,"Annual, Ending mar Of Each Year",kg/ha,2008,3361.0
Agricultural Production Foodgrains Rice Yield Jharkland,"Annual, Ending mar Of Each Year",kg/ha,2008,2018.0
Agricultural Production Foodgrains Rice Yield Karnataka,"Annual, Ending mar Of Each Year",kg/ha,2008,2625.0
Agricultural Production Foodgrains Rice Yield Kerala,"Annual, Ending mar Of Each Year",kg/ha,2008,2310.0
Agricultural Production Foodgrains Rice Yield Madhya Pradesh,"Annual, Ending mar Of Each Year",kg/ha,2008,938.0
Agricultural Production Foodgrains Rice Yield Maharashtra,"Annual, Ending mar Of Each Year",kg/ha,2008,1903.0
Agricultural Production Foodgrains Rice Yield Orissa,"Annual, Ending mar Of Each Year",kg/ha,2008,1694.0
Agricultural Production Foodgrains Rice Yield Punjab,"Annual, Ending mar Of Each Year",kg/ha,2008,4019.0
Agricultural Production Foodgrains Rice Yield Tamil Nadu,"Annual, Ending mar Of Each Year",kg/ha,2008,2817.0
Agricultural Production Foodgrains Rice Yield Uttar Pradesh,"Annual, Ending mar Of Each Year",kg/ha,2008,2063.0
Agricultural Production Foodgrains Rice Yield West Bengal,"Annual, Ending mar Of Each Year",kg/ha,2008,2573.0
Agricultural Production Foodgrains Wheat Area,"Annual, Ending mar Of Each Year",ha mn,2008,28.04
Agricultural Production Foodgrains Wheat Volume,"Annual, Ending mar Of Each Year",Ton mn,2008,78.57
Agricultural Production Foodgrains Wheat Yield,"Annual, Ending mar Of Each Year",kg/ha,2008,2802.0
Agricultural Production Foodgrains Wheat Area Assam,"Annual, Ending mar Of Each Year",ha mn,2008,0.06
Agricultural Production Foodgrains Wheat Area Bihar,"Annual, Ending mar Of Each Year",ha mn,2008,2.16
Agricultural Production Foodgrains Wheat Area Gujarat,"Annual, Ending mar Of Each Year",ha mn,2008,1.27
Agricultural Production Foodgrains Wheat Area Haryana,"Annual, Ending mar Of Each Year",ha mn,2008,2.46
Agricultural Production Foodgrains Wheat Area Himachal Pradesh,"Annual, Ending mar Of Each Year",ha mn,2008,0.37
Agricultural Production Foodgrains Wheat Area Jammu and Kashmir,"Annual, Ending mar Of Each Year",ha mn,2008,0.28
Agricultural Production Foodgrains Wheat Area Jharkhand,"Annual, Ending mar Of Each Year",ha mn,2008,0.09
Agricultural Production Foodgrains Wheat Area Karnataka,"Annual, Ending mar Of Each Year",ha mn,2008,0.28
Agricultural Production Foodgrains Wheat Area Madhya Pradesh,"Annual, Ending mar Of Each Year",ha mn,2008,3.74
Agricultural Production Foodgrains Wheat Area Maharashtra,"Annual, Ending mar Of Each Year",ha mn,2008,1.25
Agricultural Production Foodgrains Wheat Area Punjab,"Annual, Ending mar Of Each Year",ha mn,2008,3.49
Agricultural Production Foodgrains Wheat Area Rajasthan,"Annual, Ending mar Of Each Year",ha mn,2008,2.59
Agricultural Production Foodgrains Wheat Area Uttar Pradesh,"Annual, Ending mar Of Each Year",ha mn,2008,9.12
Agricultural Production Foodgrains Wheat Area Uttaranchal,"Annual, Ending mar Of Each Year",ha mn,2008,0.4
Agricultural Production Foodgrains Wheat Area West Bengal,"Annual, Ending mar Of Each Year",ha mn,2008,0.35
Agricultural Production Foodgrains Wheat Area Others,"Annual, Ending mar Of Each Year",ha mn,2008,0.13
Agricultural Production Foodgrains Wheat Volume Arunachal Pradesh,"Annual, Ending mar Of Each Year",Ton th,2008,5.3
Agricultural Production Foodgrains Wheat Volume Assam,"Annual, Ending mar Of Each Year",Ton th,2008,71.0
Agricultural Production Foodgrains Wheat Volume Bihar,"Annual, Ending mar Of Each Year",Ton th,2008,4450.4
Agricultural Production Foodgrains Wheat Volume Chhattisgarh,"Annual, Ending mar Of Each Year",Ton th,2008,98.8
Agricultural Production Foodgrains Wheat Volume Gujarat,"Annual, Ending mar Of Each Year",Ton th,2008,3838.0
Agricultural Production Foodgrains Wheat Volume Haryana,"Annual, Ending mar Of Each Year",Ton th,2008,10236.0
Agricultural Production Foodgrains Wheat Volume Himachal Pradesh,"Annual, Ending mar Of Each Year",Ton th,2008,504.4
Agricultural Production Foodgrains Wheat Volume Jammu and Kashmir,"Annual, Ending mar Of Each Year",Ton th,2008,495.9
Agricultural Production Foodgrains Wheat Volume Jharkhand,"Annual, Ending mar Of Each Year",Ton th,2008,139.9
Agricultural Production Foodgrains Wheat Volume Karnataka,"Annual, Ending mar Of Each Year",Ton th,2008,261.0
Agricultural Production Foodgrains Wheat Volume Madhya Pradesh,"Annual, Ending mar Of Each Year",Ton th,2008,6032.5
Agricultural Production Foodgrains Wheat Volume Maharashtra,"Annual, Ending mar Of Each Year",Ton th,2008,2078.7
Agricultural Production Foodgrains Wheat Volume Meghalaya,"Annual, Ending mar Of Each Year",Ton th,2008,1.1
Agricultural Production Foodgrains Wheat Volume Nagaland,"Annual, Ending mar Of Each Year",Ton th,2008,1.6
Agricultural Production Foodgrains Wheat Volume Orissa,"Annual, Ending mar Of Each Year",Ton th,2008,8.7
Agricultural Production Foodgrains Wheat Volume Punjab,"Annual, Ending mar Of Each Year",Ton th,2008,15720.0
Agricultural Production Foodgrains Wheat Volume Rajasthan,"Annual, Ending mar Of Each Year",Ton th,2008,7124.9
Agricultural Production Foodgrains Wheat Volume Sikkim,"Annual, Ending mar Of Each Year",Ton th,2008,4.5
Agricultural Production Foodgrains Wheat Volume Union Territories,"Annual, Ending mar Of Each Year",Ton th,2008,79.2
Agricultural Production Foodgrains Wheat Volume Uttar Pradesh,"Annual, Ending mar Of Each Year",Ton th,2008,25679.0
Agricultural Production Foodgrains Wheat Volume Uttaranchal,"Annual, Ending mar Of Each Year",Ton th,2008,814.0
Agricultural Production Foodgrains Wheat Volume West Bengal,"Annual, Ending mar Of Each Year",Ton th,2008,917.3
Agricultural Production Foodgrains Wheat Yield Assam,"Annual, Ending mar Of Each Year",kg/ha,2008,1268.0
Agricultural Production Foodgrains Wheat Yield Bihar,"Annual, Ending mar Of Each Year",kg/ha,2008,2058.0
Agricultural Production Foodgrains Wheat Yield Gujarat,"Annual, Ending mar Of Each Year",kg/ha,2008,3013.0
Agricultural Production Foodgrains Wheat Yield Haryana,"Annual, Ending mar Of Each Year",kg/ha,2008,4158.0
Agricultural Production Foodgrains Wheat Yield Himachal Pradesh,"Annual, Ending mar Of Each Year",kg/ha,2008,1376.0
Agricultural Production Foodgrains Wheat Yield Jammu and Kashmir,"Annual, Ending mar Of Each Year",kg/ha,2008,1782.0
Agricultural Production Foodgrains Wheat Yield Jharkhand,"Annual, Ending mar Of Each Year",kg/ha,2008,1621.0
Agricultural Production Foodgrains Wheat Yield Karnataka,"Annual, Ending mar Of Each Year",kg/ha,2008,946.0
Agricultural Production Foodgrains Wheat Yield Madhya Pradesh,"Annual, Ending mar Of Each Year",kg/ha,2008,1612.0
Agricultural Production Foodgrains Wheat Yield Maharashtra,"Annual, Ending mar Of Each Year",kg/ha,2008,1659.0
Agricultural Production Foodgrains Wheat Yield Punjab,"Annual, Ending mar Of Each Year",kg/ha,2008,4507.0
Agricultural Production Foodgrains Wheat Yield Rajasthan,"Annual, Ending mar Of Each Year",kg/ha,2008,2749.0
Agricultural Production Foodgrains Wheat Yield Uttar Pradesh,"Annual, Ending mar Of Each Year",kg/ha,2008,2817.0
Agricultural Production Foodgrains Wheat Yield Uttaranchal,"Annual, Ending mar Of Each Year",kg/ha,2008,2050.0
Agricultural Production Foodgrains Wheat Yield West Bengal,"Annual, Ending mar Of Each Year",kg/ha,2008,2602.0
Agricultural Production Foodgrains Coarse Cereals Area,"Annual, Ending mar Of Each Year",ha mn,2008,28.48
Agricultural Production Foodgrains Coarse Cereals Volume,"Annual, Ending mar Of Each Year",Ton mn,2008,40.75
Agricultural Production Foodgrains Coarse Cereals Yield,"Annual, Ending mar Of Each Year",kg/ha,2008,1431.0
Agricultural Production Foodgrains Coarse Cereals Area Andhra Pradesh,"Annual, Ending mar Of Each Year",ha mn,2008,1.28
Agricultural Production Foodgrains Coarse Cereals Area Bihar,"Annual, Ending mar Of Each Year",ha mn,2008,0.69
Agricultural Production Foodgrains Coarse Cereals Area Chhattisgarh,"Annual, Ending mar Of Each Year",ha mn,2008,0.32
Agricultural Production Foodgrains Coarse Cereals Area Gujarat,"Annual, Ending mar Of Each Year",ha mn,2008,1.57
Agricultural Production Foodgrains Coarse Cereals Area Haryana,"Annual, Ending mar Of Each Year",ha mn,2008,0.77
Agricultural Production Foodgrains Coarse Cereals Area Himachal Pradesh,"Annual, Ending mar Of Each Year",ha mn,2008,0.33
Agricultural Production Foodgrains Coarse Cereals Area Jammu and Kashmir,"Annual, Ending mar Of Each Year",ha mn,2008,0.35
Agricultural Production Foodgrains Coarse Cereals Area Jharkhand,"Annual, Ending mar Of Each Year",ha mn,2008,0.29
Agricultural Production Foodgrains Coarse Cereals Area Karnataka,"Annual, Ending mar Of Each Year",ha mn,2008,3.8
Agricultural Production Foodgrains Coarse Cereals Area Madhya Pradesh,"Annual, Ending mar Of Each Year",ha mn,2008,1.96
Agricultural Production Foodgrains Coarse Cereals Area Maharashtra,"Annual, Ending mar Of Each Year",ha mn,2008,6.32
Agricultural Production Foodgrains Coarse Cereals Area Orissa,"Annual, Ending mar Of Each Year",ha mn,2008,0.17
Agricultural Production Foodgrains Coarse Cereals Area Punjab,"Annual, Ending mar Of Each Year",ha mn,2008,0.18
Agricultural Production Foodgrains Coarse Cereals Area Rajasthan,"Annual, Ending mar Of Each Year",ha mn,2008,7.02
Agricultural Production Foodgrains Coarse Cereals Area Tamil Nadu,"Annual, Ending mar Of Each Year",ha mn,2008,0.7
Agricultural Production Foodgrains Coarse Cereals Area Uttar Pradesh,"Annual, Ending mar Of Each Year",ha mn,2008,2.1
Agricultural Production Foodgrains Coarse Cereals Area Uttaranchal,"Annual, Ending mar Of Each Year",ha mn,2008,0.26
Agricultural Production Foodgrains Coarse Cereals Area West Bengal,"Annual, Ending mar Of Each Year",ha mn,2008,0.1
Agricultural Production Foodgrains Coarse Cereals Area Others,"Annual, Ending mar Of Each Year",ha mn,2008,0.27
Agricultural Production Foodgrains Coarse Cereals Volume Andhra Pradesh,"Annual, Ending mar Of Each Year",Ton th,2008,4274.0
Agricultural Production Foodgrains Coarse Cereals Volume Arunachal Pradesh,"Annual, Ending mar Of Each Year",Ton th,2008,76.8
Agricultural Production Foodgrains Coarse Cereals Volume Assam,"Annual, Ending mar Of Each Year",Ton th,2008,17.0
Agricultural Production Foodgrains Coarse Cereals Volume Bihar,"Annual, Ending mar Of Each Year",Ton th,2008,1498.5
Agricultural Production Foodgrains Coarse Cereals Volume Chhattisgarh,"Annual, Ending mar Of Each Year",Ton th,2008,229.7
Agricultural Production Foodgrains Coarse Cereals Volume Goa,"Annual, Ending mar Of Each Year",Ton th,2008,0.7
Agricultural Production Foodgrains Coarse Cereals Volume Gujarat,"Annual, Ending mar Of Each Year",Ton th,2008,2151.0
Agricultural Production Foodgrains Coarse Cereals Volume Haryana,"Annual, Ending mar Of Each Year",Ton th,2008,1357.0
Agricultural Production Foodgrains Coarse Cereals Volume Himachal Pradesh,"Annual, Ending mar Of Each Year",Ton th,2008,896.2
Agricultural Production Foodgrains Coarse Cereals Volume Jammu and Kashmir,"Annual, Ending mar Of Each Year",Ton th,2008,499.5
Agricultural Production Foodgrains Coarse Cereals Volume Jharkhand,"Annual, Ending mar Of Each Year",Ton th,2008,386.4
Agricultural Production Foodgrains Coarse Cereals Volume Karnataka,"Annual, Ending mar Of Each Year",Ton th,2008,6943.0
Agricultural Production Foodgrains Coarse Cereals Volume Kerala,"Annual, Ending mar Of Each Year",Ton th,2008,2.8
Agricultural Production Foodgrains Coarse Cereals Volume Madhya Pradesh,"Annual, Ending mar Of Each Year",Ton th,2008,2122.5
Agricultural Production Foodgrains Coarse Cereals Volume Maharashtra,"Annual, Ending mar Of Each Year",Ton th,2008,7093.0
Agricultural Production Foodgrains Coarse Cereals Volume Manipur,"Annual, Ending mar Of Each Year",Ton th,2008,8.4
Agricultural Production Foodgrains Coarse Cereals Volume Meghalaya,"Annual, Ending mar Of Each Year",Ton th,2008,27.4
Agricultural Production Foodgrains Coarse Cereals Volume Mizoram,"Annual, Ending mar Of Each Year",Ton th,2008,0.7
Agricultural Production Foodgrains Coarse Cereals Volume Nagaland,"Annual, Ending mar Of Each Year",Ton th,2008,139.4
Agricultural Production Foodgrains Coarse Cereals Volume Orissa,"Annual, Ending mar Of Each Year",Ton th,2008,210.4
Agricultural Production Foodgrains Coarse Cereals Volume Punjab,"Annual, Ending mar Of Each Year",Ton th,2008,583.1
Agricultural Production Foodgrains Coarse Cereals Volume Rajasthan,"Annual, Ending mar Of Each Year",Ton th,2008,7121.4
Agricultural Production Foodgrains Coarse Cereals Volume Sikkim,"Annual, Ending mar Of Each Year",Ton th,2008,72.6
Agricultural Production Foodgrains Coarse Cereals Volume Tamil Nadu,"Annual, Ending mar Of Each Year",Ton th,2008,1357.1
Agricultural Production Foodgrains Coarse Cereals Volume Tripura,"Annual, Ending mar Of Each Year",Ton th,2008,2.1
Agricultural Production Foodgrains Coarse Cereals Volume Union Territories,"Annual, Ending mar Of Each Year",Ton th,2008,16.0
Agricultural Production Foodgrains Coarse Cereals Volume Uttar Pradesh,"Annual, Ending mar Of Each Year",Ton th,2008,3058.9
Agricultural Production Foodgrains Coarse Cereals Volume Uttaranchal,"Annual, Ending mar Of Each Year",Ton th,2008,339.0
Agricultural Production Foodgrains Coarse Cereals Volume West Bengal,"Annual, Ending mar Of Each Year",Ton th,2008,265.8
Agricultural Production Foodgrains Coarse Cereals Yield Andhra Pradesh,"Annual, Ending mar Of Each Year",kg/ha,2008,3336.0
Agricultural Production Foodgrains Coarse Cereals Yield Bihar,"Annual, Ending mar Of Each Year",kg/ha,2008,2185.0
Agricultural Production Foodgrains Coarse Cereals Yield Chhattisgarh,"Annual, Ending mar Of Each Year",kg/ha,2008,712.0
Agricultural Production Foodgrains Coarse Cereals Yield Gujarat,"Annual, Ending mar Of Each Year",kg/ha,2008,1373.0
Agricultural Production Foodgrains Coarse Cereals Yield Haryana,"Annual, Ending mar Of Each Year",kg/ha,2008,1762.0
Agricultural Production Foodgrains Coarse Cereals Yield Himachal Pradesh,"Annual, Ending mar Of Each Year",kg/ha,2008,2689.0
Agricultural Production Foodgrains Coarse Cereals Yield Jammu and Kashmir,"Annual, Ending mar Of Each Year",kg/ha,2008,1440.0
Agricultural Production Foodgrains Coarse Cereals Yield Jharkhand,"Annual, Ending mar Of Each Year",kg/ha,2008,1349.0
Agricultural Production Foodgrains Coarse Cereals Yield Karnataka,"Annual, Ending mar Of Each Year",kg/ha,2008,1829.0
Agricultural Production Foodgrains Coarse Cereals Yield Madhya Pradesh,"Annual, Ending mar Of Each Year",kg/ha,2008,1082.0
Agricultural Production Foodgrains Coarse Cereals Yield Maharashtra,"Annual, Ending mar Of Each Year",kg/ha,2008,1122.0
Agricultural Production Foodgrains Coarse Cereals Yield Orissa,"Annual, Ending mar Of Each Year",kg/ha,2008,1219.0
Agricultural Production Foodgrains Coarse Cereals Yield Punjab,"Annual, Ending mar Of Each Year",kg/ha,2008,3311.0
Agricultural Production Foodgrains Coarse Cereals Yield Rajasthan,"Annual, Ending mar Of Each Year",kg/ha,2008,1015.0
Agricultural Production Foodgrains Coarse Cereals Yield Tamil Nadu,"Annual, Ending mar Of Each Year",kg/ha,2008,1943.0
Agricultural Production Foodgrains Coarse Cereals Yield Uttar Pradesh,"Annual, Ending mar Of Each Year",kg/ha,2008,1454.0
Agricultural Production Foodgrains Coarse Cereals Yield Uttaranchal,"Annual, Ending mar Of Each Year",kg/ha,2008,1319.0
Agricultural Production Foodgrains Coarse Cereals Yield West Bengal,"Annual, Ending mar Of Each Year",kg/ha,2008,2729.0
Agricultural Production Foodgrains,"Annual, Ending mar Of Each Year",Ton mn,2009,234.4661774
Agricultural Production Foodgrains Kharif,"Annual, Ending mar Of Each Year",Ton mn,2009,118.1385774
Agricultural Production Foodgrains Rabi,"Annual, Ending mar Of Each Year",Ton mn,2009,116.3276
Agricultural Production Foodgrains Rice,"Annual, Ending mar Of Each Year",Ton mn,2009,99.1825
Agricultural Production Foodgrains Rice Kharif,"Annual, Ending mar Of Each Year",Ton mn,2009,84.9082
Agricultural Production Foodgrains Rice Rabi,"Annual, Ending mar Of Each Year",Ton mn,2009,14.2743
Agricultural Production Foodgrains Wheat Rabi,"Annual, Ending mar Of Each Year",Ton mn,2009,80.6794
Agricultural Production Foodgrains Jowar,"Annual, Ending mar Of Each Year",Ton mn,2009,7.2456
Agricultural Production Foodgrains Jowar Kharif,"Annual, Ending mar Of Each Year",Ton mn,2009,3.0519
Agricultural Production Foodgrains Jowar Rabi,"Annual, Ending mar Of Each Year",Ton mn,2009,4.1937
Agricultural Production Foodgrains Bajra Kharif,"Annual, Ending mar Of Each Year",Ton mn,2009,8.8871
Agricultural Production Foodgrains Maize,"Annual, Ending mar Of Each Year",Ton mn,2009,19.7314
Agricultural Production Foodgrains Maize Kharif,"Annual, Ending mar Of Each Year",Ton mn,2009,14.1205
Agricultural Production Foodgrains Maize Rabi,"Annual, Ending mar Of Each Year",Ton mn,2009,5.6109
Agricultural Production Foodgrains Ragi Kharif,"Annual, Ending mar Of Each Year",Ton mn,2009,2.0399
Agricultural Production Foodgrains Small Millets Kharif,"Annual, Ending mar Of Each Year",Ton mn,2009,0.4448
Agricultural Production Foodgrains Barley Rabi,"Annual, Ending mar Of Each Year",Ton mn,2009,1.6891
Agricultural Production Foodgrains Coarse Cereals,"Annual, Ending mar Of Each Year",Ton mn,2009,40.0379
Agricultural Production Foodgrains Coarse Cereals Kharif,"Annual, Ending mar Of Each Year",Ton mn,2009,28.5442
Agricultural Production Foodgrains Coarse Cereals Rabi,"Annual, Ending mar Of Each Year",Ton mn,2009,11.4937
Agricultural Production Foodgrains Cereals,"Annual, Ending mar Of Each Year",Ton mn,2009,219.8998
Agricultural Production Foodgrains Cereals Kharif,"Annual, Ending mar Of Each Year",Ton mn,2009,113.4524
Agricultural Production Foodgrains Cereals Rabi,"Annual, Ending mar Of Each Year",Ton mn,2009,106.4474
Agricultural Production Foodgrains Tur Kharif,"Annual, Ending mar Of Each Year",Ton mn,2009,2.2655
Agricultural Production Foodgrains Other Kharif Pulses Kharif,"Annual, Ending mar Of Each Year",Ton mn,2009,0.79763636
Agricultural Production Foodgrains Gram Rabi,"Annual, Ending mar Of Each Year",Ton mn,2009,7.0602
Agricultural Production Foodgrains Other Kharif Pulses Rabi,"Annual, Ending mar Of Each Year",Ton mn,2009,2.2337
Agricultural Production Foodgrains Pulses,"Annual, Ending mar Of Each Year",Ton mn,2009,14.56637744
Agricultural Production Foodgrains Pulses Kharif,"Annual, Ending mar Of Each Year",Ton mn,2009,4.68617744
Agricultural Production Foodgrains Pulses Rabi,"Annual, Ending mar Of Each Year",Ton mn,2009,9.8802
Agricultural Production Oilseeds,"Annual, Ending mar Of Each Year",Ton mn,2009,27.718952
Agricultural Production Oilseeds Kharif,"Annual, Ending mar Of Each Year",Ton mn,2009,17.807969
Agricultural Production Oilseeds Rabi,"Annual, Ending mar Of Each Year",Ton mn,2009,9.910983
Agricultural Production Oilseeds Groundnut,"Annual, Ending mar Of Each Year",Ton mn,2009,7.1681
Agricultural Production Oilseeds Groundnut Kharif,"Annual, Ending mar Of Each Year",Ton mn,2009,5.6171
Agricultural Production Oilseeds Groundnut Rabi,"Annual, Ending mar Of Each Year",Ton mn,2009,1.551
Agricultural Production Oilseeds Castorseed Kharif,"Annual, Ending mar Of Each Year",Ton mn,2009,1.171059
Agricultural Production Oilseeds Sesamun Kharif,"Annual, Ending mar Of Each Year",Ton mn,2009,0.6403
Agricultural Production Oilseeds Nigerseed Kharif,"Annual, Ending mar Of Each Year",Ton mn,2009,0.11698
Agricultural Production Oilseeds Rapeseed and Mustard Rabi,"Annual, Ending mar Of Each Year",Ton mn,2009,7.2007
Agricultural Production Oilseeds Linseed Rabi,"Annual, Ending mar Of Each Year",Ton mn,2009,0.169183
Agricultural Production Oilseeds Safflower Rabi,"Annual, Ending mar Of Each Year",Ton mn,2009,0.1892
Agricultural Production Oilseeds Sunflower,"Annual, Ending mar Of Each Year",Ton mn,2009,1.158
Agricultural Production Oilseeds Sunflower Kharif,"Annual, Ending mar Of Each Year",Ton mn,2009,0.3571
Agricultural Production Oilseeds Sunflower Rabi,"Annual, Ending mar Of Each Year",Ton mn,2009,0.8009
Agricultural Production Oilseeds Soyabean Kharif,"Annual, Ending mar Of Each Year",Ton mn,2009,9.90543
Agricultural Production Commercial Crops Cotton,"Annual, Ending mar Of Each Year",Bale mn,2009,22.2762
Agricultural Production Commercial Crops Jute,"Annual, Ending mar Of Each Year",Bale mn,2009,9.6344
Agricultural Production Commercial Crops Mesta,"Annual, Ending mar Of Each Year",Bale mn,2009,0.7309
Agricultural Production Commercial Crops Jute and Mesta,"Annual, Ending mar Of Each Year",Bale mn,2009,10.3653
Agricultural Production Commercial Crops Sugarcane,"Annual, Ending mar Of Each Year",Ton mn,2009,285.0293
Agricultural Production Major Crops Target Rice,"Annual, Ending mar Of Each Year",Ton mn,2009,97.0
Agricultural Production Major Crops Target Wheat,"Annual, Ending mar Of Each Year",Ton mn,2009,78.5
Agricultural Production Major Crops Target Coarse Cereals,"Annual, Ending mar Of Each Year",Ton mn,2009,42.0
Agricultural Production Major Crops Target Pulses,"Annual, Ending mar Of Each Year",Ton mn,2009,15.5
Agricultural Production Major Crops Target Foodgrains,"Annual, Ending mar Of Each Year",Ton mn,2009,233.0
Agricultural Production Major Crops Target Oilseeds,"Annual, Ending mar Of Each Year",Ton mn,2009,31.75
Agricultural Production Major Crops Target Sugarcane,"Annual, Ending mar Of Each Year",Ton mn,2009,340.0
Agricultural Production Major Crops Target Cotton,"Annual, Ending mar Of Each Year",Ton mn,2009,26.0
Agricultural Production Major Crops Target Jute and Mesta,"Annual, Ending mar Of Each Year",Ton mn,2009,11.0
Agricultural Production Major Crops Achievements Rice,"Annual, Ending mar Of Each Year",Ton mn,2009,99.18
Agricultural Production Major Crops Achievements Wheat,"Annual, Ending mar Of Each Year",Ton mn,2009,80.68
Agricultural Production Major Crops Achievements Coarse Cereals,"Annual, Ending mar Of Each Year",Ton mn,2009,40.03
Agricultural Production Major Crops Achievements Pulses,"Annual, Ending mar Of Each Year",Ton mn,2009,14.57
Agricultural Production Major Crops Achievements Foodgrains,"Annual, Ending mar Of Each Year",Ton mn,2009,234.47
Agricultural Production Major Crops Achievements Oilseeds,"Annual, Ending mar Of Each Year",Ton mn,2009,27.72
Agricultural Production Major Crops Achievements Sugarcane,"Annual, Ending mar Of Each Year",Ton mn,2009,285.03
Agricultural Production Major Crops Achievements Cotton,"Annual, Ending mar Of Each Year",Ton mn,2009,22.28
Agricultural Production Major Crops Achievements Jute and Mesta,"Annual, Ending mar Of Each Year",Ton mn,2009,10.37
Agricultural Production Area,"Annual, Ending mar Of Each Year",ha mn,2009,122.85
Agricultural Production Volume,"Annual, Ending mar Of Each Year",Ton mn,2009,234.47
Agricultural Production Yield,"Annual, Ending mar Of Each Year",kg/ha,2009,1909.0
Agricultural Production Kharif Area,"Annual, Ending mar Of Each Year",ha mn,2009,71.45
Agricultural Production Kharif Volume,"Annual, Ending mar Of Each Year",Ton mn,2009,118.18
Agricultural Production Kharif Yield,"Annual, Ending mar Of Each Year",kg/ha,2009,1654.0
Agricultural Production Rabi Area,"Annual, Ending mar Of Each Year",ha mn,2009,51.39
Agricultural Production Rabi Volume,"Annual, Ending mar Of Each Year",Ton mn,2009,116.28
Agricultural Production Rabi Yield,"Annual, Ending mar Of Each Year",kg/ha,2009,2263.0
Agriculture Production Foodgrains Area 5 Yr Avg Foodgrains Total,"Annual, Ending mar Of Each Year",ha mn,2009,122.46
Agriculture Production Foodgrains Area 5 Yr Avg Foodgrains Kharif,"Annual, Ending mar Of Each Year",ha mn,2009,72.53
Agriculture Production Foodgrains Area 5 Yr Avg Foodgrains Rabi,"Annual, Ending mar Of Each Year",ha mn,2009,49.93
Agriculture Production Foodgrains Area 5 Yr Avg Foodgrains Coarse Cereals Total,"Annual, Ending mar Of Each Year",ha mn,2009,28.54
Agriculture Production Foodgrains Area 5 Yr Avg Foodgrains Coarse Cereals Kharif,"Annual, Ending mar Of Each Year",ha mn,2009,22.22
Agriculture Production Foodgrains Area 5 Yr Avg Foodgrains Coarse Cereals Rabi,"Annual, Ending mar Of Each Year",ha mn,2009,6.32
Agriculture Production Foodgrains Area 5 Yr Avg Foodgrains Coarse Cereals Rice Total,"Annual, Ending mar Of Each Year",ha mn,2009,43.77
Agricultural Production Foodgrains Area 5 Yr Avg Foodgrains Coarse Cereals Rice Kharif,"Annual, Ending mar Of Each Year",ha mn,2009,39.51
Agriculture Production Foodgrains Area 5 Yr Avg Foodgrains Coarse Cereals Rice Rabi,"Annual, Ending mar Of Each Year",ha mn,2009,4.26
Agriculture Production Foodgrains Area 5 Yr Avg Foodgrains Coarse Cereals Wheat Rabi,"Annual, Ending mar Of Each Year",ha mn,2009,27.33
Agriculture Production Foodgrains Area 5 Yr Avg Foodgrains Coarse Cereals Jowar Total,"Annual, Ending mar Of Each Year",ha mn,2009,8.31
Agriculture Production Foodgrains Area 5 Yr Avg Foodgrains Coarse Cereals Jowar Kharif,"Annual, Ending mar Of Each Year",ha mn,2009,3.6
Agriculture Production Foodgrains Area 5 Yr Avg Foodgrains Coarse Cereals Jowar Rabi,"Annual, Ending mar Of Each Year",ha mn,2009,4.71
Agriculture Production Foodgrains Area 5 Yr Avg Foodgrains Coarse Cereals Bajra Kharif,"Annual, Ending mar Of Each Year",ha mn,2009,9.33
Agriculture Production Foodgrains Area 5 Yr Avg Foodgrains Coarse Cereals Maize Total,"Annual, Ending mar Of Each Year",ha mn,2009,7.84
Agriculture Production Foodgrains Area 5 Yr Avg Foodgrains Coarse Cereals Maize Kharif,"Annual, Ending mar Of Each Year",ha mn,2009,6.87
Agriculture Production Foodgrains Area 5 Yr Avg Foodgrains Coarse Cereals Maize Rabi,"Annual, Ending mar Of Each Year",ha mn,2009,0.97
Agriculture Production Foodgrains Area 5 Yr Avg Foodgrains Pulses Total,"Annual, Ending mar Of Each Year",ha mn,2009,22.81
Agriculture Production Foodgrains Area 5 Yr Avg Foodgrains Pulses Kharif,"Annual, Ending mar Of Each Year",ha mn,2009,10.79
Agriculture Production Foodgrains Area 5 Yr Avg Foodgrains Pulses Rabi,"Annual, Ending mar Of Each Year",ha mn,2009,12.02
Agriculture Production Foodgrains Area 5 Yr Avg Foodgrains Pulses Tur Kharif,"Annual, Ending mar Of Each Year",ha mn,2009,3.55
Agriculture Production Foodgrains Area 5 Yr Avg Foodgrains Pulses Gram Rabi,"Annual, Ending mar Of Each Year",ha mn,2009,7.31
Agriculture Production Foodgrains Area 5 Yr Avg Oilseeds Nine Oilseeds,"Annual, Ending mar Of Each Year",ha mn,2009,27.23
Agriculture Production Foodgrains Area 5 Yr Avg Oilseeds Nine Oilseeds Groundnut,"Annual, Ending mar Of Each Year",ha mn,2009,6.29
Agriculture Production Foodgrains Area 5 Yr Avg Oilseeds Nine Oilseeds Rapeseed and Mustard Rabi,"Annual, Ending mar Of Each Year",ha mn,2009,6.7
Agriculture Production Foodgrains Area 5 Yr Avg Oilseeds Nine Oilseeds Soyabean Kharif,"Annual, Ending mar Of Each Year",ha mn,2009,8.4
Agriculture Production Foodgrains Area 5 Yr Avg Oilseeds Nine Oilseeds Sunflower,"Annual, Ending mar Of Each Year",ha mn,2009,2.08
Agriculture Production Foodgrains Area 5 Yr Avg Other Cash Crops Cotton,"Annual, Ending mar Of Each Year",ha mn,2009,9.09
Agriculture Production Foodgrains Area 5 Yr Avg Other Cash Crops Jute and Mesta,"Annual, Ending mar Of Each Year",ha mn,2009,0.465
Agriculture Production Foodgrains Area 5 Yr Avg Other Cash Crops Onion,"Annual, Ending mar Of Each Year",ha mn,2009,0.62
Agriculture Production Foodgrains Area 5 Yr Avg Other Cash Crops Potato,"Annual, Ending mar Of Each Year",ha mn,2009,1.41
Agriculture Production Foodgrains Area 5 Yr Avg Other Cash Crops Sugarcane,"Annual, Ending mar Of Each Year",ha mn,2009,4.5
Agriculture Production Foodgrains Production Foodgrains Total,"Annual, Ending mar Of Each Year",Ton mn,2009,217.9
Agriculture Production Foodgrains Production Foodgrains Kharif,"Annual, Ending mar Of Each Year",Ton mn,2009,112.57
Agriculture Production Foodgrains Production Foodgrains Rabi,"Annual, Ending mar Of Each Year",Ton mn,2009,105.33
Agriculture Production Foodgrains Production Foodgrains Coarse Cereals Total,"Annual, Ending mar Of Each Year",Ton mn,2009,36.45
Agriculture Production Foodgrains Production Foodgrains Coarse Cereals Kharif,"Annual, Ending mar Of Each Year",Ton mn,2009,27.83
Agriculture Production Foodgrains Production Foodgrains Coarse Cereals Rabi,"Annual, Ending mar Of Each Year",Ton mn,2009,8.62
Agriculture Production Foodgrains Production Foodgrains Coarse Cereals Rice Total,"Annual, Ending mar Of Each Year",Ton mn,2009,92.83
Agricultural Production Foodgrains Production Foodgrains Coarse Cereals Rice Kharif,"Annual, Ending mar Of Each Year",Ton mn,2009,79.65
Agriculture Production Foodgrains Production Foodgrains Coarse Cereals Rice Rabi,"Annual, Ending mar Of Each Year",Ton mn,2009,13.18
Agriculture Production Foodgrains Production Foodgrains Coarse Cereals Wheat Rabi,"Annual, Ending mar Of Each Year",Ton mn,2009,74.61
Agriculture Production Foodgrains Production Foodgrains Coarse Cereals Jowar Total,"Annual, Ending mar Of Each Year",Ton mn,2009,7.44
Agriculture Production Foodgrains Production Foodgrains Coarse Cereals Jowar Kharif,"Annual, Ending mar Of Each Year",Ton mn,2009,3.8
Agriculture Production Foodgrains Production Foodgrains Coarse Cereals Jowar Rabi,"Annual, Ending mar Of Each Year",Ton mn,2009,3.64
Agriculture Production Foodgrains Production Foodgrains Coarse Cereals Bajra Kharif,"Annual, Ending mar Of Each Year",Ton mn,2009,8.58
Agriculture Production Foodgrains Production Foodgrains Coarse Cereals Maize Total,"Annual, Ending mar Of Each Year",Ton mn,2009,16.53
Agriculture Production Foodgrains Production Foodgrains Coarse Cereals Maize Kharif,"Annual, Ending mar Of Each Year",Ton mn,2009,12.88
Agriculture Production Foodgrains Production Foodgrains Coarse Cereals Maize Rabi,"Annual, Ending mar Of Each Year",Ton mn,2009,3.65
Agriculture Production Foodgrains Production Foodgrains Pulses Total,"Annual, Ending mar Of Each Year",Ton mn,2009,14.0
Agriculture Production Foodgrains Production Foodgrains Pulses Tur Kharif,"Annual, Ending mar Of Each Year",Ton mn,2009,2.55
Agriculture Production Foodgrains Production Foodgrains Pulses Gram Rabi,"Annual, Ending mar Of Each Year",Ton mn,2009,6.04
Agriculture Production Foodgrains Production Foodgrains Pulses Kharif,"Annual, Ending mar Of Each Year",Ton mn,2009,5.09
Agriculture Production Foodgrains Production Foodgrains Pulses Rabi,"Annual, Ending mar Of Each Year",Ton mn,2009,8.91
Agriculture Production Foodgrains Production Oilseeds Nine Oilseeds,"Annual, Ending mar Of Each Year",Ton mn,2009,26.82
Agriculture Production Foodgrains Production Oilseeds Nine Oilseeds Groundnut,"Annual, Ending mar Of Each Year",Ton mn,2009,7.2
Agriculture Production Foodgrains Production Oilseeds Nine Oilseeds Rapeseed and Mustard Rabi,"Annual, Ending mar Of Each Year",Ton mn,2009,7.24
Agriculture Production Foodgrains Production Oilseeds Nine Oilseeds Soyabean Kharif,"Annual, Ending mar Of Each Year",Ton mn,2009,8.97
Agriculture Production Foodgrains Production Oilseeds Nine Oilseeds Sunflower,"Annual, Ending mar Of Each Year",Ton mn,2009,1.29
Agriculture Production Foodgrains Production Other Cash Crops Cotton,"Annual, Ending mar Of Each Year",Ton mn,2009,21.14
Agriculture Production Foodgrains Production Other Cash Crops Jute and Mesta,"Annual, Ending mar Of Each Year",Ton mn,2009,15.525
Agriculture Production Foodgrains Production Other Cash Crops Onion,"Annual, Ending mar Of Each Year",Ton mn,2009,7.81
Agriculture Production Foodgrains Production Other Cash Crops Potato,"Annual, Ending mar Of Each Year",Ton mn,2009,24.25
Agriculture Production Foodgrains Production Other Cash Crops Sugarcane,"Annual, Ending mar Of Each Year",Ton mn,2009,301.4
Agriculture Production Foodgrains Yield Foodgrains Total,"Annual, Ending mar Of Each Year",kg/ha,2009,1779.0
Agriculture Production Foodgrains Yield Foodgrains Kharif,"Annual, Ending mar Of Each Year",kg/ha,2009,1552.0
Agriculture Production Foodgrains Yield Foodgrains Rabi,"Annual, Ending mar Of Each Year",kg/ha,2009,2109.0
Agriculture Production Foodgrains Yield Foodgrains Coarse Cereals Total,"Annual, Ending mar Of Each Year",kg/ha,2009,1277.0
Agriculture Production Foodgrains Yield Foodgrains Coarse Cereals Kharif,"Annual, Ending mar Of Each Year",kg/ha,2009,1252.0
Agriculture Production Foodgrains Yield Foodgrains Coarse Cereals Rabi,"Annual, Ending mar Of Each Year",kg/ha,2009,1363.0
Agriculture Production Foodgrains Yield Foodgrains Coarse Cereals Rice Total,"Annual, Ending mar Of Each Year",kg/ha,2009,2121.0
Agricultural Production Foodgrains Yield Foodgrains Coarse Cereals Rice Kharif,"Annual, Ending mar Of Each Year",kg/ha,2009,2016.0
Agriculture Production Foodgrains Yield Foodgrains Coarse Cereals Rice Rabi,"Annual, Ending mar Of Each Year",kg/ha,2009,3097.0
Agriculture Production Foodgrains Yield Foodgrains Coarse Cereals Wheat Rabi,"Annual, Ending mar Of Each Year",kg/ha,2009,2730.0
Agriculture Production Foodgrains Yield Foodgrains Coarse Cereals Jowar Total,"Annual, Ending mar Of Each Year",kg/ha,2009,896.0
Agriculture Production Foodgrains Yield Foodgrains Coarse Cereals Jowar Kharif,"Annual, Ending mar Of Each Year",kg/ha,2009,1055.0
Agriculture Production Foodgrains Yield Foodgrains Coarse Cereals Jowar Rabi,"Annual, Ending mar Of Each Year",kg/ha,2009,774.0
Agriculture Production Foodgrains Yield Foodgrains Coarse Cereals Bajra Kharif,"Annual, Ending mar Of Each Year",kg/ha,2009,920.0
Agriculture Production Foodgrains Yield Foodgrains Coarse Cereals Maize Total,"Annual, Ending mar Of Each Year",kg/ha,2009,2109.0
Agriculture Production Foodgrains Yield Foodgrains Coarse Cereals Maize Kharif,"Annual, Ending mar Of Each Year",kg/ha,2009,1877.0
Agriculture Production Foodgrains Yield Foodgrains Coarse Cereals Maize Rabi,"Annual, Ending mar Of Each Year",kg/ha,2009,3741.0
Agriculture Production Foodgrains Yield Foodgrains Pulses Total,"Annual, Ending mar Of Each Year",kg/ha,2009,614.0
Agriculture Production Foodgrains Yield Foodgrains Pulses Kharif,"Annual, Ending mar Of Each Year",kg/ha,2009,472.0
Agriculture Production Foodgrains Yield Foodgrains Pulses Rabi,"Annual, Ending mar Of Each Year",kg/ha,2009,742.0
Agriculture Production Foodgrains Yield Foodgrains Pulses Tur Kharif,"Annual, Ending mar Of Each Year",kg/ha,2009,717.0
Agriculture Production Foodgrains Yield Foodgrains Pulses Gram Rabi,"Annual, Ending mar Of Each Year",kg/ha,2009,826.0
Agriculture Production Foodgrains Yield Oilseeds Nine Oilseeds,"Annual, Ending mar Of Each Year",kg/ha,2009,985.0
Agriculture Production Foodgrains Yield Oilseeds Nine Oilseeds Groundnut,"Annual, Ending mar Of Each Year",kg/ha,2009,1144.0
Agriculture Production Foodgrains Yield Oilseeds Nine Oilseeds Rapeseed and Mustard Rabi,"Annual, Ending mar Of Each Year",kg/ha,2009,1080.0
Agriculture Production Foodgrains Yield Oilseeds Nine Oilseeds Soyabean Kharif,"Annual, Ending mar Of Each Year",kg/ha,2009,1068.0
Agriculture Production Foodgrains Yield Oilseeds Nine Oilseeds Sunflower,"Annual, Ending mar Of Each Year",kg/ha,2009,623.0
Agriculture Production Foodgrains Yield Other Cash Crops Cotton,"Annual, Ending mar Of Each Year",kg/ha,2009,396.0
Agriculture Production Foodgrains Yield Other Cash Crops Jute and Mesta,"Annual, Ending mar Of Each Year",kg/ha,2009,6010.0
Agriculture Production Foodgrains Yield Other Cash Crops Onion,"Annual, Ending mar Of Each Year",kg/ha,2009,12520.0
Agriculture Production Foodgrains Yield Other Cash Crops Potato,"Annual, Ending mar Of Each Year",kg/ha,2009,17207.0
Agriculture Production Foodgrains Yield Other Cash Crops Sugarcane,"Annual, Ending mar Of Each Year",kg/ha,2009,67024.0
Agricultural Production Foodgrains Area Andhra Pradesh,"Annual, Ending mar Of Each Year",ha mn,2009,7.44
Agricultural Production Foodgrains Area Assam,"Annual, Ending mar Of Each Year",ha mn,2009,2.67
Agricultural Production Foodgrains Area Bihar,"Annual, Ending mar Of Each Year",ha mn,2009,6.92
Agricultural Production Foodgrains Area Chhattisgarh,"Annual, Ending mar Of Each Year",ha mn,2009,4.96
Agricultural Production Foodgrains Area Gujarat,"Annual, Ending mar Of Each Year",ha mn,2009,4.06
Agricultural Production Foodgrains Area Haryana,"Annual, Ending mar Of Each Year",ha mn,2009,4.61
Agricultural Production Foodgrains Area Jharkhand,"Annual, Ending mar Of Each Year",ha mn,2009,2.43
Agricultural Production Foodgrains Area Karnataka,"Annual, Ending mar Of Each Year",ha mn,2009,7.46
Agricultural Production Foodgrains Area Madhya Pradesh,"Annual, Ending mar Of Each Year",ha mn,2009,11.91
Agricultural Production Foodgrains Area Maharashtra,"Annual, Ending mar Of Each Year",ha mn,2009,11.42
Agricultural Production Foodgrains Area Orissa,"Annual, Ending mar Of Each Year",ha mn,2009,5.43
Agricultural Production Foodgrains Area Punjab,"Annual, Ending mar Of Each Year",ha mn,2009,6.46
Agricultural Production Foodgrains Area Rajasthan,"Annual, Ending mar Of Each Year",ha mn,2009,13.21
Agricultural Production Foodgrains Area Tamil Nadu,"Annual, Ending mar Of Each Year",ha mn,2009,3.19
Agricultural Production Foodgrains Area Uttar Pradesh,"Annual, Ending mar Of Each Year",ha mn,2009,19.76
Agricultural Production Foodgrains Area Uttaranchal,"Annual, Ending mar Of Each Year",ha mn,2009,1.03
Agricultural Production Foodgrains Area West Bengal,"Annual, Ending mar Of Each Year",ha mn,2009,6.54
Agricultural Production Foodgrains Area Others,"Annual, Ending mar Of Each Year",ha mn,2009,3.33
Agricultural Production Foodgrains Volume Andhra Pradesh,"Annual, Ending mar Of Each Year",Ton mn,2009,20.421
Agricultural Production Foodgrains Volume Assam,"Annual, Ending mar Of Each Year",Ton mn,2009,4.143
Agricultural Production Foodgrains Volume Bihar,"Annual, Ending mar Of Each Year",Ton mn,2009,12.2207
Agricultural Production Foodgrains Volume Chhattisgarh,"Annual, Ending mar Of Each Year",Ton mn,2009,5.1673
Agricultural Production Foodgrains Volume Gujarat,"Annual, Ending mar Of Each Year",Ton mn,2009,6.481
Agricultural Production Foodgrains Volume Haryana,"Annual, Ending mar Of Each Year",Ton mn,2009,15.6137
Agricultural Production Foodgrains Volume Jharkhand,"Annual, Ending mar Of Each Year",Ton mn,2009,4.1887
Agricultural Production Foodgrains Volume Karnataka,"Annual, Ending mar Of Each Year",Ton mn,2009,11.275
Agricultural Production Foodgrains Volume Madhya Pradesh,"Annual, Ending mar Of Each Year",Ton mn,2009,13.9146
Agricultural Production Foodgrains Volume Maharashtra,"Annual, Ending mar Of Each Year",Ton mn,2009,11.4276
Agricultural Production Foodgrains Volume Orissa,"Annual, Ending mar Of Each Year",Ton mn,2009,7.3991
Agricultural Production Foodgrains Volume Punjab,"Annual, Ending mar Of Each Year",Ton mn,2009,27.3298
Agricultural Production Foodgrains Volume Rajasthan,"Annual, Ending mar Of Each Year",Ton mn,2009,16.6802
Agricultural Production Foodgrains Volume Tamil Nadu,"Annual, Ending mar Of Each Year",Ton mn,2009,7.1023
Agricultural Production Foodgrains Volume Uttar Pradesh,"Annual, Ending mar Of Each Year",Ton mn,2009,46.7293
Agricultural Production Foodgrains Volume Uttaranchal,"Annual, Ending mar Of Each Year",Ton mn,2009,1.765
Agricultural Production Foodgrains Volume West Bengal,"Annual, Ending mar Of Each Year",Ton mn,2009,16.2956
Agricultural Production Foodgrains Volume Others,"Annual, Ending mar Of Each Year",Ton mn,2009,6.3125
Agricultural Production Foodgrains Yield Andhra Pradesh,"Annual, Ending mar Of Each Year",kg/ha,2009,2744.0
Agricultural Production Foodgrains Yield Assam,"Annual, Ending mar Of Each Year",kg/ha,2009,1551.0
Agricultural Production Foodgrains Yield Bihar,"Annual, Ending mar Of Each Year",kg/ha,2009,1766.0
Agricultural Production Foodgrains Yield Chhattisgarh,"Annual, Ending mar Of Each Year",kg/ha,2009,1041.0
Agricultural Production Foodgrains Yield Gujarat,"Annual, Ending mar Of Each Year",kg/ha,2009,1595.0
Agricultural Production Foodgrains Yield Haryana,"Annual, Ending mar Of Each Year",kg/ha,2009,3388.0
Agricultural Production Foodgrains Yield Jharkhand,"Annual, Ending mar Of Each Year",kg/ha,2009,1720.0
Agricultural Production Foodgrains Yield Karnataka,"Annual, Ending mar Of Each Year",kg/ha,2009,1511.0
Agricultural Production Foodgrains Yield Madhya Pradesh,"Annual, Ending mar Of Each Year",kg/ha,2009,1168.0
Agricultural Production Foodgrains Yield Maharashtra,"Annual, Ending mar Of Each Year",kg/ha,2009,1001.0
Agricultural Production Foodgrains Yield Orissa,"Annual, Ending mar Of Each Year",kg/ha,2009,1363.0
Agricultural Production Foodgrains Yield Punjab,"Annual, Ending mar Of Each Year",kg/ha,2009,4231.0
Agricultural Production Foodgrains Yield Rajasthan,"Annual, Ending mar Of Each Year",kg/ha,2009,1263.0
Agricultural Production Foodgrains Yield Tamil Nadu,"Annual, Ending mar Of Each Year",kg/ha,2009,2225.0
Agricultural Production Foodgrains Yield Uttar Pradesh,"Annual, Ending mar Of Each Year",kg/ha,2009,2365.0
Agricultural Production Foodgrains Yield Uttaranchal,"Annual, Ending mar Of Each Year",kg/ha,2009,1715.0
Agricultural Production Foodgrains Yield West Bengal,"Annual, Ending mar Of Each Year",kg/ha,2009,2493.0
Agricultural Production Foodgrains Rice Area,"Annual, Ending mar Of Each Year",ha mn,2009,45.54
Agricultural Production Foodgrains Rice Volume,"Annual, Ending mar Of Each Year",Ton mn,2009,99.18
Agricultural Production Foodgrains Rice Yield,"Annual, Ending mar Of Each Year",kg/ha,2009,2178.0
Agricultural Production Foodgrains Rice Area Andhra Pradesh,"Annual, Ending mar Of Each Year",ha mn,2009,4.39
Agricultural Production Foodgrains Rice Area Assam,"Annual, Ending mar Of Each Year",ha mn,2009,2.48
Agricultural Production Foodgrains Rice Area Bihar,"Annual, Ending mar Of Each Year",ha mn,2009,3.5
Agricultural Production Foodgrains Rice Area Chhattisgarh,"Annual, Ending mar Of Each Year",ha mn,2009,3.73
Agricultural Production Foodgrains Rice Area Gujarat,"Annual, Ending mar Of Each Year",ha mn,2009,0.75
Agricultural Production Foodgrains Rice Area Haryana,"Annual, Ending mar Of Each Year",ha mn,2009,1.21
Agricultural Production Foodgrains Rice Area Jharkland,"Annual, Ending mar Of Each Year",ha mn,2009,1.68
Agricultural Production Foodgrains Rice Area Karnataka,"Annual, Ending mar Of Each Year",ha mn,2009,1.51
Agricultural Production Foodgrains Rice Area Kerala,"Annual, Ending mar Of Each Year",ha mn,2009,0.23
Agricultural Production Foodgrains Rice Area Madhya Pradesh,"Annual, Ending mar Of Each Year",ha mn,2009,1.68
Agricultural Production Foodgrains Rice Area Maharashtra,"Annual, Ending mar Of Each Year",ha mn,2009,1.52
Agricultural Production Foodgrains Rice Area Orissa,"Annual, Ending mar Of Each Year",ha mn,2009,4.45
Agricultural Production Foodgrains Rice Area Punjab,"Annual, Ending mar Of Each Year",ha mn,2009,2.74
Agricultural Production Foodgrains Rice Area Tamil Nadu,"Annual, Ending mar Of Each Year",ha mn,2009,1.93
Agricultural Production Foodgrains Rice Area Uttar Pradesh,"Annual, Ending mar Of Each Year",ha mn,2009,6.03
Agricultural Production Foodgrains Rice Area West Bengal,"Annual, Ending mar Of Each Year",ha mn,2009,5.94
Agricultural Production Foodgrains Rice Area Others,"Annual, Ending mar Of Each Year",ha mn,2009,1.75
Agricultural Production Foodgrains Rice Volume Andhra Pradesh,"Annual, Ending mar Of Each Year",Ton th,2009,14241.0
Agricultural Production Foodgrains Rice Volume Arunachal Pradesh,"Annual, Ending mar Of Each Year",Ton th,2009,163.9
Agricultural Production Foodgrains Rice Volume Assam,"Annual, Ending mar Of Each Year",Ton th,2009,4008.5
Agricultural Production Foodgrains Rice Volume Bihar,"Annual, Ending mar Of Each Year",Ton th,2009,5590.3
Agricultural Production Foodgrains Rice Volume Chhattisgarh,"Annual, Ending mar Of Each Year",Ton th,2009,4391.8
Agricultural Production Foodgrains Rice Volume Goa,"Annual, Ending mar Of Each Year",Ton th,2009,123.3
Agricultural Production Foodgrains Rice Volume Gujarat,"Annual, Ending mar Of Each Year",Ton th,2009,1303.0
Agricultural Production Foodgrains Rice Volume Haryana,"Annual, Ending mar Of Each Year",Ton th,2009,3298.0
Agricultural Production Foodgrains Rice Volume Himachal Pradesh,"Annual, Ending mar Of Each Year",Ton th,2009,118.3
Agricultural Production Foodgrains Rice Volume Jammu and Kashmir,"Annual, Ending mar Of Each Year",Ton th,2009,563.1
Agricultural Production Foodgrains Rice Volume Jharkhand,"Annual, Ending mar Of Each Year",Ton th,2009,3420.2
Agricultural Production Foodgrains Rice Volume Karnataka,"Annual, Ending mar Of Each Year",Ton th,2009,3802.0
Agricultural Production Foodgrains Rice Volume Kerala,"Annual, Ending mar Of Each Year",Ton th,2009,590.3
Agricultural Production Foodgrains Rice Volume Madhya Pradesh,"Annual, Ending mar Of Each Year",Ton th,2009,1559.7
Agricultural Production Foodgrains Rice Volume Maharashtra,"Annual, Ending mar Of Each Year",Ton th,2009,2284.0
Agricultural Production Foodgrains Rice Volume Manipur,"Annual, Ending mar Of Each Year",Ton th,2009,397.0
Agricultural Production Foodgrains Rice Volume Meghalaya,"Annual, Ending mar Of Each Year",Ton th,2009,203.9
Agricultural Production Foodgrains Rice Volume Mizoram,"Annual, Ending mar Of Each Year",Ton th,2009,46.0
Agricultural Production Foodgrains Rice Volume Nagaland,"Annual, Ending mar Of Each Year",Ton th,2009,345.1
Agricultural Production Foodgrains Rice Volume Orissa,"Annual, Ending mar Of Each Year",Ton th,2009,6812.7
Agricultural Production Foodgrains Rice Volume Punjab,"Annual, Ending mar Of Each Year",Ton th,2009,11000.0
Agricultural Production Foodgrains Rice Volume Rajasthan,"Annual, Ending mar Of Each Year",Ton th,2009,241.1
Agricultural Production Foodgrains Rice Volume Sikkim,"Annual, Ending mar Of Each Year",Ton th,2009,21.7
Agricultural Production Foodgrains Rice Volume Tamil Nadu,"Annual, Ending mar Of Each Year",Ton th,2009,5182.7
Agricultural Production Foodgrains Rice Volume Tripura,"Annual, Ending mar Of Each Year",Ton th,2009,627.1
Agricultural Production Foodgrains Rice Volume Union Territories,"Annual, Ending mar Of Each Year",Ton th,2009,131.5
Agricultural Production Foodgrains Rice Volume Uttar Pradesh,"Annual, Ending mar Of Each Year",Ton th,2009,13097.0
Agricultural Production Foodgrains Rice Volume Uttaranchal,"Annual, Ending mar Of Each Year",Ton th,2009,582.0
Agricultural Production Foodgrains Rice Volume West Bengal,"Annual, Ending mar Of Each Year",Ton th,2009,15037.2
Agricultural Production Foodgrains Rice Yield Andhra Pradesh,"Annual, Ending mar Of Each Year",kg/ha,2009,3246.0
Agricultural Production Foodgrains Rice Yield Assam,"Annual, Ending mar Of Each Year",kg/ha,2009,1614.0
Agricultural Production Foodgrains Rice Yield Bihar,"Annual, Ending mar Of Each Year",kg/ha,2009,1599.0
Agricultural Production Foodgrains Rice Yield Chhattisgarh,"Annual, Ending mar Of Each Year",kg/ha,2009,1176.0
Agricultural Production Foodgrains Rice Yield Gujarat,"Annual, Ending mar Of Each Year",kg/ha,2009,1744.0
Agricultural Production Foodgrains Rice Yield Haryana,"Annual, Ending mar Of Each Year",kg/ha,2009,2726.0
Agricultural Production Foodgrains Rice Yield Jharkland,"Annual, Ending mar Of Each Year",kg/ha,2009,2031.0
Agricultural Production Foodgrains Rice Yield Karnataka,"Annual, Ending mar Of Each Year",kg/ha,2009,2511.0
Agricultural Production Foodgrains Rice Yield Kerala,"Annual, Ending mar Of Each Year",kg/ha,2009,2519.0
Agricultural Production Foodgrains Rice Yield Madhya Pradesh,"Annual, Ending mar Of Each Year",kg/ha,2009,927.0
Agricultural Production Foodgrains Rice Yield Maharashtra,"Annual, Ending mar Of Each Year",kg/ha,2009,1501.0
Agricultural Production Foodgrains Rice Yield Orissa,"Annual, Ending mar Of Each Year",kg/ha,2009,1529.0
Agricultural Production Foodgrains Rice Yield Punjab,"Annual, Ending mar Of Each Year",kg/ha,2009,4022.0
Agricultural Production Foodgrains Rice Yield Tamil Nadu,"Annual, Ending mar Of Each Year",kg/ha,2009,2683.0
Agricultural Production Foodgrains Rice Yield Uttar Pradesh,"Annual, Ending mar Of Each Year",kg/ha,2009,2171.0
Agricultural Production Foodgrains Rice Yield West Bengal,"Annual, Ending mar Of Each Year",kg/ha,2009,2533.0
Agricultural Production Foodgrains Wheat Area,"Annual, Ending mar Of Each Year",ha mn,2009,27.75
Agricultural Production Foodgrains Wheat Volume,"Annual, Ending mar Of Each Year",Ton mn,2009,80.68
Agricultural Production Foodgrains Wheat Yield,"Annual, Ending mar Of Each Year",kg/ha,2009,2907.0
Agricultural Production Foodgrains Wheat Area Assam,"Annual, Ending mar Of Each Year",ha mn,2009,0.05
Agricultural Production Foodgrains Wheat Area Bihar,"Annual, Ending mar Of Each Year",ha mn,2009,2.16
Agricultural Production Foodgrains Wheat Area Gujarat,"Annual, Ending mar Of Each Year",ha mn,2009,1.09
Agricultural Production Foodgrains Wheat Area Haryana,"Annual, Ending mar Of Each Year",ha mn,2009,2.46
Agricultural Production Foodgrains Wheat Area Himachal Pradesh,"Annual, Ending mar Of Each Year",ha mn,2009,0.36
Agricultural Production Foodgrains Wheat Area Jammu and Kashmir,"Annual, Ending mar Of Each Year",ha mn,2009,0.28
Agricultural Production Foodgrains Wheat Area Jharkhand,"Annual, Ending mar Of Each Year",ha mn,2009,0.1
Agricultural Production Foodgrains Wheat Area Karnataka,"Annual, Ending mar Of Each Year",ha mn,2009,0.27
Agricultural Production Foodgrains Wheat Area Madhya Pradesh,"Annual, Ending mar Of Each Year",ha mn,2009,3.79
Agricultural Production Foodgrains Wheat Area Maharashtra,"Annual, Ending mar Of Each Year",ha mn,2009,1.02
Agricultural Production Foodgrains Wheat Area Punjab,"Annual, Ending mar Of Each Year",ha mn,2009,3.53
Agricultural Production Foodgrains Wheat Area Rajasthan,"Annual, Ending mar Of Each Year",ha mn,2009,2.29
Agricultural Production Foodgrains Wheat Area Uttar Pradesh,"Annual, Ending mar Of Each Year",ha mn,2009,9.51
Agricultural Production Foodgrains Wheat Area Uttaranchal,"Annual, Ending mar Of Each Year",ha mn,2009,0.4
Agricultural Production Foodgrains Wheat Area West Bengal,"Annual, Ending mar Of Each Year",ha mn,2009,0.31
Agricultural Production Foodgrains Wheat Area Others,"Annual, Ending mar Of Each Year",ha mn,2009,0.14
Agricultural Production Foodgrains Wheat Volume Arunachal Pradesh,"Annual, Ending mar Of Each Year",Ton th,2009,5.2
Agricultural Production Foodgrains Wheat Volume Assam,"Annual, Ending mar Of Each Year",Ton th,2009,54.6
Agricultural Production Foodgrains Wheat Volume Bihar,"Annual, Ending mar Of Each Year",Ton th,2009,4410.0
Agricultural Production Foodgrains Wheat Volume Chhattisgarh,"Annual, Ending mar Of Each Year",Ton th,2009,92.5
Agricultural Production Foodgrains Wheat Volume Gujarat,"Annual, Ending mar Of Each Year",Ton th,2009,2593.0
Agricultural Production Foodgrains Wheat Volume Haryana,"Annual, Ending mar Of Each Year",Ton th,2009,10808.2
Agricultural Production Foodgrains Wheat Volume Himachal Pradesh,"Annual, Ending mar Of Each Year",Ton th,2009,547.3
Agricultural Production Foodgrains Wheat Volume Jammu and Kashmir,"Annual, Ending mar Of Each Year",Ton th,2009,483.6
Agricultural Production Foodgrains Wheat Volume Jharkhand,"Annual, Ending mar Of Each Year",Ton th,2009,153.9
Agricultural Production Foodgrains Wheat Volume Karnataka,"Annual, Ending mar Of Each Year",Ton th,2009,247.0
Agricultural Production Foodgrains Wheat Volume Madhya Pradesh,"Annual, Ending mar Of Each Year",Ton th,2009,6521.9
Agricultural Production Foodgrains Wheat Volume Maharashtra,"Annual, Ending mar Of Each Year",Ton th,2009,1516.0
Agricultural Production Foodgrains Wheat Volume Meghalaya,"Annual, Ending mar Of Each Year",Ton th,2009,0.7
Agricultural Production Foodgrains Wheat Volume Nagaland,"Annual, Ending mar Of Each Year",Ton th,2009,2.1
Agricultural Production Foodgrains Wheat Volume Orissa,"Annual, Ending mar Of Each Year",Ton th,2009,7.4
Agricultural Production Foodgrains Wheat Volume Punjab,"Annual, Ending mar Of Each Year",Ton th,2009,15733.0
Agricultural Production Foodgrains Wheat Volume Rajasthan,"Annual, Ending mar Of Each Year",Ton th,2009,7287.0
Agricultural Production Foodgrains Wheat Volume Sikkim,"Annual, Ending mar Of Each Year",Ton th,2009,7.8
Agricultural Production Foodgrains Wheat Volume Tripura,"Annual, Ending mar Of Each Year",Ton th,2009,1.2
Agricultural Production Foodgrains Wheat Volume Union Territories,"Annual, Ending mar Of Each Year",Ton th,2009,75.5
Agricultural Production Foodgrains Wheat Volume Uttar Pradesh,"Annual, Ending mar Of Each Year",Ton th,2009,28554.0
Agricultural Production Foodgrains Wheat Volume Uttaranchal,"Annual, Ending mar Of Each Year",Ton th,2009,797.0
Agricultural Production Foodgrains Wheat Volume West Bengal,"Annual, Ending mar Of Each Year",Ton th,2009,764.5
Agricultural Production Foodgrains Wheat Yield Assam,"Annual, Ending mar Of Each Year",kg/ha,2009,1090.0
Agricultural Production Foodgrains Wheat Yield Bihar,"Annual, Ending mar Of Each Year",kg/ha,2009,2043.0
Agricultural Production Foodgrains Wheat Yield Gujarat,"Annual, Ending mar Of Each Year",kg/ha,2009,2377.0
Agricultural Production Foodgrains Wheat Yield Haryana,"Annual, Ending mar Of Each Year",kg/ha,2009,4390.0
Agricultural Production Foodgrains Wheat Yield Himachal Pradesh,"Annual, Ending mar Of Each Year",kg/ha,2009,1520.0
Agricultural Production Foodgrains Wheat Yield Jammu and Kashmir,"Annual, Ending mar Of Each Year",kg/ha,2009,1735.0
Agricultural Production Foodgrains Wheat Yield Jharkhand,"Annual, Ending mar Of Each Year",kg/ha,2009,1541.0
Agricultural Production Foodgrains Wheat Yield Karnataka,"Annual, Ending mar Of Each Year",kg/ha,2009,918.0
Agricultural Production Foodgrains Wheat Yield Madhya Pradesh,"Annual, Ending mar Of Each Year",kg/ha,2009,1723.0
Agricultural Production Foodgrains Wheat Yield Maharashtra,"Annual, Ending mar Of Each Year",kg/ha,2009,1483.0
Agricultural Production Foodgrains Wheat Yield Punjab,"Annual, Ending mar Of Each Year",kg/ha,2009,4462.0
Agricultural Production Foodgrains Wheat Yield Rajasthan,"Annual, Ending mar Of Each Year",kg/ha,2009,3175.0
Agricultural Production Foodgrains Wheat Yield Uttar Pradesh,"Annual, Ending mar Of Each Year",kg/ha,2009,3002.0
Agricultural Production Foodgrains Wheat Yield Uttaranchal,"Annual, Ending mar Of Each Year",kg/ha,2009,2003.0
Agricultural Production Foodgrains Wheat Yield West Bengal,"Annual, Ending mar Of Each Year",kg/ha,2009,2490.0
Agricultural Production Foodgrains Coarse Cereals Area,"Annual, Ending mar Of Each Year",ha mn,2009,27.45
Agricultural Production Foodgrains Coarse Cereals Volume,"Annual, Ending mar Of Each Year",Ton mn,2009,40.04
Agricultural Production Foodgrains Coarse Cereals Yield,"Annual, Ending mar Of Each Year",kg/ha,2009,1459.0
Agricultural Production Foodgrains Coarse Cereals Area Andhra Pradesh,"Annual, Ending mar Of Each Year",ha mn,2009,1.27
Agricultural Production Foodgrains Coarse Cereals Area Bihar,"Annual, Ending mar Of Each Year",ha mn,2009,0.68
Agricultural Production Foodgrains Coarse Cereals Area Chhattisgarh,"Annual, Ending mar Of Each Year",ha mn,2009,0.28
Agricultural Production Foodgrains Coarse Cereals Area Gujarat,"Annual, Ending mar Of Each Year",ha mn,2009,1.44
Agricultural Production Foodgrains Coarse Cereals Area Haryana,"Annual, Ending mar Of Each Year",ha mn,2009,0.76
Agricultural Production Foodgrains Coarse Cereals Area Himachal Pradesh,"Annual, Ending mar Of Each Year",ha mn,2009,0.33
Agricultural Production Foodgrains Coarse Cereals Area Jammu and Kashmir,"Annual, Ending mar Of Each Year",ha mn,2009,0.36
Agricultural Production Foodgrains Coarse Cereals Area Jharkhand,"Annual, Ending mar Of Each Year",ha mn,2009,0.26
Agricultural Production Foodgrains Coarse Cereals Area Karnataka,"Annual, Ending mar Of Each Year",ha mn,2009,3.59
Agricultural Production Foodgrains Coarse Cereals Area Madhya Pradesh,"Annual, Ending mar Of Each Year",ha mn,2009,1.89
Agricultural Production Foodgrains Coarse Cereals Area Maharashtra,"Annual, Ending mar Of Each Year",ha mn,2009,5.79
Agricultural Production Foodgrains Coarse Cereals Area Orissa,"Annual, Ending mar Of Each Year",ha mn,2009,0.16
Agricultural Production Foodgrains Coarse Cereals Area Punjab,"Annual, Ending mar Of Each Year",ha mn,2009,0.18
Agricultural Production Foodgrains Coarse Cereals Area Rajasthan,"Annual, Ending mar Of Each Year",ha mn,2009,7.1
Agricultural Production Foodgrains Coarse Cereals Area Tamil Nadu,"Annual, Ending mar Of Each Year",ha mn,2009,0.72
Agricultural Production Foodgrains Coarse Cereals Area Uttar Pradesh,"Annual, Ending mar Of Each Year",ha mn,2009,1.99
Agricultural Production Foodgrains Coarse Cereals Area Uttaranchal,"Annual, Ending mar Of Each Year",ha mn,2009,0.27
Agricultural Production Foodgrains Coarse Cereals Area West Bengal,"Annual, Ending mar Of Each Year",ha mn,2009,0.11
Agricultural Production Foodgrains Coarse Cereals Area Others,"Annual, Ending mar Of Each Year",ha mn,2009,0.26
Agricultural Production Foodgrains Coarse Cereals Volume Andhra Pradesh,"Annual, Ending mar Of Each Year",Ton th,2009,4716.0
Agricultural Production Foodgrains Coarse Cereals Volume Arunachal Pradesh,"Annual, Ending mar Of Each Year",Ton th,2009,77.7
Agricultural Production Foodgrains Coarse Cereals Volume Assam,"Annual, Ending mar Of Each Year",Ton th,2009,15.4
Agricultural Production Foodgrains Coarse Cereals Volume Bihar,"Annual, Ending mar Of Each Year",Ton th,2009,1751.3
Agricultural Production Foodgrains Coarse Cereals Volume Chhattisgarh,"Annual, Ending mar Of Each Year",Ton th,2009,184.4
Agricultural Production Foodgrains Coarse Cereals Volume Goa,"Annual, Ending mar Of Each Year",Ton th,2009,0.8
Agricultural Production Foodgrains Coarse Cereals Volume Gujarat,"Annual, Ending mar Of Each Year",Ton th,2009,1976.0
Agricultural Production Foodgrains Coarse Cereals Volume Haryana,"Annual, Ending mar Of Each Year",Ton th,2009,1329.4
Agricultural Production Foodgrains Coarse Cereals Volume Himachal Pradesh,"Annual, Ending mar Of Each Year",Ton th,2009,712.1
Agricultural Production Foodgrains Coarse Cereals Volume Jammu and Kashmir,"Annual, Ending mar Of Each Year",Ton th,2009,660.4
Agricultural Production Foodgrains Coarse Cereals Volume Jharkhand,"Annual, Ending mar Of Each Year",Ton th,2009,333.9
Agricultural Production Foodgrains Coarse Cereals Volume Karnataka,"Annual, Ending mar Of Each Year",Ton th,2009,6254.0
Agricultural Production Foodgrains Coarse Cereals Volume Kerala,"Annual, Ending mar Of Each Year",Ton th,2009,1.7
Agricultural Production Foodgrains Coarse Cereals Volume Madhya Pradesh,"Annual, Ending mar Of Each Year",Ton th,2009,2149.9
Agricultural Production Foodgrains Coarse Cereals Volume Maharashtra,"Annual, Ending mar Of Each Year",Ton th,2009,5971.6
Agricultural Production Foodgrains Coarse Cereals Volume Manipur,"Annual, Ending mar Of Each Year",Ton th,2009,11.5
Agricultural Production Foodgrains Coarse Cereals Volume Meghalaya,"Annual, Ending mar Of Each Year",Ton th,2009,27.8
Agricultural Production Foodgrains Coarse Cereals Volume Mizoram,"Annual, Ending mar Of Each Year",Ton th,2009,9.3
Agricultural Production Foodgrains Coarse Cereals Volume Nagaland,"Annual, Ending mar Of Each Year",Ton th,2009,127.3
Agricultural Production Foodgrains Coarse Cereals Volume Orissa,"Annual, Ending mar Of Each Year",Ton th,2009,191.7
Agricultural Production Foodgrains Coarse Cereals Volume Punjab,"Annual, Ending mar Of Each Year",Ton th,2009,575.1
Agricultural Production Foodgrains Coarse Cereals Volume Rajasthan,"Annual, Ending mar Of Each Year",Ton th,2009,7325.7
Agricultural Production Foodgrains Coarse Cereals Volume Sikkim,"Annual, Ending mar Of Each Year",Ton th,2009,66.2
Agricultural Production Foodgrains Coarse Cereals Volume Tamil Nadu,"Annual, Ending mar Of Each Year",Ton th,2009,1755.1
Agricultural Production Foodgrains Coarse Cereals Volume Tripura,"Annual, Ending mar Of Each Year",Ton th,2009,2.0
Agricultural Production Foodgrains Coarse Cereals Volume Union Territories,"Annual, Ending mar Of Each Year",Ton th,2009,19.0
Agricultural Production Foodgrains Coarse Cereals Volume Uttar Pradesh,"Annual, Ending mar Of Each Year",Ton th,2009,3080.2
Agricultural Production Foodgrains Coarse Cereals Volume Uttaranchal,"Annual, Ending mar Of Each Year",Ton th,2009,347.0
Agricultural Production Foodgrains Coarse Cereals Volume West Bengal,"Annual, Ending mar Of Each Year",Ton th,2009,365.4
Agricultural Production Foodgrains Coarse Cereals Yield Andhra Pradesh,"Annual, Ending mar Of Each Year",kg/ha,2009,3713.0
Agricultural Production Foodgrains Coarse Cereals Yield Bihar,"Annual, Ending mar Of Each Year",kg/ha,2009,2577.0
Agricultural Production Foodgrains Coarse Cereals Yield Chhattisgarh,"Annual, Ending mar Of Each Year",kg/ha,2009,657.0
Agricultural Production Foodgrains Coarse Cereals Yield Gujarat,"Annual, Ending mar Of Each Year",kg/ha,2009,1371.0
Agricultural Production Foodgrains Coarse Cereals Yield Haryana,"Annual, Ending mar Of Each Year",kg/ha,2009,1760.0
Agricultural Production Foodgrains Coarse Cereals Yield Himachal Pradesh,"Annual, Ending mar Of Each Year",kg/ha,2009,2166.0
Agricultural Production Foodgrains Coarse Cereals Yield Jammu and Kashmir,"Annual, Ending mar Of Each Year",kg/ha,2009,1819.0
Agricultural Production Foodgrains Coarse Cereals Yield Jharkhand,"Annual, Ending mar Of Each Year",kg/ha,2009,1266.0
Agricultural Production Foodgrains Coarse Cereals Yield Karnataka,"Annual, Ending mar Of Each Year",kg/ha,2009,1742.0
Agricultural Production Foodgrains Coarse Cereals Yield Madhya Pradesh,"Annual, Ending mar Of Each Year",kg/ha,2009,1140.0
Agricultural Production Foodgrains Coarse Cereals Yield Maharashtra,"Annual, Ending mar Of Each Year",kg/ha,2009,1031.0
Agricultural Production Foodgrains Coarse Cereals Yield Orissa,"Annual, Ending mar Of Each Year",kg/ha,2009,1180.0
Agricultural Production Foodgrains Coarse Cereals Yield Punjab,"Annual, Ending mar Of Each Year",kg/ha,2009,3284.0
Agricultural Production Foodgrains Coarse Cereals Yield Rajasthan,"Annual, Ending mar Of Each Year",kg/ha,2009,1031.0
Agricultural Production Foodgrains Coarse Cereals Yield Tamil Nadu,"Annual, Ending mar Of Each Year",kg/ha,2009,2424.0
Agricultural Production Foodgrains Coarse Cereals Yield Uttar Pradesh,"Annual, Ending mar Of Each Year",kg/ha,2009,1550.0
Agricultural Production Foodgrains Coarse Cereals Yield Uttaranchal,"Annual, Ending mar Of Each Year",kg/ha,2009,1280.0
Agricultural Production Foodgrains Coarse Cereals Yield West Bengal,"Annual, Ending mar Of Each Year",kg/ha,2009,3319.0
Agricultural Production Foodgrains,"Annual, Ending mar Of Each Year",Ton mn,2010,218.107372
Agricultural Production Foodgrains Kharif,"Annual, Ending mar Of Each Year",Ton mn,2010,103.954032
Agricultural Production Foodgrains Rabi,"Annual, Ending mar Of Each Year",Ton mn,2010,114.15334
Agricultural Production Foodgrains Rice,"Annual, Ending mar Of Each Year",Ton mn,2010,89.092901
Agricultural Production Foodgrains Rice Kharif,"Annual, Ending mar Of Each Year",Ton mn,2010,75.91651
Agricultural Production Foodgrains Rice Rabi,"Annual, Ending mar Of Each Year",Ton mn,2010,13.176391
Agricultural Production Foodgrains Wheat Rabi,"Annual, Ending mar Of Each Year",Ton mn,2010,80.803558
Agricultural Production Foodgrains Jowar,"Annual, Ending mar Of Each Year",Ton mn,2010,6.698203
Agricultural Production Foodgrains Jowar Kharif,"Annual, Ending mar Of Each Year",Ton mn,2010,2.763233
Agricultural Production Foodgrains Jowar Rabi,"Annual, Ending mar Of Each Year",Ton mn,2010,3.93497
Agricultural Production Foodgrains Bajra Kharif,"Annual, Ending mar Of Each Year",Ton mn,2010,6.506412
Agricultural Production Foodgrains Maize,"Annual, Ending mar Of Each Year",Ton mn,2010,16.719467
Agricultural Production Foodgrains Maize Kharif,"Annual, Ending mar Of Each Year",Ton mn,2010,12.293291
Agricultural Production Foodgrains Maize Rabi,"Annual, Ending mar Of Each Year",Ton mn,2010,4.426176
Agricultural Production Foodgrains Ragi Kharif,"Annual, Ending mar Of Each Year",Ton mn,2010,1.888462
Agricultural Production Foodgrains Small Millets Kharif,"Annual, Ending mar Of Each Year",Ton mn,2010,0.381922
Agricultural Production Foodgrains Barley Rabi,"Annual, Ending mar Of Each Year",Ton mn,2010,1.354658
Agricultural Production Foodgrains Coarse Cereals,"Annual, Ending mar Of Each Year",Ton mn,2010,33.549124
Agricultural Production Foodgrains Coarse Cereals Kharif,"Annual, Ending mar Of Each Year",Ton mn,2010,23.83332
Agricultural Production Foodgrains Coarse Cereals Rabi,"Annual, Ending mar Of Each Year",Ton mn,2010,9.715804
Agricultural Production Foodgrains Cereals,"Annual, Ending mar Of Each Year",Ton mn,2010,203.445583
Agricultural Production Foodgrains Cereals Kharif,"Annual, Ending mar Of Each Year",Ton mn,2010,99.74983
Agricultural Production Foodgrains Cereals Rabi,"Annual, Ending mar Of Each Year",Ton mn,2010,103.695753
Agricultural Production Foodgrains Tur Kharif,"Annual, Ending mar Of Each Year",Ton mn,2010,2.464552
Agricultural Production Foodgrains Other Kharif Pulses Kharif,"Annual, Ending mar Of Each Year",Ton mn,2010,0.48519393
Agricultural Production Foodgrains Gram Rabi,"Annual, Ending mar Of Each Year",Ton mn,2010,7.475903
Agricultural Production Foodgrains Other Kharif Pulses Rabi,"Annual, Ending mar Of Each Year",Ton mn,2010,2.30803757
Agricultural Production Foodgrains Pulses,"Annual, Ending mar Of Each Year",Ton mn,2010,14.661789
Agricultural Production Foodgrains Pulses Kharif,"Annual, Ending mar Of Each Year",Ton mn,2010,4.204202
Agricultural Production Foodgrains Pulses Rabi,"Annual, Ending mar Of Each Year",Ton mn,2010,10.457587
Agricultural Production Oilseeds,"Annual, Ending mar Of Each Year",Ton mn,2010,24.881624
Agricultural Production Oilseeds Kharif,"Annual, Ending mar Of Each Year",Ton mn,2010,15.728429
Agricultural Production Oilseeds Rabi,"Annual, Ending mar Of Each Year",Ton mn,2010,9.153195
Agricultural Production Oilseeds Groundnut,"Annual, Ending mar Of Each Year",Ton mn,2010,5.428493
Agricultural Production Oilseeds Groundnut Kharif,"Annual, Ending mar Of Each Year",Ton mn,2010,3.852216
Agricultural Production Oilseeds Groundnut Rabi,"Annual, Ending mar Of Each Year",Ton mn,2010,1.576277
Agricultural Production Oilseeds Castorseed Kharif,"Annual, Ending mar Of Each Year",Ton mn,2010,1.008951
Agricultural Production Oilseeds Sesamun Kharif,"Annual, Ending mar Of Each Year",Ton mn,2010,0.588419
Agricultural Production Oilseeds Nigerseed Kharif,"Annual, Ending mar Of Each Year",Ton mn,2010,0.099936
Agricultural Production Oilseeds Rapeseed and Mustard Rabi,"Annual, Ending mar Of Each Year",Ton mn,2010,6.608079
Agricultural Production Oilseeds Linseed Rabi,"Annual, Ending mar Of Each Year",Ton mn,2010,0.153703
Agricultural Production Oilseeds Safflower Rabi,"Annual, Ending mar Of Each Year",Ton mn,2010,0.178822
Agricultural Production Oilseeds Sunflower,"Annual, Ending mar Of Each Year",Ton mn,2010,0.850744
Agricultural Production Oilseeds Sunflower Kharif,"Annual, Ending mar Of Each Year",Ton mn,2010,0.21443
Agricultural Production Oilseeds Sunflower Rabi,"Annual, Ending mar Of Each Year",Ton mn,2010,0.636314
Agricultural Production Oilseeds Soyabean Kharif,"Annual, Ending mar Of Each Year",Ton mn,2010,9.964477
Agricultural Production Commercial Crops Cotton,"Annual, Ending mar Of Each Year",Bale mn,2010,24.021803
Agricultural Production Commercial Crops Jute,"Annual, Ending mar Of Each Year",Bale mn,2010,11.230374
Agricultural Production Commercial Crops Mesta,"Annual, Ending mar Of Each Year",Bale mn,2010,0.587028
Agricultural Production Commercial Crops Jute and Mesta,"Annual, Ending mar Of Each Year",Bale mn,2010,11.817402
Agricultural Production Commercial Crops Sugarcane,"Annual, Ending mar Of Each Year",Ton mn,2010,292.301617
Agricultural Production Major Crops Target Rice,"Annual, Ending mar Of Each Year",Ton mn,2010,100.5
Agricultural Production Major Crops Target Wheat,"Annual, Ending mar Of Each Year",Ton mn,2010,79.0
Agricultural Production Major Crops Target Coarse Cereals,"Annual, Ending mar Of Each Year",Ton mn,2010,43.1
Agricultural Production Major Crops Target Pulses,"Annual, Ending mar Of Each Year",Ton mn,2010,16.5
Agricultural Production Major Crops Target Foodgrains,"Annual, Ending mar Of Each Year",Ton mn,2010,239.1
Agricultural Production Major Crops Target Oilseeds,"Annual, Ending mar Of Each Year",Ton mn,2010,31.6
Agricultural Production Major Crops Target Sugarcane,"Annual, Ending mar Of Each Year",Ton mn,2010,340.0
Agricultural Production Major Crops Target Cotton,"Annual, Ending mar Of Each Year",Ton mn,2010,26.0
Agricultural Production Major Crops Target Jute and Mesta,"Annual, Ending mar Of Each Year",Ton mn,2010,11.2
Agricultural Production Major Crops Achievements Rice,"Annual, Ending mar Of Each Year",Ton mn,2010,89.09
Agricultural Production Major Crops Achievements Wheat,"Annual, Ending mar Of Each Year",Ton mn,2010,80.8
Agricultural Production Major Crops Achievements Coarse Cereals,"Annual, Ending mar Of Each Year",Ton mn,2010,33.55
Agricultural Production Major Crops Achievements Pulses,"Annual, Ending mar Of Each Year",Ton mn,2010,14.66
Agricultural Production Major Crops Achievements Foodgrains,"Annual, Ending mar Of Each Year",Ton mn,2010,218.11
Agricultural Production Major Crops Achievements Oilseeds,"Annual, Ending mar Of Each Year",Ton mn,2010,24.88
Agricultural Production Major Crops Achievements Sugarcane,"Annual, Ending mar Of Each Year",Ton mn,2010,292.3
Agricultural Production Major Crops Achievements Cotton,"Annual, Ending mar Of Each Year",Ton mn,2010,24.02
Agricultural Production Major Crops Achievements Jute and Mesta,"Annual, Ending mar Of Each Year",Ton mn,2010,11.82
Agricultural Production Area,"Annual, Ending mar Of Each Year",ha mn,2010,121.34
Agricultural Production Volume,"Annual, Ending mar Of Each Year",Ton mn,2010,218.11
Agricultural Production Yield,"Annual, Ending mar Of Each Year",kg/ha,2010,1798.0
Agricultural Production Kharif Area,"Annual, Ending mar Of Each Year",ha mn,2010,69.51
Agricultural Production Kharif Volume,"Annual, Ending mar Of Each Year",Ton mn,2010,104.0
Agricultural Production Kharif Yield,"Annual, Ending mar Of Each Year",kg/ha,2010,1496.0
Agricultural Production Rabi Area,"Annual, Ending mar Of Each Year",ha mn,2010,51.83
Agricultural Production Rabi Volume,"Annual, Ending mar Of Each Year",Ton mn,2010,114.11
Agricultural Production Rabi Yield,"Annual, Ending mar Of Each Year",kg/ha,2010,2202.0
Agriculture Production Foodgrains Area 5 Yr Avg Foodgrains Total,"Annual, Ending mar Of Each Year",ha mn,2010,122.71
Agriculture Production Foodgrains Area 5 Yr Avg Foodgrains Kharif,"Annual, Ending mar Of Each Year",ha mn,2010,71.97
Agriculture Production Foodgrains Area 5 Yr Avg Foodgrains Rabi,"Annual, Ending mar Of Each Year",ha mn,2010,50.74
Agriculture Production Foodgrains Area 5 Yr Avg Foodgrains Coarse Cereals Total,"Annual, Ending mar Of Each Year",ha mn,2010,28.28
Agriculture Production Foodgrains Area 5 Yr Avg Foodgrains Coarse Cereals Kharif,"Annual, Ending mar Of Each Year",ha mn,2010,21.97
Agriculture Production Foodgrains Area 5 Yr Avg Foodgrains Coarse Cereals Rabi,"Annual, Ending mar Of Each Year",ha mn,2010,6.31
Agriculture Production Foodgrains Area 5 Yr Avg Foodgrains Coarse Cereals Rice Total,"Annual, Ending mar Of Each Year",ha mn,2010,43.77
Agricultural Production Foodgrains Area 5 Yr Avg Foodgrains Coarse Cereals Rice Kharif,"Annual, Ending mar Of Each Year",ha mn,2010,39.36
Agriculture Production Foodgrains Area 5 Yr Avg Foodgrains Coarse Cereals Rice Rabi,"Annual, Ending mar Of Each Year",ha mn,2010,4.41
Agriculture Production Foodgrains Area 5 Yr Avg Foodgrains Coarse Cereals Wheat Rabi,"Annual, Ending mar Of Each Year",ha mn,2010,27.75
Agriculture Production Foodgrains Area 5 Yr Avg Foodgrains Coarse Cereals Jowar Total,"Annual, Ending mar Of Each Year",ha mn,2010,8.05
Agriculture Production Foodgrains Area 5 Yr Avg Foodgrains Coarse Cereals Jowar Kharif,"Annual, Ending mar Of Each Year",ha mn,2010,3.43
Agriculture Production Foodgrains Area 5 Yr Avg Foodgrains Coarse Cereals Jowar Rabi,"Annual, Ending mar Of Each Year",ha mn,2010,4.62
Agriculture Production Foodgrains Area 5 Yr Avg Foodgrains Coarse Cereals Bajra Kharif,"Annual, Ending mar Of Each Year",ha mn,2010,9.26
Agriculture Production Foodgrains Area 5 Yr Avg Foodgrains Coarse Cereals Maize Total,"Annual, Ending mar Of Each Year",ha mn,2010,8.01
Agriculture Production Foodgrains Area 5 Yr Avg Foodgrains Coarse Cereals Maize Kharif,"Annual, Ending mar Of Each Year",ha mn,2010,6.96
Agriculture Production Foodgrains Area 5 Yr Avg Foodgrains Coarse Cereals Maize Rabi,"Annual, Ending mar Of Each Year",ha mn,2010,1.05
Agriculture Production Foodgrains Area 5 Yr Avg Foodgrains Pulses Total,"Annual, Ending mar Of Each Year",ha mn,2010,22.92
Agriculture Production Foodgrains Area 5 Yr Avg Foodgrains Pulses Kharif,"Annual, Ending mar Of Each Year",ha mn,2010,10.65
Agriculture Production Foodgrains Area 5 Yr Avg Foodgrains Pulses Rabi,"Annual, Ending mar Of Each Year",ha mn,2010,12.27
Agriculture Production Foodgrains Area 5 Yr Avg Foodgrains Pulses Tur Kharif,"Annual, Ending mar Of Each Year",ha mn,2010,3.54
Agriculture Production Foodgrains Area 5 Yr Avg Foodgrains Pulses Gram Rabi,"Annual, Ending mar Of Each Year",ha mn,2010,7.61
Agriculture Production Foodgrains Area 5 Yr Avg Oilseeds Nine Oilseeds,"Annual, Ending mar Of Each Year",ha mn,2010,26.92
Agriculture Production Foodgrains Area 5 Yr Avg Oilseeds Nine Oilseeds Groundnut,"Annual, Ending mar Of Each Year",ha mn,2010,6.06
Agriculture Production Foodgrains Area 5 Yr Avg Oilseeds Nine Oilseeds Rapeseed and Mustard Rabi,"Annual, Ending mar Of Each Year",ha mn,2010,6.36
Agriculture Production Foodgrains Area 5 Yr Avg Oilseeds Nine Oilseeds Soyabean Kharif,"Annual, Ending mar Of Each Year",ha mn,2010,8.83
Agriculture Production Foodgrains Area 5 Yr Avg Oilseeds Nine Oilseeds Sunflower,"Annual, Ending mar Of Each Year",ha mn,2010,1.94
Agriculture Production Foodgrains Area 5 Yr Avg Other Cash Crops Cotton,"Annual, Ending mar Of Each Year",ha mn,2010,9.35
Agriculture Production Foodgrains Area 5 Yr Avg Other Cash Crops Jute and Mesta,"Annual, Ending mar Of Each Year",ha mn,2010,0.92
Agriculture Production Foodgrains Area 5 Yr Avg Other Cash Crops Sugarcane,"Annual, Ending mar Of Each Year",ha mn,2010,4.6
Agriculture Production Foodgrains Production Foodgrains Total,"Annual, Ending mar Of Each Year",Ton mn,2010,221.85
Agriculture Production Foodgrains Production Foodgrains Kharif,"Annual, Ending mar Of Each Year",Ton mn,2010,112.7
Agriculture Production Foodgrains Production Foodgrains Rabi,"Annual, Ending mar Of Each Year",Ton mn,2010,109.15
Agriculture Production Foodgrains Production Foodgrains Coarse Cereals Total,"Annual, Ending mar Of Each Year",Ton mn,2010,36.46
Agriculture Production Foodgrains Production Foodgrains Coarse Cereals Kharif,"Annual, Ending mar Of Each Year",Ton mn,2010,27.32
Agriculture Production Foodgrains Production Foodgrains Coarse Cereals Rabi,"Annual, Ending mar Of Each Year",Ton mn,2010,9.14
Agriculture Production Foodgrains Production Foodgrains Coarse Cereals Rice Total,"Annual, Ending mar Of Each Year",Ton mn,2010,94.02
Agricultural Production Foodgrains Production Foodgrains Coarse Cereals Rice Kharif,"Annual, Ending mar Of Each Year",Ton mn,2010,80.38
Agriculture Production Foodgrains Production Foodgrains Coarse Cereals Rice Rabi,"Annual, Ending mar Of Each Year",Ton mn,2010,13.64
Agriculture Production Foodgrains Production Foodgrains Coarse Cereals Wheat Rabi,"Annual, Ending mar Of Each Year",Ton mn,2010,77.04
Agriculture Production Foodgrains Production Foodgrains Coarse Cereals Jowar Total,"Annual, Ending mar Of Each Year",Ton mn,2010,7.33
Agriculture Production Foodgrains Production Foodgrains Coarse Cereals Jowar Kharif,"Annual, Ending mar Of Each Year",Ton mn,2010,3.54
Agriculture Production Foodgrains Production Foodgrains Coarse Cereals Jowar Rabi,"Annual, Ending mar Of Each Year",Ton mn,2010,3.79
Agriculture Production Foodgrains Production Foodgrains Coarse Cereals Bajra Kharif,"Annual, Ending mar Of Each Year",Ton mn,2010,8.29
Agriculture Production Foodgrains Production Foodgrains Coarse Cereals Maize Total,"Annual, Ending mar Of Each Year",Ton mn,2010,17.04
Agriculture Production Foodgrains Production Foodgrains Coarse Cereals Maize Kharif,"Annual, Ending mar Of Each Year",Ton mn,2010,13.04
Agriculture Production Foodgrains Production Foodgrains Coarse Cereals Maize Rabi,"Annual, Ending mar Of Each Year",Ton mn,2010,4.0
Agriculture Production Foodgrains Production Foodgrains Pulses Total,"Annual, Ending mar Of Each Year",Ton mn,2010,14.31
Agriculture Production Foodgrains Production Foodgrains Pulses Tur Kharif,"Annual, Ending mar Of Each Year",Ton mn,2010,2.57
Agriculture Production Foodgrains Production Foodgrains Pulses Gram Rabi,"Annual, Ending mar Of Each Year",Ton mn,2010,6.44
Agriculture Production Foodgrains Production Foodgrains Pulses Kharif,"Annual, Ending mar Of Each Year",Ton mn,2010,4.99
Agriculture Production Foodgrains Production Foodgrains Pulses Rabi,"Annual, Ending mar Of Each Year",Ton mn,2010,9.32
Agriculture Production Foodgrains Production Oilseeds Nine Oilseeds,"Annual, Ending mar Of Each Year",Ton mn,2010,26.92
Agriculture Production Foodgrains Production Oilseeds Nine Oilseeds Groundnut,"Annual, Ending mar Of Each Year",Ton mn,2010,6.93
Agriculture Production Foodgrains Production Oilseeds Nine Oilseeds Rapeseed and Mustard Rabi,"Annual, Ending mar Of Each Year",Ton mn,2010,7.04
Agriculture Production Foodgrains Production Oilseeds Nine Oilseeds Soyabean Kharif,"Annual, Ending mar Of Each Year",Ton mn,2010,9.59
Agriculture Production Foodgrains Production Oilseeds Nine Oilseeds Sunflower,"Annual, Ending mar Of Each Year",Ton mn,2010,1.23
Agriculture Production Foodgrains Production Other Cash Crops Cotton,"Annual, Ending mar Of Each Year",Ton mn,2010,22.66
Agriculture Production Foodgrains Production Other Cash Crops Jute and Mesta,"Annual, Ending mar Of Each Year",Ton mn,2010,11.1
Agriculture Production Foodgrains Production Other Cash Crops Sugarcane,"Annual, Ending mar Of Each Year",Ton mn,2010,312.44
Agriculture Production Foodgrains Yield Foodgrains Total,"Annual, Ending mar Of Each Year",kg/ha,2010,1808.0
Agriculture Production Foodgrains Yield Foodgrains Kharif,"Annual, Ending mar Of Each Year",kg/ha,2010,1566.0
Agriculture Production Foodgrains Yield Foodgrains Rabi,"Annual, Ending mar Of Each Year",kg/ha,2010,2151.0
Agriculture Production Foodgrains Yield Foodgrains Coarse Cereals Total,"Annual, Ending mar Of Each Year",kg/ha,2010,1290.0
Agriculture Production Foodgrains Yield Foodgrains Coarse Cereals Kharif,"Annual, Ending mar Of Each Year",kg/ha,2010,1244.0
Agriculture Production Foodgrains Yield Foodgrains Coarse Cereals Rabi,"Annual, Ending mar Of Each Year",kg/ha,2010,1449.0
Agriculture Production Foodgrains Yield Foodgrains Coarse Cereals Rice Total,"Annual, Ending mar Of Each Year",kg/ha,2010,2148.0
Agricultural Production Foodgrains Yield Foodgrains Coarse Cereals Rice Kharif,"Annual, Ending mar Of Each Year",kg/ha,2010,2042.0
Agriculture Production Foodgrains Yield Foodgrains Coarse Cereals Rice Rabi,"Annual, Ending mar Of Each Year",kg/ha,2010,3092.0
Agriculture Production Foodgrains Yield Foodgrains Coarse Cereals Wheat Rabi,"Annual, Ending mar Of Each Year",kg/ha,2010,2777.0
Agriculture Production Foodgrains Yield Foodgrains Coarse Cereals Jowar Total,"Annual, Ending mar Of Each Year",kg/ha,2010,911.0
Agriculture Production Foodgrains Yield Foodgrains Coarse Cereals Jowar Kharif,"Annual, Ending mar Of Each Year",kg/ha,2010,1034.0
Agriculture Production Foodgrains Yield Foodgrains Coarse Cereals Jowar Rabi,"Annual, Ending mar Of Each Year",kg/ha,2010,820.0
Agriculture Production Foodgrains Yield Foodgrains Coarse Cereals Bajra Kharif,"Annual, Ending mar Of Each Year",kg/ha,2010,895.0
Agriculture Production Foodgrains Yield Foodgrains Coarse Cereals Maize Total,"Annual, Ending mar Of Each Year",kg/ha,2010,2128.0
Agriculture Production Foodgrains Yield Foodgrains Coarse Cereals Maize Kharif,"Annual, Ending mar Of Each Year",kg/ha,2010,1875.0
Agriculture Production Foodgrains Yield Foodgrains Coarse Cereals Maize Rabi,"Annual, Ending mar Of Each Year",kg/ha,2010,3813.0
Agriculture Production Foodgrains Yield Foodgrains Pulses Total,"Annual, Ending mar Of Each Year",kg/ha,2010,625.0
Agriculture Production Foodgrains Yield Foodgrains Pulses Kharif,"Annual, Ending mar Of Each Year",kg/ha,2010,469.0
Agriculture Production Foodgrains Yield Foodgrains Pulses Rabi,"Annual, Ending mar Of Each Year",kg/ha,2010,760.0
Agriculture Production Foodgrains Yield Foodgrains Pulses Tur Kharif,"Annual, Ending mar Of Each Year",kg/ha,2010,726.0
Agriculture Production Foodgrains Yield Foodgrains Pulses Gram Rabi,"Annual, Ending mar Of Each Year",kg/ha,2010,847.0
Agriculture Production Foodgrains Yield Oilseeds Nine Oilseeds,"Annual, Ending mar Of Each Year",kg/ha,2010,1000.0
Agriculture Production Foodgrains Yield Oilseeds Nine Oilseeds Groundnut,"Annual, Ending mar Of Each Year",kg/ha,2010,1144.0
Agriculture Production Foodgrains Yield Oilseeds Nine Oilseeds Rapeseed and Mustard Rabi,"Annual, Ending mar Of Each Year",kg/ha,2010,1108.0
Agriculture Production Foodgrains Yield Oilseeds Nine Oilseeds Soyabean Kharif,"Annual, Ending mar Of Each Year",kg/ha,2010,1086.0
Agriculture Production Foodgrains Yield Oilseeds Nine Oilseeds Sunflower,"Annual, Ending mar Of Each Year",kg/ha,2010,632.0
Agriculture Production Foodgrains Yield Other Cash Crops Cotton,"Annual, Ending mar Of Each Year",kg/ha,2010,412.0
Agriculture Production Foodgrains Yield Other Cash Crops Jute and Mesta,"Annual, Ending mar Of Each Year",kg/ha,2010,2172.0
Agriculture Production Foodgrains Yield Other Cash Crops Sugarcane,"Annual, Ending mar Of Each Year",kg/ha,2010,67929.0
Agricultural Production Foodgrains Area Andhra Pradesh,"Annual, Ending mar Of Each Year",ha mn,2010,6.666
Agricultural Production Foodgrains Area Assam,"Annual, Ending mar Of Each Year",ha mn,2010,2.6956
Agricultural Production Foodgrains Area Bihar,"Annual, Ending mar Of Each Year",ha mn,2010,6.6342
Agricultural Production Foodgrains Area Chhattisgarh,"Annual, Ending mar Of Each Year",ha mn,2010,4.8637
Agricultural Production Foodgrains Area Gujarat,"Annual, Ending mar Of Each Year",ha mn,2010,3.694
Agricultural Production Foodgrains Area Haryana,"Annual, Ending mar Of Each Year",ha mn,2010,4.54
Agricultural Production Foodgrains Area Jharkhand,"Annual, Ending mar Of Each Year",ha mn,2010,1.6191
Agricultural Production Foodgrains Area Karnataka,"Annual, Ending mar Of Each Year",ha mn,2010,7.955
Agricultural Production Foodgrains Area Madhya Pradesh,"Annual, Ending mar Of Each Year",ha mn,2010,12.459
Agricultural Production Foodgrains Area Maharashtra,"Annual, Ending mar Of Each Year",ha mn,2010,12.1127
Agricultural Production Foodgrains Area Orissa,"Annual, Ending mar Of Each Year",ha mn,2010,5.4061
Agricultural Production Foodgrains Area Punjab,"Annual, Ending mar Of Each Year",ha mn,2010,6.503
Agricultural Production Foodgrains Area Rajasthan,"Annual, Ending mar Of Each Year",ha mn,2010,13.2719
Agricultural Production Foodgrains Area Tamil Nadu,"Annual, Ending mar Of Each Year",ha mn,2010,3.0328
Agricultural Production Foodgrains Area Uttar Pradesh,"Annual, Ending mar Of Each Year",ha mn,2010,19.322
Agricultural Production Foodgrains Area Uttaranchal,"Annual, Ending mar Of Each Year",ha mn,2010,1.009
Agricultural Production Foodgrains Area West Bengal,"Annual, Ending mar Of Each Year",ha mn,2010,6.2423
Agricultural Production Foodgrains Area Others,"Annual, Ending mar Of Each Year",ha mn,2010,3.3068
Agricultural Production Foodgrains Volume Andhra Pradesh,"Annual, Ending mar Of Each Year",Ton mn,2010,15.295
Agricultural Production Foodgrains Volume Assam,"Annual, Ending mar Of Each Year",Ton mn,2010,4.4811
Agricultural Production Foodgrains Volume Bihar,"Annual, Ending mar Of Each Year",Ton mn,2010,10.1506
Agricultural Production Foodgrains Volume Chhattisgarh,"Annual, Ending mar Of Each Year",Ton mn,2010,4.9028
Agricultural Production Foodgrains Volume Gujarat,"Annual, Ending mar Of Each Year",Ton mn,2010,5.761
Agricultural Production Foodgrains Volume Haryana,"Annual, Ending mar Of Each Year",Ton mn,2010,15.357
Agricultural Production Foodgrains Volume Jharkhand,"Annual, Ending mar Of Each Year",Ton mn,2010,2.1521
Agricultural Production Foodgrains Volume Karnataka,"Annual, Ending mar Of Each Year",Ton mn,2010,10.955
Agricultural Production Foodgrains Volume Madhya Pradesh,"Annual, Ending mar Of Each Year",Ton mn,2010,16.0178
Agricultural Production Foodgrains Volume Maharashtra,"Annual, Ending mar Of Each Year",Ton mn,2010,12.5863
Agricultural Production Foodgrains Volume Orissa,"Annual, Ending mar Of Each Year",Ton mn,2010,7.5531
Agricultural Production Foodgrains Volume Punjab,"Annual, Ending mar Of Each Year",Ton mn,2010,26.95
Agricultural Production Foodgrains Volume Rajasthan,"Annual, Ending mar Of Each Year",Ton mn,2010,12.3501
Agricultural Production Foodgrains Volume Tamil Nadu,"Annual, Ending mar Of Each Year",Ton mn,2010,7.5114
Agricultural Production Foodgrains Volume Uttar Pradesh,"Annual, Ending mar Of Each Year",Ton mn,2010,43.1953
Agricultural Production Foodgrains Volume Uttaranchal,"Annual, Ending mar Of Each Year",Ton mn,2010,1.796
Agricultural Production Foodgrains Volume West Bengal,"Annual, Ending mar Of Each Year",Ton mn,2010,15.7416
Agricultural Production Foodgrains Volume Others,"Annual, Ending mar Of Each Year",Ton mn,2010,5.3518
Agricultural Production Foodgrains Yield Andhra Pradesh,"Annual, Ending mar Of Each Year",kg/ha,2010,2294.0
Agricultural Production Foodgrains Yield Assam,"Annual, Ending mar Of Each Year",kg/ha,2010,1662.0
Agricultural Production Foodgrains Yield Bihar,"Annual, Ending mar Of Each Year",kg/ha,2010,1530.0
Agricultural Production Foodgrains Yield Chhattisgarh,"Annual, Ending mar Of Each Year",kg/ha,2010,1008.0
Agricultural Production Foodgrains Yield Gujarat,"Annual, Ending mar Of Each Year",kg/ha,2010,1560.0
Agricultural Production Foodgrains Yield Haryana,"Annual, Ending mar Of Each Year",kg/ha,2010,3383.0
Agricultural Production Foodgrains Yield Jharkhand,"Annual, Ending mar Of Each Year",kg/ha,2010,1330.0
Agricultural Production Foodgrains Yield Karnataka,"Annual, Ending mar Of Each Year",kg/ha,2010,1377.0
Agricultural Production Foodgrains Yield Madhya Pradesh,"Annual, Ending mar Of Each Year",kg/ha,2010,1285.0
Agricultural Production Foodgrains Yield Maharashtra,"Annual, Ending mar Of Each Year",kg/ha,2010,1039.0
Agricultural Production Foodgrains Yield Orissa,"Annual, Ending mar Of Each Year",kg/ha,2010,1397.0
Agricultural Production Foodgrains Yield Punjab,"Annual, Ending mar Of Each Year",kg/ha,2010,4144.0
Agricultural Production Foodgrains Yield Rajasthan,"Annual, Ending mar Of Each Year",kg/ha,2010,931.0
Agricultural Production Foodgrains Yield Tamil Nadu,"Annual, Ending mar Of Each Year",kg/ha,2010,2477.0
Agricultural Production Foodgrains Yield Uttar Pradesh,"Annual, Ending mar Of Each Year",kg/ha,2010,2236.0
Agricultural Production Foodgrains Yield Uttaranchal,"Annual, Ending mar Of Each Year",kg/ha,2010,1780.0
Agricultural Production Foodgrains Yield West Bengal,"Annual, Ending mar Of Each Year",kg/ha,2010,2522.0
Agricultural Production Foodgrains Rice Area,"Annual, Ending mar Of Each Year",ha mn,2010,41.92
Agricultural Production Foodgrains Rice Volume,"Annual, Ending mar Of Each Year",Ton mn,2010,89.09
Agricultural Production Foodgrains Rice Yield,"Annual, Ending mar Of Each Year",kg/ha,2010,2125.0
Agricultural Production Foodgrains Rice Area Andhra Pradesh,"Annual, Ending mar Of Each Year",ha mn,2010,3.441
Agricultural Production Foodgrains Rice Area Assam,"Annual, Ending mar Of Each Year",ha mn,2010,2.4958
Agricultural Production Foodgrains Rice Area Bihar,"Annual, Ending mar Of Each Year",ha mn,2010,3.2137
Agricultural Production Foodgrains Rice Area Chhattisgarh,"Annual, Ending mar Of Each Year",ha mn,2010,3.6707
Agricultural Production Foodgrains Rice Area Gujarat,"Annual, Ending mar Of Each Year",ha mn,2010,0.679
Agricultural Production Foodgrains Rice Area Haryana,"Annual, Ending mar Of Each Year",ha mn,2010,1.205
Agricultural Production Foodgrains Rice Area Jharkland,"Annual, Ending mar Of Each Year",ha mn,2010,0.995
Agricultural Production Foodgrains Rice Area Karnataka,"Annual, Ending mar Of Each Year",ha mn,2010,1.487
Agricultural Production Foodgrains Rice Area Kerala,"Annual, Ending mar Of Each Year",ha mn,2010,0.234
Agricultural Production Foodgrains Rice Area Madhya Pradesh,"Annual, Ending mar Of Each Year",ha mn,2010,1.4457
Agricultural Production Foodgrains Rice Area Maharashtra,"Annual, Ending mar Of Each Year",ha mn,2010,1.47
Agricultural Production Foodgrains Rice Area Orissa,"Annual, Ending mar Of Each Year",ha mn,2010,4.3651
Agricultural Production Foodgrains Rice Area Punjab,"Annual, Ending mar Of Each Year",ha mn,2010,2.802
Agricultural Production Foodgrains Rice Area Tamil Nadu,"Annual, Ending mar Of Each Year",ha mn,2010,1.8455
Agricultural Production Foodgrains Rice Area Uttar Pradesh,"Annual, Ending mar Of Each Year",ha mn,2010,5.1867
Agricultural Production Foodgrains Rice Area West Bengal,"Annual, Ending mar Of Each Year",ha mn,2010,5.6301
Agricultural Production Foodgrains Rice Area Others,"Annual, Ending mar Of Each Year",ha mn,2010,1.7521
Agricultural Production Foodgrains Rice Volume Andhra Pradesh,"Annual, Ending mar Of Each Year",Ton th,2010,10538.0
Agricultural Production Foodgrains Rice Volume Arunachal Pradesh,"Annual, Ending mar Of Each Year",Ton th,2010,215.8
Agricultural Production Foodgrains Rice Volume Assam,"Annual, Ending mar Of Each Year",Ton th,2010,4335.8
Agricultural Production Foodgrains Rice Volume Bihar,"Annual, Ending mar Of Each Year",Ton th,2010,3599.3
Agricultural Production Foodgrains Rice Volume Chhattisgarh,"Annual, Ending mar Of Each Year",Ton th,2010,4110.4
Agricultural Production Foodgrains Rice Volume Goa,"Annual, Ending mar Of Each Year",Ton th,2010,100.6
Agricultural Production Foodgrains Rice Volume Gujarat,"Annual, Ending mar Of Each Year",Ton th,2010,1292.0
Agricultural Production Foodgrains Rice Volume Haryana,"Annual, Ending mar Of Each Year",Ton th,2010,3625.0
Agricultural Production Foodgrains Rice Volume Himachal Pradesh,"Annual, Ending mar Of Each Year",Ton th,2010,105.9
Agricultural Production Foodgrains Rice Volume Jammu and Kashmir,"Annual, Ending mar Of Each Year",Ton th,2010,497.4
Agricultural Production Foodgrains Rice Volume Jharkhand,"Annual, Ending mar Of Each Year",Ton th,2010,1538.4
Agricultural Production Foodgrains Rice Volume Karnataka,"Annual, Ending mar Of Each Year",Ton th,2010,3691.0
Agricultural Production Foodgrains Rice Volume Kerala,"Annual, Ending mar Of Each Year",Ton th,2010,598.3
Agricultural Production Foodgrains Rice Volume Madhya Pradesh,"Annual, Ending mar Of Each Year",Ton th,2010,1260.6
Agricultural Production Foodgrains Rice Volume Maharashtra,"Annual, Ending mar Of Each Year",Ton th,2010,2183.0
Agricultural Production Foodgrains Rice Volume Manipur,"Annual, Ending mar Of Each Year",Ton th,2010,319.9
Agricultural Production Foodgrains Rice Volume Meghalaya,"Annual, Ending mar Of Each Year",Ton th,2010,206.7
Agricultural Production Foodgrains Rice Volume Mizoram,"Annual, Ending mar Of Each Year",Ton th,2010,44.4
Agricultural Production Foodgrains Rice Volume Nagaland,"Annual, Ending mar Of Each Year",Ton th,2010,240.3
Agricultural Production Foodgrains Rice Volume Orissa,"Annual, Ending mar Of Each Year",Ton th,2010,6917.5
Agricultural Production Foodgrains Rice Volume Punjab,"Annual, Ending mar Of Each Year",Ton th,2010,11236.0
Agricultural Production Foodgrains Rice Volume Rajasthan,"Annual, Ending mar Of Each Year",Ton th,2010,228.3
Agricultural Production Foodgrains Rice Volume Sikkim,"Annual, Ending mar Of Each Year",Ton th,2010,24.3
Agricultural Production Foodgrains Rice Volume Tamil Nadu,"Annual, Ending mar Of Each Year",Ton th,2010,5665.2
Agricultural Production Foodgrains Rice Volume Tripura,"Annual, Ending mar Of Each Year",Ton th,2010,640.0
Agricultural Production Foodgrains Rice Volume Union Territories,"Annual, Ending mar Of Each Year",Ton th,2010,123.1
Agricultural Production Foodgrains Rice Volume Uttar Pradesh,"Annual, Ending mar Of Each Year",Ton th,2010,10807.1
Agricultural Production Foodgrains Rice Volume Uttaranchal,"Annual, Ending mar Of Each Year",Ton th,2010,608.0
Agricultural Production Foodgrains Rice Volume West Bengal,"Annual, Ending mar Of Each Year",Ton th,2010,14340.7
Agricultural Production Foodgrains Rice Yield Andhra Pradesh,"Annual, Ending mar Of Each Year",kg/ha,2010,3062.0
Agricultural Production Foodgrains Rice Yield Assam,"Annual, Ending mar Of Each Year",kg/ha,2010,1737.0
Agricultural Production Foodgrains Rice Yield Bihar,"Annual, Ending mar Of Each Year",kg/ha,2010,1120.0
Agricultural Production Foodgrains Rice Yield Chhattisgarh,"Annual, Ending mar Of Each Year",kg/ha,2010,1120.0
Agricultural Production Foodgrains Rice Yield Gujarat,"Annual, Ending mar Of Each Year",kg/ha,2010,1903.0
Agricultural Production Foodgrains Rice Yield Haryana,"Annual, Ending mar Of Each Year",kg/ha,2010,3008.0
Agricultural Production Foodgrains Rice Yield Jharkland,"Annual, Ending mar Of Each Year",kg/ha,2010,1546.0
Agricultural Production Foodgrains Rice Yield Karnataka,"Annual, Ending mar Of Each Year",kg/ha,2010,2482.0
Agricultural Production Foodgrains Rice Yield Kerala,"Annual, Ending mar Of Each Year",kg/ha,2010,2557.0
Agricultural Production Foodgrains Rice Yield Madhya Pradesh,"Annual, Ending mar Of Each Year",kg/ha,2010,872.0
Agricultural Production Foodgrains Rice Yield Maharashtra,"Annual, Ending mar Of Each Year",kg/ha,2010,1485.0
Agricultural Production Foodgrains Rice Yield Orissa,"Annual, Ending mar Of Each Year",kg/ha,2010,1585.0
Agricultural Production Foodgrains Rice Yield Punjab,"Annual, Ending mar Of Each Year",kg/ha,2010,4010.0
Agricultural Production Foodgrains Rice Yield Tamil Nadu,"Annual, Ending mar Of Each Year",kg/ha,2010,3070.0
Agricultural Production Foodgrains Rice Yield Uttar Pradesh,"Annual, Ending mar Of Each Year",kg/ha,2010,2084.0
Agricultural Production Foodgrains Rice Yield West Bengal,"Annual, Ending mar Of Each Year",kg/ha,2010,2547.0
Agricultural Production Foodgrains Wheat Area,"Annual, Ending mar Of Each Year",ha mn,2010,28.46
Agricultural Production Foodgrains Wheat Volume,"Annual, Ending mar Of Each Year",Ton mn,2010,80.8
Agricultural Production Foodgrains Wheat Yield,"Annual, Ending mar Of Each Year",kg/ha,2010,2839.0
Agricultural Production Foodgrains Wheat Area Assam,"Annual, Ending mar Of Each Year",ha mn,2010,0.0584
Agricultural Production Foodgrains Wheat Area Bihar,"Annual, Ending mar Of Each Year",ha mn,2010,2.1933
Agricultural Production Foodgrains Wheat Area Gujarat,"Annual, Ending mar Of Each Year",ha mn,2010,0.878
Agricultural Production Foodgrains Wheat Area Haryana,"Annual, Ending mar Of Each Year",ha mn,2010,2.492
Agricultural Production Foodgrains Wheat Area Himachal Pradesh,"Annual, Ending mar Of Each Year",ha mn,2010,0.3525
Agricultural Production Foodgrains Wheat Area Jammu and Kashmir,"Annual, Ending mar Of Each Year",ha mn,2010,0.2889
Agricultural Production Foodgrains Wheat Area Jharkhand,"Annual, Ending mar Of Each Year",ha mn,2010,0.0997
Agricultural Production Foodgrains Wheat Area Karnataka,"Annual, Ending mar Of Each Year",ha mn,2010,0.283
Agricultural Production Foodgrains Wheat Area Madhya Pradesh,"Annual, Ending mar Of Each Year",ha mn,2010,4.2759
Agricultural Production Foodgrains Wheat Area Maharashtra,"Annual, Ending mar Of Each Year",ha mn,2010,1.081
Agricultural Production Foodgrains Wheat Area Punjab,"Annual, Ending mar Of Each Year",ha mn,2010,3.522
Agricultural Production Foodgrains Wheat Area Rajasthan,"Annual, Ending mar Of Each Year",ha mn,2010,2.3942
Agricultural Production Foodgrains Wheat Area Uttar Pradesh,"Annual, Ending mar Of Each Year",ha mn,2010,9.668
Agricultural Production Foodgrains Wheat Area Uttaranchal,"Annual, Ending mar Of Each Year",ha mn,2010,0.395
Agricultural Production Foodgrains Wheat Area West Bengal,"Annual, Ending mar Of Each Year",ha mn,2010,0.3159
Agricultural Production Foodgrains Wheat Area Others,"Annual, Ending mar Of Each Year",ha mn,2010,0.1592
Agricultural Production Foodgrains Wheat Volume Arunachal Pradesh,"Annual, Ending mar Of Each Year",Ton th,2010,4.8
Agricultural Production Foodgrains Wheat Volume Assam,"Annual, Ending mar Of Each Year",Ton th,2010,63.5
Agricultural Production Foodgrains Wheat Volume Bihar,"Annual, Ending mar Of Each Year",Ton th,2010,4570.8
Agricultural Production Foodgrains Wheat Volume Chhattisgarh,"Annual, Ending mar Of Each Year",Ton th,2010,121.9
Agricultural Production Foodgrains Wheat Volume Gujarat,"Annual, Ending mar Of Each Year",Ton th,2010,2352.0
Agricultural Production Foodgrains Wheat Volume Haryana,"Annual, Ending mar Of Each Year",Ton th,2010,10500.0
Agricultural Production Foodgrains Wheat Volume Himachal Pradesh,"Annual, Ending mar Of Each Year",Ton th,2010,327.1
Agricultural Production Foodgrains Wheat Volume Jammu and Kashmir,"Annual, Ending mar Of Each Year",Ton th,2010,289.9
Agricultural Production Foodgrains Wheat Volume Jharkhand,"Annual, Ending mar Of Each Year",Ton th,2010,173.2
Agricultural Production Foodgrains Wheat Volume Karnataka,"Annual, Ending mar Of Each Year",Ton th,2010,251.0
Agricultural Production Foodgrains Wheat Volume Madhya Pradesh,"Annual, Ending mar Of Each Year",Ton th,2010,8410.0
Agricultural Production Foodgrains Wheat Volume Maharashtra,"Annual, Ending mar Of Each Year",Ton th,2010,1740.0
Agricultural Production Foodgrains Wheat Volume Meghalaya,"Annual, Ending mar Of Each Year",Ton th,2010,0.7
Agricultural Production Foodgrains Wheat Volume Nagaland,"Annual, Ending mar Of Each Year",Ton th,2010,2.4
Agricultural Production Foodgrains Wheat Volume Orissa,"Annual, Ending mar Of Each Year",Ton th,2010,5.8
Agricultural Production Foodgrains Wheat Volume Punjab,"Annual, Ending mar Of Each Year",Ton th,2010,15169.0
Agricultural Production Foodgrains Wheat Volume Rajasthan,"Annual, Ending mar Of Each Year",Ton th,2010,7500.9
Agricultural Production Foodgrains Wheat Volume Sikkim,"Annual, Ending mar Of Each Year",Ton th,2010,5.9
Agricultural Production Foodgrains Wheat Volume Tripura,"Annual, Ending mar Of Each Year",Ton th,2010,1.3
Agricultural Production Foodgrains Wheat Volume Union Territories,"Annual, Ending mar Of Each Year",Ton th,2010,93.7
Agricultural Production Foodgrains Wheat Volume Uttar Pradesh,"Annual, Ending mar Of Each Year",Ton th,2010,27518.0
Agricultural Production Foodgrains Wheat Volume Uttaranchal,"Annual, Ending mar Of Each Year",Ton th,2010,845.0
Agricultural Production Foodgrains Wheat Volume West Bengal,"Annual, Ending mar Of Each Year",Ton th,2010,846.7
Agricultural Production Foodgrains Wheat Yield Assam,"Annual, Ending mar Of Each Year",kg/ha,2010,1087.0
Agricultural Production Foodgrains Wheat Yield Bihar,"Annual, Ending mar Of Each Year",kg/ha,2010,2084.0
Agricultural Production Foodgrains Wheat Yield Gujarat,"Annual, Ending mar Of Each Year",kg/ha,2010,2679.0
Agricultural Production Foodgrains Wheat Yield Haryana,"Annual, Ending mar Of Each Year",kg/ha,2010,4213.0
Agricultural Production Foodgrains Wheat Yield Himachal Pradesh,"Annual, Ending mar Of Each Year",kg/ha,2010,928.0
Agricultural Production Foodgrains Wheat Yield Jammu and Kashmir,"Annual, Ending mar Of Each Year",kg/ha,2010,1003.0
Agricultural Production Foodgrains Wheat Yield Jharkhand,"Annual, Ending mar Of Each Year",kg/ha,2010,1738.0
Agricultural Production Foodgrains Wheat Yield Karnataka,"Annual, Ending mar Of Each Year",kg/ha,2010,887.0
Agricultural Production Foodgrains Wheat Yield Madhya Pradesh,"Annual, Ending mar Of Each Year",kg/ha,2010,1967.0
Agricultural Production Foodgrains Wheat Yield Maharashtra,"Annual, Ending mar Of Each Year",kg/ha,2010,1610.0
Agricultural Production Foodgrains Wheat Yield Punjab,"Annual, Ending mar Of Each Year",kg/ha,2010,4307.0
Agricultural Production Foodgrains Wheat Yield Rajasthan,"Annual, Ending mar Of Each Year",kg/ha,2010,3133.0
Agricultural Production Foodgrains Wheat Yield Uttar Pradesh,"Annual, Ending mar Of Each Year",kg/ha,2010,2846.0
Agricultural Production Foodgrains Wheat Yield Uttaranchal,"Annual, Ending mar Of Each Year",kg/ha,2010,2139.0
Agricultural Production Foodgrains Wheat Yield West Bengal,"Annual, Ending mar Of Each Year",kg/ha,2010,2680.0
Agricultural Production Foodgrains Coarse Cereals Area,"Annual, Ending mar Of Each Year",ha mn,2010,27.68
Agricultural Production Foodgrains Coarse Cereals Volume,"Annual, Ending mar Of Each Year",Ton mn,2010,33.55
Agricultural Production Foodgrains Coarse Cereals Yield,"Annual, Ending mar Of Each Year",kg/ha,2010,1212.0
Agricultural Production Foodgrains Coarse Cereals Area Andhra Pradesh,"Annual, Ending mar Of Each Year",ha mn,2010,1.28
Agricultural Production Foodgrains Coarse Cereals Area Bihar,"Annual, Ending mar Of Each Year",ha mn,2010,0.66
Agricultural Production Foodgrains Coarse Cereals Area Chhattisgarh,"Annual, Ending mar Of Each Year",ha mn,2010,0.27
Agricultural Production Foodgrains Coarse Cereals Area Gujarat,"Annual, Ending mar Of Each Year",ha mn,2010,1.4
Agricultural Production Foodgrains Coarse Cereals Area Haryana,"Annual, Ending mar Of Each Year",ha mn,2010,0.71
Agricultural Production Foodgrains Coarse Cereals Area Himachal Pradesh,"Annual, Ending mar Of Each Year",ha mn,2010,0.32
Agricultural Production Foodgrains Coarse Cereals Area Jammu and Kashmir,"Annual, Ending mar Of Each Year",ha mn,2010,0.36
Agricultural Production Foodgrains Coarse Cereals Area Jharkhand,"Annual, Ending mar Of Each Year",ha mn,2010,0.21
Agricultural Production Foodgrains Coarse Cereals Area Karnataka,"Annual, Ending mar Of Each Year",ha mn,2010,3.71
Agricultural Production Foodgrains Coarse Cereals Area Madhya Pradesh,"Annual, Ending mar Of Each Year",ha mn,2010,1.8
Agricultural Production Foodgrains Coarse Cereals Area Maharashtra,"Annual, Ending mar Of Each Year",ha mn,2010,6.19
Agricultural Production Foodgrains Coarse Cereals Area Orissa,"Annual, Ending mar Of Each Year",ha mn,2010,0.17
Agricultural Production Foodgrains Coarse Cereals Area Punjab,"Annual, Ending mar Of Each Year",ha mn,2010,0.16
Agricultural Production Foodgrains Coarse Cereals Area Rajasthan,"Annual, Ending mar Of Each Year",ha mn,2010,7.23
Agricultural Production Foodgrains Coarse Cereals Area Tamil Nadu,"Annual, Ending mar Of Each Year",ha mn,2010,0.65
Agricultural Production Foodgrains Coarse Cereals Area Uttar Pradesh,"Annual, Ending mar Of Each Year",ha mn,2010,1.93
Agricultural Production Foodgrains Coarse Cereals Area Uttaranchal,"Annual, Ending mar Of Each Year",ha mn,2010,0.26
Agricultural Production Foodgrains Coarse Cereals Area West Bengal,"Annual, Ending mar Of Each Year",ha mn,2010,0.11
Agricultural Production Foodgrains Coarse Cereals Area Others,"Annual, Ending mar Of Each Year",ha mn,2010,0.26
Agricultural Production Foodgrains Coarse Cereals Volume Andhra Pradesh,"Annual, Ending mar Of Each Year",Ton th,2010,3318.0
Agricultural Production Foodgrains Coarse Cereals Volume Assam,"Annual, Ending mar Of Each Year",Ton th,2010,17.0
Agricultural Production Foodgrains Coarse Cereals Volume Bihar,"Annual, Ending mar Of Each Year",Ton th,2010,1508.1
Agricultural Production Foodgrains Coarse Cereals Volume Chhattisgarh,"Annual, Ending mar Of Each Year",Ton th,2010,181.8
Agricultural Production Foodgrains Coarse Cereals Volume Gujarat,"Annual, Ending mar Of Each Year",Ton th,2010,1600.0
Agricultural Production Foodgrains Coarse Cereals Volume Haryana,"Annual, Ending mar Of Each Year",Ton th,2010,1132.0
Agricultural Production Foodgrains Coarse Cereals Volume Himachal Pradesh,"Annual, Ending mar Of Each Year",Ton th,2010,563.5
Agricultural Production Foodgrains Coarse Cereals Volume Jammu and Kashmir,"Annual, Ending mar Of Each Year",Ton th,2010,513.3
Agricultural Production Foodgrains Coarse Cereals Volume Jharkhand,"Annual, Ending mar Of Each Year",Ton th,2010,216.9
Agricultural Production Foodgrains Coarse Cereals Volume Karnataka,"Annual, Ending mar Of Each Year",Ton th,2010,5895.0
Agricultural Production Foodgrains Coarse Cereals Volume Kerala,"Annual, Ending mar Of Each Year",Ton th,2010,0.9
Agricultural Production Foodgrains Coarse Cereals Volume Madhya Pradesh,"Annual, Ending mar Of Each Year",Ton th,2010,2041.2
Agricultural Production Foodgrains Coarse Cereals Volume Maharashtra,"Annual, Ending mar Of Each Year",Ton th,2010,6293.3
Agricultural Production Foodgrains Coarse Cereals Volume Orissa,"Annual, Ending mar Of Each Year",Ton th,2010,230.4
Agricultural Production Foodgrains Coarse Cereals Volume Punjab,"Annual, Ending mar Of Each Year",Ton th,2010,527.1
Agricultural Production Foodgrains Coarse Cereals Volume Rajasthan,"Annual, Ending mar Of Each Year",Ton th,2010,3907.2
Agricultural Production Foodgrains Coarse Cereals Volume Tamil Nadu,"Annual, Ending mar Of Each Year",Ton th,2010,1642.0
Agricultural Production Foodgrains Coarse Cereals Volume Uttar Pradesh,"Annual, Ending mar Of Each Year",Ton th,2010,2968.8
Agricultural Production Foodgrains Coarse Cereals Volume Uttaranchal,"Annual, Ending mar Of Each Year",Ton th,2010,297.0
Agricultural Production Foodgrains Coarse Cereals Volume West Bengal,"Annual, Ending mar Of Each Year",Ton th,2010,404.0
Agricultural Production Foodgrains Coarse Cereals Yield Andhra Pradesh,"Annual, Ending mar Of Each Year",kg/ha,2010,2586.0
Agricultural Production Foodgrains Coarse Cereals Yield Bihar,"Annual, Ending mar Of Each Year",kg/ha,2010,2277.0
Agricultural Production Foodgrains Coarse Cereals Yield Chhattisgarh,"Annual, Ending mar Of Each Year",kg/ha,2010,669.0
Agricultural Production Foodgrains Coarse Cereals Yield Gujarat,"Annual, Ending mar Of Each Year",kg/ha,2010,1140.0
Agricultural Production Foodgrains Coarse Cereals Yield Haryana,"Annual, Ending mar Of Each Year",kg/ha,2010,1592.0
Agricultural Production Foodgrains Coarse Cereals Yield Himachal Pradesh,"Annual, Ending mar Of Each Year",kg/ha,2010,1737.0
Agricultural Production Foodgrains Coarse Cereals Yield Jammu and Kashmir,"Annual, Ending mar Of Each Year",kg/ha,2010,1438.0
Agricultural Production Foodgrains Coarse Cereals Yield Jharkhand,"Annual, Ending mar Of Each Year",kg/ha,2010,1043.0
Agricultural Production Foodgrains Coarse Cereals Yield Karnataka,"Annual, Ending mar Of Each Year",kg/ha,2010,1591.0
Agricultural Production Foodgrains Coarse Cereals Yield Madhya Pradesh,"Annual, Ending mar Of Each Year",kg/ha,2010,1136.0
Agricultural Production Foodgrains Coarse Cereals Yield Maharashtra,"Annual, Ending mar Of Each Year",kg/ha,2010,1017.0
Agricultural Production Foodgrains Coarse Cereals Yield Orissa,"Annual, Ending mar Of Each Year",kg/ha,2010,1357.0
Agricultural Production Foodgrains Coarse Cereals Yield Punjab,"Annual, Ending mar Of Each Year",kg/ha,2010,3315.0
Agricultural Production Foodgrains Coarse Cereals Yield Rajasthan,"Annual, Ending mar Of Each Year",kg/ha,2010,541.0
Agricultural Production Foodgrains Coarse Cereals Yield Tamil Nadu,"Annual, Ending mar Of Each Year",kg/ha,2010,2516.0
Agricultural Production Foodgrains Coarse Cereals Yield Uttar Pradesh,"Annual, Ending mar Of Each Year",kg/ha,2010,1541.0
Agricultural Production Foodgrains Coarse Cereals Yield Uttaranchal,"Annual, Ending mar Of Each Year",kg/ha,2010,1160.0
Agricultural Production Foodgrains Coarse Cereals Yield West Bengal,"Annual, Ending mar Of Each Year",kg/ha,2010,3531.0
Agricultural Production Foodgrains,"Annual, Ending mar Of Each Year",Ton mn,2011,244.4918091
Agricultural Production Foodgrains Kharif,"Annual, Ending mar Of Each Year",Ton mn,2011,120.8531911
Agricultural Production Foodgrains Rabi,"Annual, Ending mar Of Each Year",Ton mn,2011,123.638618
Agricultural Production Foodgrains Rice,"Annual, Ending mar Of Each Year",Ton mn,2011,95.97981924
Agricultural Production Foodgrains Rice Kharif,"Annual, Ending mar Of Each Year",Ton mn,2011,80.65124114
Agricultural Production Foodgrains Rice Rabi,"Annual, Ending mar Of Each Year",Ton mn,2011,15.3285781
Agricultural Production Foodgrains Wheat Rabi,"Annual, Ending mar Of Each Year",Ton mn,2011,86.873953
Agricultural Production Foodgrains Jowar,"Annual, Ending mar Of Each Year",Ton mn,2011,7.003147
Agricultural Production Foodgrains Jowar Kharif,"Annual, Ending mar Of Each Year",Ton mn,2011,3.439147
Agricultural Production Foodgrains Jowar Rabi,"Annual, Ending mar Of Each Year",Ton mn,2011,3.564
Agricultural Production Foodgrains Bajra Kharif,"Annual, Ending mar Of Each Year",Ton mn,2011,10.3699094
Agricultural Production Foodgrains Maize,"Annual, Ending mar Of Each Year",Ton mn,2011,21.725752
Agricultural Production Foodgrains Maize Kharif,"Annual, Ending mar Of Each Year",Ton mn,2011,16.6373746
Agricultural Production Foodgrains Maize Rabi,"Annual, Ending mar Of Each Year",Ton mn,2011,5.0883774
Agricultural Production Foodgrains Ragi Kharif,"Annual, Ending mar Of Each Year",Ton mn,2011,2.193451
Agricultural Production Foodgrains Small Millets Kharif,"Annual, Ending mar Of Each Year",Ton mn,2011,0.441967
Agricultural Production Foodgrains Barley Rabi,"Annual, Ending mar Of Each Year",Ton mn,2011,1.662865
Agricultural Production Foodgrains Coarse Cereals,"Annual, Ending mar Of Each Year",Ton mn,2011,43.3970914
Agricultural Production Foodgrains Coarse Cereals Kharif,"Annual, Ending mar Of Each Year",Ton mn,2011,33.081849
Agricultural Production Foodgrains Coarse Cereals Rabi,"Annual, Ending mar Of Each Year",Ton mn,2011,10.3152424
Agricultural Production Foodgrains Cereals,"Annual, Ending mar Of Each Year",Ton mn,2011,226.2508636
Agricultural Production Foodgrains Cereals Kharif,"Annual, Ending mar Of Each Year",Ton mn,2011,113.7330901
Agricultural Production Foodgrains Cereals Rabi,"Annual, Ending mar Of Each Year",Ton mn,2011,112.5177735
Agricultural Production Foodgrains Tur Kharif,"Annual, Ending mar Of Each Year",Ton mn,2011,2.86112
Agricultural Production Foodgrains Other Kharif Pulses Kharif,"Annual, Ending mar Of Each Year",Ton mn,2011,1.32841646
Agricultural Production Foodgrains Gram Rabi,"Annual, Ending mar Of Each Year",Ton mn,2011,8.221091
Agricultural Production Foodgrains Other Kharif Pulses Rabi,"Annual, Ending mar Of Each Year",Ton mn,2011,2.27046883
Agricultural Production Foodgrains Pulses,"Annual, Ending mar Of Each Year",Ton mn,2011,18.2409455
Agricultural Production Foodgrains Pulses Kharif,"Annual, Ending mar Of Each Year",Ton mn,2011,7.120101
Agricultural Production Foodgrains Pulses Rabi,"Annual, Ending mar Of Each Year",Ton mn,2011,11.1208445
Agricultural Production Oilseeds,"Annual, Ending mar Of Each Year",Ton mn,2011,32.478956
Agricultural Production Oilseeds Kharif,"Annual, Ending mar Of Each Year",Ton mn,2011,21.922022
Agricultural Production Oilseeds Rabi,"Annual, Ending mar Of Each Year",Ton mn,2011,10.556934
Agricultural Production Oilseeds Groundnut,"Annual, Ending mar Of Each Year",Ton mn,2011,8.264782
Agricultural Production Oilseeds Groundnut Kharif,"Annual, Ending mar Of Each Year",Ton mn,2011,6.642767
Agricultural Production Oilseeds Groundnut Rabi,"Annual, Ending mar Of Each Year",Ton mn,2011,1.622015
Agricultural Production Oilseeds Castorseed Kharif,"Annual, Ending mar Of Each Year",Ton mn,2011,1.350324
Agricultural Production Oilseeds Sesamun Kharif,"Annual, Ending mar Of Each Year",Ton mn,2011,0.892995
Agricultural Production Oilseeds Nigerseed Kharif,"Annual, Ending mar Of Each Year",Ton mn,2011,0.107709
Agricultural Production Oilseeds Rapeseed and Mustard Rabi,"Annual, Ending mar Of Each Year",Ton mn,2011,8.17871
Agricultural Production Oilseeds Linseed Rabi,"Annual, Ending mar Of Each Year",Ton mn,2011,0.146544
Agricultural Production Oilseeds Safflower Rabi,"Annual, Ending mar Of Each Year",Ton mn,2011,0.150432
Agricultural Production Oilseeds Sunflower,"Annual, Ending mar Of Each Year",Ton mn,2011,0.651063
Agricultural Production Oilseeds Sunflower Kharif,"Annual, Ending mar Of Each Year",Ton mn,2011,0.19183
Agricultural Production Oilseeds Sunflower Rabi,"Annual, Ending mar Of Each Year",Ton mn,2011,0.459233
Agricultural Production Oilseeds Soyabean Kharif,"Annual, Ending mar Of Each Year",Ton mn,2011,12.736397
Agricultural Production Commercial Crops Cotton,"Annual, Ending mar Of Each Year",Bale mn,2011,33.0
Agricultural Production Commercial Crops Jute,"Annual, Ending mar Of Each Year",Bale mn,2011,10.009412
Agricultural Production Commercial Crops Mesta,"Annual, Ending mar Of Each Year",Bale mn,2011,0.610752
Agricultural Production Commercial Crops Jute and Mesta,"Annual, Ending mar Of Each Year",Bale mn,2011,10.620164
Agricultural Production Commercial Crops Sugarcane,"Annual, Ending mar Of Each Year",Ton mn,2011,342.3815552
Agricultural Production Major Crops Target Rice,"Annual, Ending mar Of Each Year",Ton mn,2011,102.0
Agricultural Production Major Crops Target Wheat,"Annual, Ending mar Of Each Year",Ton mn,2011,82.0
Agricultural Production Major Crops Target Coarse Cereals,"Annual, Ending mar Of Each Year",Ton mn,2011,44.0
Agricultural Production Major Crops Target Pulses,"Annual, Ending mar Of Each Year",Ton mn,2011,16.5
Agricultural Production Major Crops Target Foodgrains,"Annual, Ending mar Of Each Year",Ton mn,2011,244.5
Agricultural Production Major Crops Target Oilseeds,"Annual, Ending mar Of Each Year",Ton mn,2011,33.2
Agricultural Production Major Crops Target Sugarcane,"Annual, Ending mar Of Each Year",Ton mn,2011,315.0
Agricultural Production Major Crops Target Cotton,"Annual, Ending mar Of Each Year",Ton mn,2011,26.0
Agricultural Production Major Crops Target Jute and Mesta,"Annual, Ending mar Of Each Year",Ton mn,2011,11.5
Agricultural Production Major Crops Achievements Rice,"Annual, Ending mar Of Each Year",Ton mn,2011,95.98
Agricultural Production Major Crops Achievements Wheat,"Annual, Ending mar Of Each Year",Ton mn,2011,86.87
Agricultural Production Major Crops Achievements Coarse Cereals,"Annual, Ending mar Of Each Year",Ton mn,2011,43.68
Agricultural Production Major Crops Achievements Pulses,"Annual, Ending mar Of Each Year",Ton mn,2011,18.24
Agricultural Production Major Crops Achievements Foodgrains,"Annual, Ending mar Of Each Year",Ton mn,2011,244.78
Agricultural Production Major Crops Achievements Oilseeds,"Annual, Ending mar Of Each Year",Ton mn,2011,32.48
Agricultural Production Major Crops Achievements Sugarcane,"Annual, Ending mar Of Each Year",Ton mn,2011,342.38
Agricultural Production Major Crops Achievements Cotton,"Annual, Ending mar Of Each Year",Ton mn,2011,33.0
Agricultural Production Major Crops Achievements Jute and Mesta,"Annual, Ending mar Of Each Year",Ton mn,2011,10.62
Agricultural Production Area,"Annual, Ending mar Of Each Year",ha mn,2011,126.67
Agricultural Production Volume,"Annual, Ending mar Of Each Year",Ton mn,2011,244.5
Agricultural Production Yield,"Annual, Ending mar Of Each Year",kg/ha,2011,1930.0
Agricultural Production Kharif Area,"Annual, Ending mar Of Each Year",ha mn,2011,72.42
Agricultural Production Kharif Volume,"Annual, Ending mar Of Each Year",Ton mn,2011,120.9
Agricultural Production Kharif Yield,"Annual, Ending mar Of Each Year",kg/ha,2011,1669.0
Agricultural Production Rabi Area,"Annual, Ending mar Of Each Year",ha mn,2011,54.25
Agricultural Production Rabi Volume,"Annual, Ending mar Of Each Year",Ton mn,2011,123.6
Agricultural Production Rabi Yield,"Annual, Ending mar Of Each Year",kg/ha,2011,2278.0
Agriculture Production Foodgrains Area 5 Yr Avg Foodgrains Total,"Annual, Ending mar Of Each Year",ha mn,2011,123.74
Agriculture Production Foodgrains Area 5 Yr Avg Foodgrains Kharif,"Annual, Ending mar Of Each Year",ha mn,2011,71.94
Agriculture Production Foodgrains Area 5 Yr Avg Foodgrains Rabi,"Annual, Ending mar Of Each Year",ha mn,2011,51.8
Agriculture Production Foodgrains Area 5 Yr Avg Foodgrains Coarse Cereals Total,"Annual, Ending mar Of Each Year",ha mn,2011,28.15
Agriculture Production Foodgrains Area 5 Yr Avg Foodgrains Coarse Cereals Kharif,"Annual, Ending mar Of Each Year",ha mn,2011,21.86
Agriculture Production Foodgrains Area 5 Yr Avg Foodgrains Coarse Cereals Rabi,"Annual, Ending mar Of Each Year",ha mn,2011,6.29
Agriculture Production Foodgrains Area 5 Yr Avg Foodgrains Coarse Cereals Rice Total,"Annual, Ending mar Of Each Year",ha mn,2011,43.61
Agricultural Production Foodgrains Area 5 Yr Avg Foodgrains Coarse Cereals Rice Kharif,"Annual, Ending mar Of Each Year",ha mn,2011,39.11
Agriculture Production Foodgrains Area 5 Yr Avg Foodgrains Coarse Cereals Rice Rabi,"Annual, Ending mar Of Each Year",ha mn,2011,4.5
Agriculture Production Foodgrains Area 5 Yr Avg Foodgrains Coarse Cereals Wheat Rabi,"Annual, Ending mar Of Each Year",ha mn,2011,28.26
Agriculture Production Foodgrains Area 5 Yr Avg Foodgrains Coarse Cereals Jowar Total,"Annual, Ending mar Of Each Year",ha mn,2011,7.79
Agriculture Production Foodgrains Area 5 Yr Avg Foodgrains Coarse Cereals Jowar Kharif,"Annual, Ending mar Of Each Year",ha mn,2011,3.29
Agriculture Production Foodgrains Area 5 Yr Avg Foodgrains Coarse Cereals Jowar Rabi,"Annual, Ending mar Of Each Year",ha mn,2011,4.5
Agriculture Production Foodgrains Area 5 Yr Avg Foodgrains Coarse Cereals Bajra Kharif,"Annual, Ending mar Of Each Year",ha mn,2011,9.27
Agriculture Production Foodgrains Area 5 Yr Avg Foodgrains Coarse Cereals Maize Total,"Annual, Ending mar Of Each Year",ha mn,2011,8.2
Agriculture Production Foodgrains Area 5 Yr Avg Foodgrains Coarse Cereals Maize Kharif,"Annual, Ending mar Of Each Year",ha mn,2011,7.06
Agriculture Production Foodgrains Area 5 Yr Avg Foodgrains Coarse Cereals Maize Rabi,"Annual, Ending mar Of Each Year",ha mn,2011,1.14
Agriculture Production Foodgrains Area 5 Yr Avg Foodgrains Pulses Total,"Annual, Ending mar Of Each Year",ha mn,2011,23.73
Agriculture Production Foodgrains Area 5 Yr Avg Foodgrains Pulses Kharif,"Annual, Ending mar Of Each Year",ha mn,2011,10.98
Agriculture Production Foodgrains Area 5 Yr Avg Foodgrains Pulses Rabi,"Annual, Ending mar Of Each Year",ha mn,2011,12.75
Agriculture Production Foodgrains Area 5 Yr Avg Foodgrains Pulses Tur Kharif,"Annual, Ending mar Of Each Year",ha mn,2011,3.7
Agriculture Production Foodgrains Area 5 Yr Avg Foodgrains Pulses Gram Rabi,"Annual, Ending mar Of Each Year",ha mn,2011,8.06
Agriculture Production Foodgrains Area 5 Yr Avg Oilseeds Nine Oilseeds,"Annual, Ending mar Of Each Year",ha mn,2011,26.79
Agriculture Production Foodgrains Area 5 Yr Avg Oilseeds Nine Oilseeds Groundnut,"Annual, Ending mar Of Each Year",ha mn,2011,5.88
Agriculture Production Foodgrains Area 5 Yr Avg Oilseeds Nine Oilseeds Rapeseed and Mustard Rabi,"Annual, Ending mar Of Each Year",ha mn,2011,6.28
Agriculture Production Foodgrains Area 5 Yr Avg Oilseeds Nine Oilseeds Soyabean Kharif,"Annual, Ending mar Of Each Year",ha mn,2011,9.21
Agriculture Production Foodgrains Area 5 Yr Avg Oilseeds Nine Oilseeds Sunflower,"Annual, Ending mar Of Each Year",ha mn,2011,1.66
Agriculture Production Foodgrains Area 5 Yr Avg Other Cash Crops Cotton,"Annual, Ending mar Of Each Year",ha mn,2011,9.87
Agriculture Production Foodgrains Area 5 Yr Avg Other Cash Crops Jute and Mesta,"Annual, Ending mar Of Each Year",ha mn,2011,0.91
Agriculture Production Foodgrains Area 5 Yr Avg Other Cash Crops Sugarcane,"Annual, Ending mar Of Each Year",ha mn,2011,4.74
Agriculture Production Foodgrains Production Foodgrains Total,"Annual, Ending mar Of Each Year",Ton mn,2011,229.08
Agriculture Production Foodgrains Production Foodgrains Kharif,"Annual, Ending mar Of Each Year",Ton mn,2011,114.99
Agriculture Production Foodgrains Production Foodgrains Rabi,"Annual, Ending mar Of Each Year",Ton mn,2011,114.09
Agriculture Production Foodgrains Production Foodgrains Coarse Cereals Total,"Annual, Ending mar Of Each Year",Ton mn,2011,38.39
Agriculture Production Foodgrains Production Foodgrains Coarse Cereals Kharif,"Annual, Ending mar Of Each Year",Ton mn,2011,28.65
Agriculture Production Foodgrains Production Foodgrains Coarse Cereals Rabi,"Annual, Ending mar Of Each Year",Ton mn,2011,9.74
Agriculture Production Foodgrains Production Foodgrains Coarse Cereals Rice Total,"Annual, Ending mar Of Each Year",Ton mn,2011,94.87
Agricultural Production Foodgrains Production Foodgrains Coarse Cereals Rice Kharif,"Annual, Ending mar Of Each Year",Ton mn,2011,80.9
Agriculture Production Foodgrains Production Foodgrains Coarse Cereals Rice Rabi,"Annual, Ending mar Of Each Year",Ton mn,2011,13.97
Agriculture Production Foodgrains Production Foodgrains Coarse Cereals Wheat Rabi,"Annual, Ending mar Of Each Year",Ton mn,2011,80.55
Agriculture Production Foodgrains Production Foodgrains Coarse Cereals Jowar Total,"Annual, Ending mar Of Each Year",Ton mn,2011,7.21
Agriculture Production Foodgrains Production Foodgrains Coarse Cereals Jowar Kharif,"Annual, Ending mar Of Each Year",Ton mn,2011,3.42
Agriculture Production Foodgrains Production Foodgrains Coarse Cereals Jowar Rabi,"Annual, Ending mar Of Each Year",Ton mn,2011,3.79
Agriculture Production Foodgrains Production Foodgrains Coarse Cereals Bajra Kharif,"Annual, Ending mar Of Each Year",Ton mn,2011,8.83
Agriculture Production Foodgrains Production Foodgrains Coarse Cereals Maize Total,"Annual, Ending mar Of Each Year",Ton mn,2011,18.44
Agriculture Production Foodgrains Production Foodgrains Coarse Cereals Maize Kharif,"Annual, Ending mar Of Each Year",Ton mn,2011,13.94
Agriculture Production Foodgrains Production Foodgrains Coarse Cereals Maize Rabi,"Annual, Ending mar Of Each Year",Ton mn,2011,4.5
Agriculture Production Foodgrains Production Foodgrains Pulses Total,"Annual, Ending mar Of Each Year",Ton mn,2011,15.28
Agriculture Production Foodgrains Production Foodgrains Pulses Tur Kharif,"Annual, Ending mar Of Each Year",Ton mn,2011,2.6
Agriculture Production Foodgrains Production Foodgrains Pulses Gram Rabi,"Annual, Ending mar Of Each Year",Ton mn,2011,6.97
Agriculture Production Foodgrains Production Foodgrains Pulses Kharif,"Annual, Ending mar Of Each Year",Ton mn,2011,5.44
Agriculture Production Foodgrains Production Foodgrains Pulses Rabi,"Annual, Ending mar Of Each Year",Ton mn,2011,9.84
Agriculture Production Foodgrains Production Oilseeds Nine Oilseeds,"Annual, Ending mar Of Each Year",Ton mn,2011,27.82
Agriculture Production Foodgrains Production Oilseeds Nine Oilseeds Groundnut,"Annual, Ending mar Of Each Year",Ton mn,2011,6.98
Agriculture Production Foodgrains Production Oilseeds Nine Oilseeds Rapeseed and Mustard Rabi,"Annual, Ending mar Of Each Year",Ton mn,2011,7.05
Agriculture Production Foodgrains Production Oilseeds Nine Oilseeds Soyabean Kharif,"Annual, Ending mar Of Each Year",Ton mn,2011,10.49
Agriculture Production Foodgrains Production Oilseeds Nine Oilseeds Sunflower,"Annual, Ending mar Of Each Year",Ton mn,2011,1.07
Agriculture Production Foodgrains Production Other Cash Crops Cotton,"Annual, Ending mar Of Each Year",Ton mn,2011,25.56
Agriculture Production Foodgrains Production Other Cash Crops Jute and Mesta,"Annual, Ending mar Of Each Year",Ton mn,2011,11.06
Agriculture Production Foodgrains Production Other Cash Crops Sugarcane,"Annual, Ending mar Of Each Year",Ton mn,2011,324.68
Agriculture Production Foodgrains Yield Foodgrains Total,"Annual, Ending mar Of Each Year",kg/ha,2011,1851.0
Agriculture Production Foodgrains Yield Foodgrains Kharif,"Annual, Ending mar Of Each Year",kg/ha,2011,1598.0
Agriculture Production Foodgrains Yield Foodgrains Rabi,"Annual, Ending mar Of Each Year",kg/ha,2011,2203.0
Agriculture Production Foodgrains Yield Foodgrains Coarse Cereals Total,"Annual, Ending mar Of Each Year",kg/ha,2011,1364.0
Agriculture Production Foodgrains Yield Foodgrains Coarse Cereals Kharif,"Annual, Ending mar Of Each Year",kg/ha,2011,1311.0
Agriculture Production Foodgrains Yield Foodgrains Coarse Cereals Rabi,"Annual, Ending mar Of Each Year",kg/ha,2011,1548.0
Agriculture Production Foodgrains Yield Foodgrains Coarse Cereals Rice Total,"Annual, Ending mar Of Each Year",kg/ha,2011,2175.0
Agricultural Production Foodgrains Yield Foodgrains Coarse Cereals Rice Kharif,"Annual, Ending mar Of Each Year",kg/ha,2011,2068.0
Agriculture Production Foodgrains Yield Foodgrains Coarse Cereals Rice Rabi,"Annual, Ending mar Of Each Year",kg/ha,2011,3104.0
Agriculture Production Foodgrains Yield Foodgrains Coarse Cereals Wheat Rabi,"Annual, Ending mar Of Each Year",kg/ha,2011,2850.0
Agriculture Production Foodgrains Yield Foodgrains Coarse Cereals Jowar Total,"Annual, Ending mar Of Each Year",kg/ha,2011,925.0
Agriculture Production Foodgrains Yield Foodgrains Coarse Cereals Jowar Kharif,"Annual, Ending mar Of Each Year",kg/ha,2011,1039.0
Agriculture Production Foodgrains Yield Foodgrains Coarse Cereals Jowar Rabi,"Annual, Ending mar Of Each Year",kg/ha,2011,842.0
Agriculture Production Foodgrains Yield Foodgrains Coarse Cereals Bajra Kharif,"Annual, Ending mar Of Each Year",kg/ha,2011,953.0
Agriculture Production Foodgrains Yield Foodgrains Coarse Cereals Maize Total,"Annual, Ending mar Of Each Year",kg/ha,2011,2249.0
Agriculture Production Foodgrains Yield Foodgrains Coarse Cereals Maize Kharif,"Annual, Ending mar Of Each Year",kg/ha,2011,1974.0
Agriculture Production Foodgrains Yield Foodgrains Coarse Cereals Maize Rabi,"Annual, Ending mar Of Each Year",kg/ha,2011,3963.0
Agriculture Production Foodgrains Yield Foodgrains Pulses Total,"Annual, Ending mar Of Each Year",kg/ha,2011,644.0
Agriculture Production Foodgrains Yield Foodgrains Pulses Kharif,"Annual, Ending mar Of Each Year",kg/ha,2011,496.0
Agriculture Production Foodgrains Yield Foodgrains Pulses Rabi,"Annual, Ending mar Of Each Year",kg/ha,2011,772.0
Agriculture Production Foodgrains Yield Foodgrains Pulses Tur Kharif,"Annual, Ending mar Of Each Year",kg/ha,2011,702.0
Agriculture Production Foodgrains Yield Foodgrains Pulses Gram Rabi,"Annual, Ending mar Of Each Year",kg/ha,2011,865.0
Agriculture Production Foodgrains Yield Oilseeds Nine Oilseeds,"Annual, Ending mar Of Each Year",kg/ha,2011,1039.0
Agriculture Production Foodgrains Yield Oilseeds Nine Oilseeds Groundnut,"Annual, Ending mar Of Each Year",kg/ha,2011,1187.0
Agriculture Production Foodgrains Yield Oilseeds Nine Oilseeds Rapeseed and Mustard Rabi,"Annual, Ending mar Of Each Year",kg/ha,2011,1123.0
Agriculture Production Foodgrains Yield Oilseeds Nine Oilseeds Soyabean Kharif,"Annual, Ending mar Of Each Year",kg/ha,2011,1138.0
Agriculture Production Foodgrains Yield Oilseeds Nine Oilseeds Sunflower,"Annual, Ending mar Of Each Year",kg/ha,2011,645.0
Agriculture Production Foodgrains Yield Other Cash Crops Cotton,"Annual, Ending mar Of Each Year",kg/ha,2011,440.0
Agriculture Production Foodgrains Yield Other Cash Crops Jute and Mesta,"Annual, Ending mar Of Each Year",kg/ha,2011,2176.0
Agriculture Production Foodgrains Yield Other Cash Crops Sugarcane,"Annual, Ending mar Of Each Year",kg/ha,2011,68554.0
Agricultural Production Foodgrains Area Andhra Pradesh,"Annual, Ending mar Of Each Year",ha mn,2011,8.03
Agricultural Production Foodgrains Area Assam,"Annual, Ending mar Of Each Year",ha mn,2011,2.77
Agricultural Production Foodgrains Area Bihar,"Annual, Ending mar Of Each Year",ha mn,2011,6.24
Agricultural Production Foodgrains Area Chhattisgarh,"Annual, Ending mar Of Each Year",ha mn,2011,4.96
Agricultural Production Foodgrains Area Gujarat,"Annual, Ending mar Of Each Year",ha mn,2011,4.53
Agricultural Production Foodgrains Area Haryana,"Annual, Ending mar Of Each Year",ha mn,2011,4.72
Agricultural Production Foodgrains Area Jharkhand,"Annual, Ending mar Of Each Year",ha mn,2011,1.49
Agricultural Production Foodgrains Area Karnataka,"Annual, Ending mar Of Each Year",ha mn,2011,8.24
Agricultural Production Foodgrains Area Madhya Pradesh,"Annual, Ending mar Of Each Year",ha mn,2011,12.86
Agricultural Production Foodgrains Area Maharashtra,"Annual, Ending mar Of Each Year",ha mn,2011,13.03
Agricultural Production Foodgrains Area Orissa,"Annual, Ending mar Of Each Year",ha mn,2011,5.32
Agricultural Production Foodgrains Area Punjab,"Annual, Ending mar Of Each Year",ha mn,2011,6.51
Agricultural Production Foodgrains Area Rajasthan,"Annual, Ending mar Of Each Year",ha mn,2011,15.08
Agricultural Production Foodgrains Area Tamil Nadu,"Annual, Ending mar Of Each Year",ha mn,2011,3.17
Agricultural Production Foodgrains Area Uttar Pradesh,"Annual, Ending mar Of Each Year",ha mn,2011,19.8
Agricultural Production Foodgrains Area Uttaranchal,"Annual, Ending mar Of Each Year",ha mn,2011,0.99
Agricultural Production Foodgrains Area West Bengal,"Annual, Ending mar Of Each Year",ha mn,2011,5.56
Agricultural Production Foodgrains Area Others,"Annual, Ending mar Of Each Year",ha mn,2011,3.47
Agricultural Production Foodgrains Volume Andhra Pradesh,"Annual, Ending mar Of Each Year",Ton mn,2011,20.32
Agricultural Production Foodgrains Volume Assam,"Annual, Ending mar Of Each Year",Ton mn,2011,4.88
Agricultural Production Foodgrains Volume Bihar,"Annual, Ending mar Of Each Year",Ton mn,2011,9.22
Agricultural Production Foodgrains Volume Chhattisgarh,"Annual, Ending mar Of Each Year",Ton mn,2011,7.06
Agricultural Production Foodgrains Volume Gujarat,"Annual, Ending mar Of Each Year",Ton mn,2011,8.34
Agricultural Production Foodgrains Volume Haryana,"Annual, Ending mar Of Each Year",Ton mn,2011,16.63
Agricultural Production Foodgrains Volume Jharkhand,"Annual, Ending mar Of Each Year",Ton mn,2011,1.88
Agricultural Production Foodgrains Volume Karnataka,"Annual, Ending mar Of Each Year",Ton mn,2011,13.88
Agricultural Production Foodgrains Volume Madhya Pradesh,"Annual, Ending mar Of Each Year",Ton mn,2011,14.95
Agricultural Production Foodgrains Volume Maharashtra,"Annual, Ending mar Of Each Year",Ton mn,2011,15.42
Agricultural Production Foodgrains Volume Orissa,"Annual, Ending mar Of Each Year",Ton mn,2011,7.62
Agricultural Production Foodgrains Volume Punjab,"Annual, Ending mar Of Each Year",Ton mn,2011,27.87
Agricultural Production Foodgrains Volume Rajasthan,"Annual, Ending mar Of Each Year",Ton mn,2011,18.83
Agricultural Production Foodgrains Volume Tamil Nadu,"Annual, Ending mar Of Each Year",Ton mn,2011,7.59
Agricultural Production Foodgrains Volume Uttar Pradesh,"Annual, Ending mar Of Each Year",Ton mn,2011,47.25
Agricultural Production Foodgrains Volume Uttaranchal,"Annual, Ending mar Of Each Year",Ton mn,2011,1.82
Agricultural Production Foodgrains Volume West Bengal,"Annual, Ending mar Of Each Year",Ton mn,2011,14.47
Agricultural Production Foodgrains Volume Others,"Annual, Ending mar Of Each Year",Ton mn,2011,6.75
Agricultural Production Foodgrains Yield Andhra Pradesh,"Annual, Ending mar Of Each Year",kg/ha,2011,2530.0
Agricultural Production Foodgrains Yield Assam,"Annual, Ending mar Of Each Year",kg/ha,2011,1763.0
Agricultural Production Foodgrains Yield Bihar,"Annual, Ending mar Of Each Year",kg/ha,2011,1479.0
Agricultural Production Foodgrains Yield Chhattisgarh,"Annual, Ending mar Of Each Year",kg/ha,2011,1424.0
Agricultural Production Foodgrains Yield Gujarat,"Annual, Ending mar Of Each Year",kg/ha,2011,1843.0
Agricultural Production Foodgrains Yield Haryana,"Annual, Ending mar Of Each Year",kg/ha,2011,3526.0
Agricultural Production Foodgrains Yield Jharkhand,"Annual, Ending mar Of Each Year",kg/ha,2011,1257.0
Agricultural Production Foodgrains Yield Karnataka,"Annual, Ending mar Of Each Year",kg/ha,2011,1684.0
Agricultural Production Foodgrains Yield Madhya Pradesh,"Annual, Ending mar Of Each Year",kg/ha,2011,1162.0
Agricultural Production Foodgrains Yield Maharashtra,"Annual, Ending mar Of Each Year",kg/ha,2011,1184.0
Agricultural Production Foodgrains Yield Orissa,"Annual, Ending mar Of Each Year",kg/ha,2011,1432.0
Agricultural Production Foodgrains Yield Punjab,"Annual, Ending mar Of Each Year",kg/ha,2011,4280.0
Agricultural Production Foodgrains Yield Rajasthan,"Annual, Ending mar Of Each Year",kg/ha,2011,1249.0
Agricultural Production Foodgrains Yield Tamil Nadu,"Annual, Ending mar Of Each Year",kg/ha,2011,2393.0
Agricultural Production Foodgrains Yield Uttar Pradesh,"Annual, Ending mar Of Each Year",kg/ha,2011,2386.0
Agricultural Production Foodgrains Yield Uttaranchal,"Annual, Ending mar Of Each Year",kg/ha,2011,1841.0
Agricultural Production Foodgrains Yield West Bengal,"Annual, Ending mar Of Each Year",kg/ha,2011,2601.0
Agricultural Production Foodgrains Rice Area,"Annual, Ending mar Of Each Year",ha mn,2011,42.86
Agricultural Production Foodgrains Rice Volume,"Annual, Ending mar Of Each Year",Ton mn,2011,95.98
Agricultural Production Foodgrains Rice Yield,"Annual, Ending mar Of Each Year",kg/ha,2011,2239.0
Agricultural Production Foodgrains Rice Area Andhra Pradesh,"Annual, Ending mar Of Each Year",ha mn,2011,4.751
Agricultural Production Foodgrains Rice Area Assam,"Annual, Ending mar Of Each Year",ha mn,2011,2.57
Agricultural Production Foodgrains Rice Area Bihar,"Annual, Ending mar Of Each Year",ha mn,2011,2.833
Agricultural Production Foodgrains Rice Area Chhattisgarh,"Annual, Ending mar Of Each Year",ha mn,2011,3.703
Agricultural Production Foodgrains Rice Area Gujarat,"Annual, Ending mar Of Each Year",ha mn,2011,0.808
Agricultural Production Foodgrains Rice Area Haryana,"Annual, Ending mar Of Each Year",ha mn,2011,1.245
Agricultural Production Foodgrains Rice Area Jharkland,"Annual, Ending mar Of Each Year",ha mn,2011,0.72
Agricultural Production Foodgrains Rice Area Karnataka,"Annual, Ending mar Of Each Year",ha mn,2011,1.54
Agricultural Production Foodgrains Rice Area Kerala,"Annual, Ending mar Of Each Year",ha mn,2011,0.213
Agricultural Production Foodgrains Rice Area Madhya Pradesh,"Annual, Ending mar Of Each Year",ha mn,2011,1.603
Agricultural Production Foodgrains Rice Area Maharashtra,"Annual, Ending mar Of Each Year",ha mn,2011,1.518
Agricultural Production Foodgrains Rice Area Orissa,"Annual, Ending mar Of Each Year",ha mn,2011,4.226
Agricultural Production Foodgrains Rice Area Punjab,"Annual, Ending mar Of Each Year",ha mn,2011,2.831
Agricultural Production Foodgrains Rice Area Tamil Nadu,"Annual, Ending mar Of Each Year",ha mn,2011,1.906
Agricultural Production Foodgrains Rice Area Uttar Pradesh,"Annual, Ending mar Of Each Year",ha mn,2011,5.657
Agricultural Production Foodgrains Rice Area West Bengal,"Annual, Ending mar Of Each Year",ha mn,2011,4.944
Agricultural Production Foodgrains Rice Area Others,"Annual, Ending mar Of Each Year",ha mn,2011,1.7952
Agricultural Production Foodgrains Rice Volume Andhra Pradesh,"Annual, Ending mar Of Each Year",Ton th,2011,14418.0
Agricultural Production Foodgrains Rice Volume Arunachal Pradesh,"Annual, Ending mar Of Each Year",Ton th,2011,234.0
Agricultural Production Foodgrains Rice Volume Assam,"Annual, Ending mar Of Each Year",Ton th,2011,4737.0
Agricultural Production Foodgrains Rice Volume Bihar,"Annual, Ending mar Of Each Year",Ton th,2011,3102.0
Agricultural Production Foodgrains Rice Volume Chhattisgarh,"Annual, Ending mar Of Each Year",Ton th,2011,6159.0
Agricultural Production Foodgrains Rice Volume Goa,"Annual, Ending mar Of Each Year",Ton th,2011,115.0
Agricultural Production Foodgrains Rice Volume Gujarat,"Annual, Ending mar Of Each Year",Ton th,2011,1497.0
Agricultural Production Foodgrains Rice Volume Haryana,"Annual, Ending mar Of Each Year",Ton th,2011,3472.0
Agricultural Production Foodgrains Rice Volume Himachal Pradesh,"Annual, Ending mar Of Each Year",Ton th,2011,129.0
Agricultural Production Foodgrains Rice Volume Jammu and Kashmir,"Annual, Ending mar Of Each Year",Ton th,2011,508.0
Agricultural Production Foodgrains Rice Volume Jharkhand,"Annual, Ending mar Of Each Year",Ton th,2011,1110.0
Agricultural Production Foodgrains Rice Volume Karnataka,"Annual, Ending mar Of Each Year",Ton th,2011,4188.0
Agricultural Production Foodgrains Rice Volume Kerala,"Annual, Ending mar Of Each Year",Ton th,2011,523.0
Agricultural Production Foodgrains Rice Volume Madhya Pradesh,"Annual, Ending mar Of Each Year",Ton th,2011,1772.0
Agricultural Production Foodgrains Rice Volume Maharashtra,"Annual, Ending mar Of Each Year",Ton th,2011,2696.0
Agricultural Production Foodgrains Rice Volume Manipur,"Annual, Ending mar Of Each Year",Ton th,2011,522.0
Agricultural Production Foodgrains Rice Volume Meghalaya,"Annual, Ending mar Of Each Year",Ton th,2011,206.7
Agricultural Production Foodgrains Rice Volume Mizoram,"Annual, Ending mar Of Each Year",Ton th,2011,47.0
Agricultural Production Foodgrains Rice Volume Nagaland,"Annual, Ending mar Of Each Year",Ton th,2011,381.0
Agricultural Production Foodgrains Rice Volume Orissa,"Annual, Ending mar Of Each Year",Ton th,2011,6828.0
Agricultural Production Foodgrains Rice Volume Punjab,"Annual, Ending mar Of Each Year",Ton th,2011,10837.0
Agricultural Production Foodgrains Rice Volume Rajasthan,"Annual, Ending mar Of Each Year",Ton th,2011,266.0
Agricultural Production Foodgrains Rice Volume Sikkim,"Annual, Ending mar Of Each Year",Ton th,2011,21.0
Agricultural Production Foodgrains Rice Volume Tamil Nadu,"Annual, Ending mar Of Each Year",Ton th,2011,5792.0
Agricultural Production Foodgrains Rice Volume Tripura,"Annual, Ending mar Of Each Year",Ton th,2011,703.0
Agricultural Production Foodgrains Rice Volume Union Territories,"Annual, Ending mar Of Each Year",Ton th,2011,129.7
Agricultural Production Foodgrains Rice Volume Uttar Pradesh,"Annual, Ending mar Of Each Year",Ton th,2011,11992.0
Agricultural Production Foodgrains Rice Volume Uttaranchal,"Annual, Ending mar Of Each Year",Ton th,2011,550.0
Agricultural Production Foodgrains Rice Volume West Bengal,"Annual, Ending mar Of Each Year",Ton th,2011,13046.0
Agricultural Production Foodgrains Rice Yield Andhra Pradesh,"Annual, Ending mar Of Each Year",kg/ha,2011,3036.0
Agricultural Production Foodgrains Rice Yield Assam,"Annual, Ending mar Of Each Year",kg/ha,2011,1844.0
Agricultural Production Foodgrains Rice Yield Bihar,"Annual, Ending mar Of Each Year",kg/ha,2011,1095.0
Agricultural Production Foodgrains Rice Yield Chhattisgarh,"Annual, Ending mar Of Each Year",kg/ha,2011,1665.0
Agricultural Production Foodgrains Rice Yield Gujarat,"Annual, Ending mar Of Each Year",kg/ha,2011,1852.0
Agricultural Production Foodgrains Rice Yield Haryana,"Annual, Ending mar Of Each Year",kg/ha,2011,2776.0
Agricultural Production Foodgrains Rice Yield Jharkland,"Annual, Ending mar Of Each Year",kg/ha,2011,1542.0
Agricultural Production Foodgrains Rice Yield Karnataka,"Annual, Ending mar Of Each Year",kg/ha,2011,2721.0
Agricultural Production Foodgrains Rice Yield Kerala,"Annual, Ending mar Of Each Year",kg/ha,2011,2476.0
Agricultural Production Foodgrains Rice Yield Madhya Pradesh,"Annual, Ending mar Of Each Year",kg/ha,2011,1106.0
Agricultural Production Foodgrains Rice Yield Maharashtra,"Annual, Ending mar Of Each Year",kg/ha,2011,1776.0
Agricultural Production Foodgrains Rice Yield Orissa,"Annual, Ending mar Of Each Year",kg/ha,2011,1615.0
Agricultural Production Foodgrains Rice Yield Punjab,"Annual, Ending mar Of Each Year",kg/ha,2011,3830.0
Agricultural Production Foodgrains Rice Yield Tamil Nadu,"Annual, Ending mar Of Each Year",kg/ha,2011,3031.0
Agricultural Production Foodgrains Rice Yield Uttar Pradesh,"Annual, Ending mar Of Each Year",kg/ha,2011,2118.0
Agricultural Production Foodgrains Rice Yield West Bengal,"Annual, Ending mar Of Each Year",kg/ha,2011,2642.0
Agricultural Production Foodgrains Wheat Area,"Annual, Ending mar Of Each Year",ha mn,2011,29.07
Agricultural Production Foodgrains Wheat Volume,"Annual, Ending mar Of Each Year",Ton mn,2011,86.87
Agricultural Production Foodgrains Wheat Yield,"Annual, Ending mar Of Each Year",kg/ha,2011,2989.0
Agricultural Production Foodgrains Wheat Area Assam,"Annual, Ending mar Of Each Year",ha mn,2011,0.045
Agricultural Production Foodgrains Wheat Area Bihar,"Annual, Ending mar Of Each Year",ha mn,2011,2.104
Agricultural Production Foodgrains Wheat Area Gujarat,"Annual, Ending mar Of Each Year",ha mn,2011,1.274
Agricultural Production Foodgrains Wheat Area Haryana,"Annual, Ending mar Of Each Year",ha mn,2011,2.515
Agricultural Production Foodgrains Wheat Area Himachal Pradesh,"Annual, Ending mar Of Each Year",ha mn,2011,0.357
Agricultural Production Foodgrains Wheat Area Jammu and Kashmir,"Annual, Ending mar Of Each Year",ha mn,2011,0.291
Agricultural Production Foodgrains Wheat Area Jharkhand,"Annual, Ending mar Of Each Year",ha mn,2011,0.096
Agricultural Production Foodgrains Wheat Area Karnataka,"Annual, Ending mar Of Each Year",ha mn,2011,0.255
Agricultural Production Foodgrains Wheat Area Madhya Pradesh,"Annual, Ending mar Of Each Year",ha mn,2011,4.341
Agricultural Production Foodgrains Wheat Area Maharashtra,"Annual, Ending mar Of Each Year",ha mn,2011,1.307
Agricultural Production Foodgrains Wheat Area Punjab,"Annual, Ending mar Of Each Year",ha mn,2011,3.51
Agricultural Production Foodgrains Wheat Area Rajasthan,"Annual, Ending mar Of Each Year",ha mn,2011,2.479
Agricultural Production Foodgrains Wheat Area Uttar Pradesh,"Annual, Ending mar Of Each Year",ha mn,2011,9.637
Agricultural Production Foodgrains Wheat Area Uttaranchal,"Annual, Ending mar Of Each Year",ha mn,2011,0.379
Agricultural Production Foodgrains Wheat Area West Bengal,"Annual, Ending mar Of Each Year",ha mn,2011,0.317
Agricultural Production Foodgrains Wheat Area Others,"Annual, Ending mar Of Each Year",ha mn,2011,0.162
Agricultural Production Foodgrains Wheat Volume Arunachal Pradesh,"Annual, Ending mar Of Each Year",Ton th,2011,6.0
Agricultural Production Foodgrains Wheat Volume Assam,"Annual, Ending mar Of Each Year",Ton th,2011,53.0
Agricultural Production Foodgrains Wheat Volume Bihar,"Annual, Ending mar Of Each Year",Ton th,2011,4098.0
Agricultural Production Foodgrains Wheat Volume Chhattisgarh,"Annual, Ending mar Of Each Year",Ton th,2011,127.0
Agricultural Production Foodgrains Wheat Volume Gujarat,"Annual, Ending mar Of Each Year",Ton th,2011,4020.0
Agricultural Production Foodgrains Wheat Volume Haryana,"Annual, Ending mar Of Each Year",Ton th,2011,11630.0
Agricultural Production Foodgrains Wheat Volume Himachal Pradesh,"Annual, Ending mar Of Each Year",Ton th,2011,547.0
Agricultural Production Foodgrains Wheat Volume Jammu and Kashmir,"Annual, Ending mar Of Each Year",Ton th,2011,446.0
Agricultural Production Foodgrains Wheat Volume Jharkhand,"Annual, Ending mar Of Each Year",Ton th,2011,158.0
Agricultural Production Foodgrains Wheat Volume Karnataka,"Annual, Ending mar Of Each Year",Ton th,2011,279.0
Agricultural Production Foodgrains Wheat Volume Madhya Pradesh,"Annual, Ending mar Of Each Year",Ton th,2011,7627.0
Agricultural Production Foodgrains Wheat Volume Maharashtra,"Annual, Ending mar Of Each Year",Ton th,2011,2301.0
Agricultural Production Foodgrains Wheat Volume Manipur,"Annual, Ending mar Of Each Year",Ton th,2011,5.0
Agricultural Production Foodgrains Wheat Volume Meghalaya,"Annual, Ending mar Of Each Year",Ton th,2011,0.7
Agricultural Production Foodgrains Wheat Volume Nagaland,"Annual, Ending mar Of Each Year",Ton th,2011,5.0
Agricultural Production Foodgrains Wheat Volume Orissa,"Annual, Ending mar Of Each Year",Ton th,2011,4.0
Agricultural Production Foodgrains Wheat Volume Punjab,"Annual, Ending mar Of Each Year",Ton th,2011,16472.0
Agricultural Production Foodgrains Wheat Volume Rajasthan,"Annual, Ending mar Of Each Year",Ton th,2011,7215.0
Agricultural Production Foodgrains Wheat Volume Sikkim,"Annual, Ending mar Of Each Year",Ton th,2011,3.0
Agricultural Production Foodgrains Wheat Volume Tripura,"Annual, Ending mar Of Each Year",Ton th,2011,1.3
Agricultural Production Foodgrains Wheat Volume Union Territories,"Annual, Ending mar Of Each Year",Ton th,2011,111.0
Agricultural Production Foodgrains Wheat Volume Uttar Pradesh,"Annual, Ending mar Of Each Year",Ton th,2011,30001.0
Agricultural Production Foodgrains Wheat Volume Uttaranchal,"Annual, Ending mar Of Each Year",Ton th,2011,878.0
Agricultural Production Foodgrains Wheat Volume West Bengal,"Annual, Ending mar Of Each Year",Ton th,2011,874.0
Agricultural Production Foodgrains Wheat Yield Assam,"Annual, Ending mar Of Each Year",kg/ha,2011,1179.0
Agricultural Production Foodgrains Wheat Yield Bihar,"Annual, Ending mar Of Each Year",kg/ha,2011,1948.0
Agricultural Production Foodgrains Wheat Yield Gujarat,"Annual, Ending mar Of Each Year",kg/ha,2011,3155.0
Agricultural Production Foodgrains Wheat Yield Haryana,"Annual, Ending mar Of Each Year",kg/ha,2011,4624.0
Agricultural Production Foodgrains Wheat Yield Himachal Pradesh,"Annual, Ending mar Of Each Year",kg/ha,2011,1530.0
Agricultural Production Foodgrains Wheat Yield Jammu and Kashmir,"Annual, Ending mar Of Each Year",kg/ha,2011,1535.0
Agricultural Production Foodgrains Wheat Yield Jharkhand,"Annual, Ending mar Of Each Year",kg/ha,2011,1642.0
Agricultural Production Foodgrains Wheat Yield Karnataka,"Annual, Ending mar Of Each Year",kg/ha,2011,1094.0
Agricultural Production Foodgrains Wheat Yield Madhya Pradesh,"Annual, Ending mar Of Each Year",kg/ha,2011,1757.0
Agricultural Production Foodgrains Wheat Yield Maharashtra,"Annual, Ending mar Of Each Year",kg/ha,2011,1761.0
Agricultural Production Foodgrains Wheat Yield Punjab,"Annual, Ending mar Of Each Year",kg/ha,2011,4693.0
Agricultural Production Foodgrains Wheat Yield Rajasthan,"Annual, Ending mar Of Each Year",kg/ha,2011,2910.0
Agricultural Production Foodgrains Wheat Yield Uttar Pradesh,"Annual, Ending mar Of Each Year",kg/ha,2011,3113.0
Agricultural Production Foodgrains Wheat Yield Uttaranchal,"Annual, Ending mar Of Each Year",kg/ha,2011,2316.0
Agricultural Production Foodgrains Wheat Yield West Bengal,"Annual, Ending mar Of Each Year",kg/ha,2011,2760.0
Agricultural Production Foodgrains Coarse Cereals Area,"Annual, Ending mar Of Each Year",ha mn,2011,28.34
Agricultural Production Foodgrains Coarse Cereals Volume,"Annual, Ending mar Of Each Year",Ton mn,2011,43.4
Agricultural Production Foodgrains Coarse Cereals Yield,"Annual, Ending mar Of Each Year",kg/ha,2011,1531.0
Agricultural Production Foodgrains Coarse Cereals Area Andhra Pradesh,"Annual, Ending mar Of Each Year",ha mn,2011,1.14
Agricultural Production Foodgrains Coarse Cereals Area Bihar,"Annual, Ending mar Of Each Year",ha mn,2011,0.69
Agricultural Production Foodgrains Coarse Cereals Area Chhattisgarh,"Annual, Ending mar Of Each Year",ha mn,2011,0.28
Agricultural Production Foodgrains Coarse Cereals Area Gujarat,"Annual, Ending mar Of Each Year",ha mn,2011,1.55
Agricultural Production Foodgrains Coarse Cereals Area Haryana,"Annual, Ending mar Of Each Year",ha mn,2011,0.78
Agricultural Production Foodgrains Coarse Cereals Area Himachal Pradesh,"Annual, Ending mar Of Each Year",ha mn,2011,0.33
Agricultural Production Foodgrains Coarse Cereals Area Jammu and Kashmir,"Annual, Ending mar Of Each Year",ha mn,2011,0.35
Agricultural Production Foodgrains Coarse Cereals Area Jharkhand,"Annual, Ending mar Of Each Year",ha mn,2011,0.25
Agricultural Production Foodgrains Coarse Cereals Area Karnataka,"Annual, Ending mar Of Each Year",ha mn,2011,3.65
Agricultural Production Foodgrains Coarse Cereals Area Madhya Pradesh,"Annual, Ending mar Of Each Year",ha mn,2011,1.76
Agricultural Production Foodgrains Coarse Cereals Area Maharashtra,"Annual, Ending mar Of Each Year",ha mn,2011,6.17
Agricultural Production Foodgrains Coarse Cereals Area Orissa,"Annual, Ending mar Of Each Year",ha mn,2011,0.21
Agricultural Production Foodgrains Coarse Cereals Area Punjab,"Annual, Ending mar Of Each Year",ha mn,2011,0.15
Agricultural Production Foodgrains Coarse Cereals Area Rajasthan,"Annual, Ending mar Of Each Year",ha mn,2011,7.7
Agricultural Production Foodgrains Coarse Cereals Area Tamil Nadu,"Annual, Ending mar Of Each Year",ha mn,2011,0.63
Agricultural Production Foodgrains Coarse Cereals Area Uttar Pradesh,"Annual, Ending mar Of Each Year",ha mn,2011,2.06
Agricultural Production Foodgrains Coarse Cereals Area Uttaranchal,"Annual, Ending mar Of Each Year",ha mn,2011,0.26
Agricultural Production Foodgrains Coarse Cereals Area West Bengal,"Annual, Ending mar Of Each Year",ha mn,2011,0.1
Agricultural Production Foodgrains Coarse Cereals Area Others,"Annual, Ending mar Of Each Year",ha mn,2011,0.37
Agricultural Production Foodgrains Coarse Cereals Volume Andhra Pradesh,"Annual, Ending mar Of Each Year",Ton th,2011,4348.8
Agricultural Production Foodgrains Coarse Cereals Volume Assam,"Annual, Ending mar Of Each Year",Ton th,2011,17.0
Agricultural Production Foodgrains Coarse Cereals Volume Bihar,"Annual, Ending mar Of Each Year",Ton th,2011,1338.2
Agricultural Production Foodgrains Coarse Cereals Volume Chhattisgarh,"Annual, Ending mar Of Each Year",Ton th,2011,205.4
Agricultural Production Foodgrains Coarse Cereals Volume Gujarat,"Annual, Ending mar Of Each Year",Ton th,2011,1755.2
Agricultural Production Foodgrains Coarse Cereals Volume Haryana,"Annual, Ending mar Of Each Year",Ton th,2011,1369.0
Agricultural Production Foodgrains Coarse Cereals Volume Himachal Pradesh,"Annual, Ending mar Of Each Year",Ton th,2011,713.5
Agricultural Production Foodgrains Coarse Cereals Volume Jammu and Kashmir,"Annual, Ending mar Of Each Year",Ton th,2011,550.7
Agricultural Production Foodgrains Coarse Cereals Volume Jharkhand,"Annual, Ending mar Of Each Year",Ton th,2011,268.2
Agricultural Production Foodgrains Coarse Cereals Volume Karnataka,"Annual, Ending mar Of Each Year",Ton th,2011,7501.0
Agricultural Production Foodgrains Coarse Cereals Volume Kerala,"Annual, Ending mar Of Each Year",Ton th,2011,0.7
Agricultural Production Foodgrains Coarse Cereals Volume Madhya Pradesh,"Annual, Ending mar Of Each Year",Ton th,2011,2166.3
Agricultural Production Foodgrains Coarse Cereals Volume Maharashtra,"Annual, Ending mar Of Each Year",Ton th,2011,6959.0
Agricultural Production Foodgrains Coarse Cereals Volume Orissa,"Annual, Ending mar Of Each Year",Ton th,2011,364.0
Agricultural Production Foodgrains Coarse Cereals Volume Punjab,"Annual, Ending mar Of Each Year",Ton th,2011,540.0
Agricultural Production Foodgrains Coarse Cereals Volume Rajasthan,"Annual, Ending mar Of Each Year",Ton th,2011,7995.5
Agricultural Production Foodgrains Coarse Cereals Volume Tamil Nadu,"Annual, Ending mar Of Each Year",Ton th,2011,1878.2
Agricultural Production Foodgrains Coarse Cereals Volume Uttar Pradesh,"Annual, Ending mar Of Each Year",Ton th,2011,3216.6
Agricultural Production Foodgrains Coarse Cereals Volume Uttaranchal,"Annual, Ending mar Of Each Year",Ton th,2011,334.0
Agricultural Production Foodgrains Coarse Cereals Volume West Bengal,"Annual, Ending mar Of Each Year",Ton th,2011,407.9
Agricultural Production Foodgrains Coarse Cereals Yield Andhra Pradesh,"Annual, Ending mar Of Each Year",kg/ha,2011,3895.0
Agricultural Production Foodgrains Coarse Cereals Yield Bihar,"Annual, Ending mar Of Each Year",kg/ha,2011,2145.0
Agricultural Production Foodgrains Coarse Cereals Yield Chhattisgarh,"Annual, Ending mar Of Each Year",kg/ha,2011,821.0
Agricultural Production Foodgrains Coarse Cereals Yield Gujarat,"Annual, Ending mar Of Each Year",kg/ha,2011,1355.0
Agricultural Production Foodgrains Coarse Cereals Yield Haryana,"Annual, Ending mar Of Each Year",kg/ha,2011,1756.0
Agricultural Production Foodgrains Coarse Cereals Yield Himachal Pradesh,"Annual, Ending mar Of Each Year",kg/ha,2011,2121.0
Agricultural Production Foodgrains Coarse Cereals Yield Jammu and Kashmir,"Annual, Ending mar Of Each Year",kg/ha,2011,1571.0
Agricultural Production Foodgrains Coarse Cereals Yield Jharkhand,"Annual, Ending mar Of Each Year",kg/ha,2011,1120.0
Agricultural Production Foodgrains Coarse Cereals Yield Karnataka,"Annual, Ending mar Of Each Year",kg/ha,2011,2151.0
Agricultural Production Foodgrains Coarse Cereals Yield Madhya Pradesh,"Annual, Ending mar Of Each Year",kg/ha,2011,1233.0
Agricultural Production Foodgrains Coarse Cereals Yield Maharashtra,"Annual, Ending mar Of Each Year",kg/ha,2011,1186.0
Agricultural Production Foodgrains Coarse Cereals Yield Orissa,"Annual, Ending mar Of Each Year",kg/ha,2011,1714.0
Agricultural Production Foodgrains Coarse Cereals Yield Punjab,"Annual, Ending mar Of Each Year",kg/ha,2011,3600.0
Agricultural Production Foodgrains Coarse Cereals Yield Rajasthan,"Annual, Ending mar Of Each Year",kg/ha,2011,1051.0
Agricultural Production Foodgrains Coarse Cereals Yield Tamil Nadu,"Annual, Ending mar Of Each Year",kg/ha,2011,2476.0
Agricultural Production Foodgrains Coarse Cereals Yield Uttar Pradesh,"Annual, Ending mar Of Each Year",kg/ha,2011,1563.0
Agricultural Production Foodgrains Coarse Cereals Yield Uttaranchal,"Annual, Ending mar Of Each Year",kg/ha,2011,1328.0
Agricultural Production Foodgrains Coarse Cereals Yield West Bengal,"Annual, Ending mar Of Each Year",kg/ha,2011,3700.0
Agricultural Production Foodgrains,"Annual, Ending mar Of Each Year",Ton mn,2012,259.2862533
Agricultural Production Foodgrains Kharif,"Annual, Ending mar Of Each Year",Ton mn,2012,131.2748125
Agricultural Production Foodgrains Rabi,"Annual, Ending mar Of Each Year",Ton mn,2012,128.0114408
Agricultural Production Foodgrains Rice,"Annual, Ending mar Of Each Year",Ton mn,2012,105.3011
Agricultural Production Foodgrains Rice Kharif,"Annual, Ending mar Of Each Year",Ton mn,2012,92.7807
Agricultural Production Foodgrains Rice Rabi,"Annual, Ending mar Of Each Year",Ton mn,2012,12.5204
Agricultural Production Foodgrains Wheat Rabi,"Annual, Ending mar Of Each Year",Ton mn,2012,94.8820629
Agricultural Production Foodgrains Jowar,"Annual, Ending mar Of Each Year",Ton mn,2012,5.979153
Agricultural Production Foodgrains Jowar Kharif,"Annual, Ending mar Of Each Year",Ton mn,2012,3.293
Agricultural Production Foodgrains Jowar Rabi,"Annual, Ending mar Of Each Year",Ton mn,2012,2.686153
Agricultural Production Foodgrains Bajra Kharif,"Annual, Ending mar Of Each Year",Ton mn,2012,10.2760195
Agricultural Production Foodgrains Maize,"Annual, Ending mar Of Each Year",Ton mn,2012,21.759372
Agricultural Production Foodgrains Maize Kharif,"Annual, Ending mar Of Each Year",Ton mn,2012,16.48628
Agricultural Production Foodgrains Maize Rabi,"Annual, Ending mar Of Each Year",Ton mn,2012,5.273092
Agricultural Production Foodgrains Ragi Kharif,"Annual, Ending mar Of Each Year",Ton mn,2012,1.929242
Agricultural Production Foodgrains Small Millets Kharif,"Annual, Ending mar Of Each Year",Ton mn,2012,0.45153
Agricultural Production Foodgrains Barley Rabi,"Annual, Ending mar Of Each Year",Ton mn,2012,1.61865
Agricultural Production Foodgrains Coarse Cereals,"Annual, Ending mar Of Each Year",Ton mn,2012,42.0139665
Agricultural Production Foodgrains Coarse Cereals Kharif,"Annual, Ending mar Of Each Year",Ton mn,2012,32.4360715
Agricultural Production Foodgrains Coarse Cereals Rabi,"Annual, Ending mar Of Each Year",Ton mn,2012,9.577895
Agricultural Production Foodgrains Cereals,"Annual, Ending mar Of Each Year",Ton mn,2012,242.1971294
Agricultural Production Foodgrains Cereals Kharif,"Annual, Ending mar Of Each Year",Ton mn,2012,125.2167715
Agricultural Production Foodgrains Cereals Rabi,"Annual, Ending mar Of Each Year",Ton mn,2012,116.9803579
Agricultural Production Foodgrains Tur Kharif,"Annual, Ending mar Of Each Year",Ton mn,2012,2.654046
Agricultural Production Foodgrains Other Kharif Pulses Kharif,"Annual, Ending mar Of Each Year",Ton mn,2012,0.930795
Agricultural Production Foodgrains Gram Rabi,"Annual, Ending mar Of Each Year",Ton mn,2012,7.702324
Agricultural Production Foodgrains Other Kharif Pulses Rabi,"Annual, Ending mar Of Each Year",Ton mn,2012,2.4013589
Agricultural Production Foodgrains Pulses,"Annual, Ending mar Of Each Year",Ton mn,2012,17.0891239
Agricultural Production Foodgrains Pulses Kharif,"Annual, Ending mar Of Each Year",Ton mn,2012,6.058041
Agricultural Production Foodgrains Pulses Rabi,"Annual, Ending mar Of Each Year",Ton mn,2012,11.0310829
Agricultural Production Oilseeds,"Annual, Ending mar Of Each Year",Ton mn,2012,29.7986417
Agricultural Production Oilseeds Kharif,"Annual, Ending mar Of Each Year",Ton mn,2012,20.691064
Agricultural Production Oilseeds Rabi,"Annual, Ending mar Of Each Year",Ton mn,2012,9.1075777
Agricultural Production Oilseeds Groundnut,"Annual, Ending mar Of Each Year",Ton mn,2012,6.963712
Agricultural Production Oilseeds Groundnut Kharif,"Annual, Ending mar Of Each Year",Ton mn,2012,5.12691
Agricultural Production Oilseeds Groundnut Rabi,"Annual, Ending mar Of Each Year",Ton mn,2012,1.836802
Agricultural Production Oilseeds Castorseed Kharif,"Annual, Ending mar Of Each Year",Ton mn,2012,2.29491
Agricultural Production Oilseeds Sesamun Kharif,"Annual, Ending mar Of Each Year",Ton mn,2012,0.810264
Agricultural Production Oilseeds Nigerseed Kharif,"Annual, Ending mar Of Each Year",Ton mn,2012,0.098084
Agricultural Production Oilseeds Rapeseed and Mustard Rabi,"Annual, Ending mar Of Each Year",Ton mn,2012,6.6037357
Agricultural Production Oilseeds Linseed Rabi,"Annual, Ending mar Of Each Year",Ton mn,2012,0.152456
Agricultural Production Oilseeds Safflower Rabi,"Annual, Ending mar Of Each Year",Ton mn,2012,0.145331
Agricultural Production Oilseeds Sunflower,"Annual, Ending mar Of Each Year",Ton mn,2012,0.516636
Agricultural Production Oilseeds Sunflower Kharif,"Annual, Ending mar Of Each Year",Ton mn,2012,0.147383
Agricultural Production Oilseeds Sunflower Rabi,"Annual, Ending mar Of Each Year",Ton mn,2012,0.369253
Agricultural Production Oilseeds Soyabean Kharif,"Annual, Ending mar Of Each Year",Ton mn,2012,12.213513
Agricultural Production Commercial Crops Cotton,"Annual, Ending mar Of Each Year",Bale mn,2012,35.2
Agricultural Production Commercial Crops Jute,"Annual, Ending mar Of Each Year",Bale mn,2012,10.73564
Agricultural Production Commercial Crops Mesta,"Annual, Ending mar Of Each Year",Bale mn,2012,0.66298
Agricultural Production Commercial Crops Jute and Mesta,"Annual, Ending mar Of Each Year",Bale mn,2012,11.39862
Agricultural Production Commercial Crops Sugarcane,"Annual, Ending mar Of Each Year",Ton mn,2012,361.036576
Agricultural Production Major Crops Target Rice,"Annual, Ending mar Of Each Year",Ton mn,2012,102.0
Agricultural Production Major Crops Target Wheat,"Annual, Ending mar Of Each Year",Ton mn,2012,84.0
Agricultural Production Major Crops Target Coarse Cereals,"Annual, Ending mar Of Each Year",Ton mn,2012,42.0
Agricultural Production Major Crops Target Pulses,"Annual, Ending mar Of Each Year",Ton mn,2012,17.0
Agricultural Production Major Crops Target Foodgrains,"Annual, Ending mar Of Each Year",Ton mn,2012,245.0
Agricultural Production Major Crops Target Oilseeds,"Annual, Ending mar Of Each Year",Ton mn,2012,33.6
Agricultural Production Major Crops Target Sugarcane,"Annual, Ending mar Of Each Year",Ton mn,2012,350.0
Agricultural Production Major Crops Target Cotton,"Annual, Ending mar Of Each Year",Ton mn,2012,34.0
Agricultural Production Major Crops Target Jute and Mesta,"Annual, Ending mar Of Each Year",Ton mn,2012,12.3
Agricultural Production Major Crops Achievements Rice,"Annual, Ending mar Of Each Year",Ton mn,2012,104.32
Agricultural Production Major Crops Achievements Wheat,"Annual, Ending mar Of Each Year",Ton mn,2012,93.9
Agricultural Production Major Crops Achievements Coarse Cereals,"Annual, Ending mar Of Each Year",Ton mn,2012,42.01
Agricultural Production Major Crops Achievements Pulses,"Annual, Ending mar Of Each Year",Ton mn,2012,17.21
Agricultural Production Major Crops Achievements Foodgrains,"Annual, Ending mar Of Each Year",Ton mn,2012,257.44
Agricultural Production Major Crops Achievements Oilseeds,"Annual, Ending mar Of Each Year",Ton mn,2012,30.01
Agricultural Production Major Crops Achievements Sugarcane,"Annual, Ending mar Of Each Year",Ton mn,2012,357.67
Agricultural Production Major Crops Achievements Cotton,"Annual, Ending mar Of Each Year",Ton mn,2012,35.2
Agricultural Production Major Crops Achievements Jute and Mesta,"Annual, Ending mar Of Each Year",Ton mn,2012,11.57
Agricultural Production Area,"Annual, Ending mar Of Each Year",ha mn,2012,124.75
Agricultural Production Volume,"Annual, Ending mar Of Each Year",Ton mn,2012,259.29
Agricultural Production Yield,"Annual, Ending mar Of Each Year",kg/ha,2012,2078.0
Agricultural Production Kharif Area,"Annual, Ending mar Of Each Year",ha mn,2012,72.08
Agricultural Production Kharif Volume,"Annual, Ending mar Of Each Year",Ton mn,2012,131.27
Agricultural Production Kharif Yield,"Annual, Ending mar Of Each Year",kg/ha,2012,1822.0
Agricultural Production Rabi Area,"Annual, Ending mar Of Each Year",ha mn,2012,52.67
Agricultural Production Rabi Volume,"Annual, Ending mar Of Each Year",Ton mn,2012,128.01
Agricultural Production Rabi Yield,"Annual, Ending mar Of Each Year",kg/ha,2012,2430.0
Agriculture Production Foodgrains Area 5 Yr Avg Foodgrains Total,"Annual, Ending mar Of Each Year",ha mn,2012,123.93
Agriculture Production Foodgrains Area 5 Yr Avg Foodgrains Kharif,"Annual, Ending mar Of Each Year",ha mn,2012,71.81
Agriculture Production Foodgrains Area 5 Yr Avg Foodgrains Rabi,"Annual, Ending mar Of Each Year",ha mn,2012,52.13
Agriculture Production Foodgrains Area 5 Yr Avg Foodgrains Coarse Cereals Total,"Annual, Ending mar Of Each Year",ha mn,2012,27.67
Agriculture Production Foodgrains Area 5 Yr Avg Foodgrains Coarse Cereals Kharif,"Annual, Ending mar Of Each Year",ha mn,2012,21.51
Agriculture Production Foodgrains Area 5 Yr Avg Foodgrains Coarse Cereals Rabi,"Annual, Ending mar Of Each Year",ha mn,2012,6.16
Agriculture Production Foodgrains Area 5 Yr Avg Foodgrains Coarse Cereals Rice Total,"Annual, Ending mar Of Each Year",ha mn,2012,43.65
Agricultural Production Foodgrains Area 5 Yr Avg Foodgrains Coarse Cereals Rice Kharif,"Annual, Ending mar Of Each Year",ha mn,2012,39.22
Agriculture Production Foodgrains Area 5 Yr Avg Foodgrains Coarse Cereals Rice Rabi,"Annual, Ending mar Of Each Year",ha mn,2012,4.43
Agriculture Production Foodgrains Area 5 Yr Avg Foodgrains Coarse Cereals Wheat Rabi,"Annual, Ending mar Of Each Year",ha mn,2012,28.64
Agriculture Production Foodgrains Area 5 Yr Avg Foodgrains Coarse Cereals Jowar Total,"Annual, Ending mar Of Each Year",ha mn,2012,7.34
Agriculture Production Foodgrains Area 5 Yr Avg Foodgrains Coarse Cereals Jowar Kharif,"Annual, Ending mar Of Each Year",ha mn,2012,3.06
Agriculture Production Foodgrains Area 5 Yr Avg Foodgrains Coarse Cereals Jowar Rabi,"Annual, Ending mar Of Each Year",ha mn,2012,4.28
Agriculture Production Foodgrains Area 5 Yr Avg Foodgrains Coarse Cereals Bajra Kharif,"Annual, Ending mar Of Each Year",ha mn,2012,9.12
Agriculture Production Foodgrains Area 5 Yr Avg Foodgrains Coarse Cereals Maize Total,"Annual, Ending mar Of Each Year",ha mn,2012,8.38
Agriculture Production Foodgrains Area 5 Yr Avg Foodgrains Coarse Cereals Maize Kharif,"Annual, Ending mar Of Each Year",ha mn,2012,7.15
Agriculture Production Foodgrains Area 5 Yr Avg Foodgrains Coarse Cereals Maize Rabi,"Annual, Ending mar Of Each Year",ha mn,2012,1.23
Agriculture Production Foodgrains Area 5 Yr Avg Foodgrains Pulses Total,"Annual, Ending mar Of Each Year",ha mn,2012,23.97
Agriculture Production Foodgrains Area 5 Yr Avg Foodgrains Pulses Kharif,"Annual, Ending mar Of Each Year",ha mn,2012,11.08
Agriculture Production Foodgrains Area 5 Yr Avg Foodgrains Pulses Rabi,"Annual, Ending mar Of Each Year",ha mn,2012,12.9
Agriculture Production Foodgrains Area 5 Yr Avg Foodgrains Pulses Tur Kharif,"Annual, Ending mar Of Each Year",ha mn,2012,3.79
Agriculture Production Foodgrains Area 5 Yr Avg Foodgrains Pulses Gram Rabi,"Annual, Ending mar Of Each Year",ha mn,2012,8.22
Agriculture Production Foodgrains Area 5 Yr Avg Oilseeds Nine Oilseeds,"Annual, Ending mar Of Each Year",ha mn,2012,26.75
Agriculture Production Foodgrains Area 5 Yr Avg Oilseeds Nine Oilseeds Groundnut,"Annual, Ending mar Of Each Year",ha mn,2012,5.81
Agriculture Production Foodgrains Area 5 Yr Avg Oilseeds Nine Oilseeds Rapeseed and Mustard Rabi,"Annual, Ending mar Of Each Year",ha mn,2012,6.1
Agriculture Production Foodgrains Area 5 Yr Avg Oilseeds Nine Oilseeds Soyabean Kharif,"Annual, Ending mar Of Each Year",ha mn,2012,9.57
Agriculture Production Foodgrains Area 5 Yr Avg Oilseeds Nine Oilseeds Sunflower,"Annual, Ending mar Of Each Year",ha mn,2012,1.37
Agriculture Production Foodgrains Area 5 Yr Avg Other Cash Crops Cotton,"Annual, Ending mar Of Each Year",ha mn,2012,10.47
Agriculture Production Foodgrains Area 5 Yr Avg Other Cash Crops Jute and Mesta,"Annual, Ending mar Of Each Year",ha mn,2012,0.91
Agriculture Production Foodgrains Area 5 Yr Avg Other Cash Crops Sugarcane,"Annual, Ending mar Of Each Year",ha mn,2012,4.71
Agriculture Production Foodgrains Production Foodgrains Total,"Annual, Ending mar Of Each Year",Ton mn,2012,237.42
Agriculture Production Foodgrains Production Foodgrains Kharif,"Annual, Ending mar Of Each Year",Ton mn,2012,119.06
Agriculture Production Foodgrains Production Foodgrains Rabi,"Annual, Ending mar Of Each Year",Ton mn,2012,118.36
Agriculture Production Foodgrains Production Foodgrains Coarse Cereals Total,"Annual, Ending mar Of Each Year",Ton mn,2012,39.95
Agriculture Production Foodgrains Production Foodgrains Coarse Cereals Kharif,"Annual, Ending mar Of Each Year",Ton mn,2012,29.96
Agriculture Production Foodgrains Production Foodgrains Coarse Cereals Rabi,"Annual, Ending mar Of Each Year",Ton mn,2012,9.99
Agriculture Production Foodgrains Production Foodgrains Coarse Cereals Rice Total,"Annual, Ending mar Of Each Year",Ton mn,2012,97.24
Agricultural Production Foodgrains Production Foodgrains Coarse Cereals Rice Kharif,"Annual, Ending mar Of Each Year",Ton mn,2012,83.41
Agriculture Production Foodgrains Production Foodgrains Coarse Cereals Rice Rabi,"Annual, Ending mar Of Each Year",Ton mn,2012,13.83
Agriculture Production Foodgrains Production Foodgrains Coarse Cereals Wheat Rabi,"Annual, Ending mar Of Each Year",Ton mn,2012,84.36
Agriculture Production Foodgrains Production Foodgrains Coarse Cereals Jowar Total,"Annual, Ending mar Of Each Year",Ton mn,2012,6.97
Agriculture Production Foodgrains Production Foodgrains Coarse Cereals Jowar Kharif,"Annual, Ending mar Of Each Year",Ton mn,2012,3.33
Agriculture Production Foodgrains Production Foodgrains Coarse Cereals Jowar Rabi,"Annual, Ending mar Of Each Year",Ton mn,2012,3.64
Agriculture Production Foodgrains Production Foodgrains Coarse Cereals Bajra Kharif,"Annual, Ending mar Of Each Year",Ton mn,2012,9.2
Agriculture Production Foodgrains Production Foodgrains Coarse Cereals Maize Total,"Annual, Ending mar Of Each Year",Ton mn,2012,19.78
Agriculture Production Foodgrains Production Foodgrains Coarse Cereals Maize Kharif,"Annual, Ending mar Of Each Year",Ton mn,2012,14.93
Agriculture Production Foodgrains Production Foodgrains Coarse Cereals Maize Rabi,"Annual, Ending mar Of Each Year",Ton mn,2012,4.85
Agriculture Production Foodgrains Production Foodgrains Pulses Total,"Annual, Ending mar Of Each Year",Ton mn,2012,15.86
Agriculture Production Foodgrains Production Foodgrains Pulses Tur Kharif,"Annual, Ending mar Of Each Year",Ton mn,2012,2.66
Agriculture Production Foodgrains Production Foodgrains Pulses Gram Rabi,"Annual, Ending mar Of Each Year",Ton mn,2012,7.24
Agriculture Production Foodgrains Production Foodgrains Pulses Kharif,"Annual, Ending mar Of Each Year",Ton mn,2012,5.69
Agriculture Production Foodgrains Production Foodgrains Pulses Rabi,"Annual, Ending mar Of Each Year",Ton mn,2012,10.17
Agriculture Production Foodgrains Production Oilseeds Nine Oilseeds,"Annual, Ending mar Of Each Year",Ton mn,2012,28.93
Agriculture Production Foodgrains Production Oilseeds Nine Oilseeds Groundnut,"Annual, Ending mar Of Each Year",Ton mn,2012,7.4
Agriculture Production Foodgrains Production Oilseeds Nine Oilseeds Rapeseed and Mustard Rabi,"Annual, Ending mar Of Each Year",Ton mn,2012,6.89
Agriculture Production Foodgrains Production Oilseeds Nine Oilseeds Soyabean Kharif,"Annual, Ending mar Of Each Year",Ton mn,2012,11.16
Agriculture Production Foodgrains Production Oilseeds Nine Oilseeds Sunflower,"Annual, Ending mar Of Each Year",Ton mn,2012,0.93
Agriculture Production Foodgrains Production Other Cash Crops Cotton,"Annual, Ending mar Of Each Year",Ton mn,2012,28.08
Agriculture Production Foodgrains Production Other Cash Crops Jute and Mesta,"Annual, Ending mar Of Each Year",Ton mn,2012,11.08
Agriculture Production Foodgrains Production Other Cash Crops Sugarcane,"Annual, Ending mar Of Each Year",Ton mn,2012,325.79
Agriculture Production Foodgrains Yield Foodgrains Total,"Annual, Ending mar Of Each Year",kg/ha,2012,1916.0
Agriculture Production Foodgrains Yield Foodgrains Kharif,"Annual, Ending mar Of Each Year",kg/ha,2012,1658.0
Agriculture Production Foodgrains Yield Foodgrains Rabi,"Annual, Ending mar Of Each Year",kg/ha,2012,2271.0
Agriculture Production Foodgrains Yield Foodgrains Coarse Cereals Total,"Annual, Ending mar Of Each Year",kg/ha,2012,1444.0
Agriculture Production Foodgrains Yield Foodgrains Coarse Cereals Kharif,"Annual, Ending mar Of Each Year",kg/ha,2012,1393.0
Agriculture Production Foodgrains Yield Foodgrains Coarse Cereals Rabi,"Annual, Ending mar Of Each Year",kg/ha,2012,1621.0
Agriculture Production Foodgrains Yield Foodgrains Coarse Cereals Rice Total,"Annual, Ending mar Of Each Year",kg/ha,2012,2228.0
Agricultural Production Foodgrains Yield Foodgrains Coarse Cereals Rice Kharif,"Annual, Ending mar Of Each Year",kg/ha,2012,2127.0
Agriculture Production Foodgrains Yield Foodgrains Coarse Cereals Rice Rabi,"Annual, Ending mar Of Each Year",kg/ha,2012,3122.0
Agriculture Production Foodgrains Yield Foodgrains Coarse Cereals Wheat Rabi,"Annual, Ending mar Of Each Year",kg/ha,2012,2946.0
Agriculture Production Foodgrains Yield Foodgrains Coarse Cereals Jowar Total,"Annual, Ending mar Of Each Year",kg/ha,2012,949.0
Agriculture Production Foodgrains Yield Foodgrains Coarse Cereals Jowar Kharif,"Annual, Ending mar Of Each Year",kg/ha,2012,1087.0
Agriculture Production Foodgrains Yield Foodgrains Coarse Cereals Jowar Rabi,"Annual, Ending mar Of Each Year",kg/ha,2012,851.0
Agriculture Production Foodgrains Yield Foodgrains Coarse Cereals Bajra Kharif,"Annual, Ending mar Of Each Year",kg/ha,2012,1009.0
Agriculture Production Foodgrains Yield Foodgrains Coarse Cereals Maize Total,"Annual, Ending mar Of Each Year",kg/ha,2012,2361.0
Agriculture Production Foodgrains Yield Foodgrains Coarse Cereals Maize Kharif,"Annual, Ending mar Of Each Year",kg/ha,2012,2089.0
Agriculture Production Foodgrains Yield Foodgrains Coarse Cereals Maize Rabi,"Annual, Ending mar Of Each Year",kg/ha,2012,3944.0
Agriculture Production Foodgrains Yield Foodgrains Pulses Total,"Annual, Ending mar Of Each Year",kg/ha,2012,662.0
Agriculture Production Foodgrains Yield Foodgrains Pulses Kharif,"Annual, Ending mar Of Each Year",kg/ha,2012,514.0
Agriculture Production Foodgrains Yield Foodgrains Pulses Rabi,"Annual, Ending mar Of Each Year",kg/ha,2012,789.0
Agriculture Production Foodgrains Yield Foodgrains Pulses Tur Kharif,"Annual, Ending mar Of Each Year",kg/ha,2012,703.0
Agriculture Production Foodgrains Yield Foodgrains Pulses Gram Rabi,"Annual, Ending mar Of Each Year",kg/ha,2012,881.0
Agriculture Production Foodgrains Yield Oilseeds Nine Oilseeds,"Annual, Ending mar Of Each Year",kg/ha,2012,1081.0
Agriculture Production Foodgrains Yield Oilseeds Nine Oilseeds Groundnut,"Annual, Ending mar Of Each Year",kg/ha,2012,1274.0
Agriculture Production Foodgrains Yield Oilseeds Nine Oilseeds Rapeseed and Mustard Rabi,"Annual, Ending mar Of Each Year",kg/ha,2012,1128.0
Agriculture Production Foodgrains Yield Oilseeds Nine Oilseeds Soyabean Kharif,"Annual, Ending mar Of Each Year",kg/ha,2012,1166.0
Agriculture Production Foodgrains Yield Oilseeds Nine Oilseeds Sunflower,"Annual, Ending mar Of Each Year",kg/ha,2012,676.0
Agriculture Production Foodgrains Yield Other Cash Crops Cotton,"Annual, Ending mar Of Each Year",kg/ha,2012,456.0
Agriculture Production Foodgrains Yield Other Cash Crops Jute and Mesta,"Annual, Ending mar Of Each Year",kg/ha,2012,2195.0
Agriculture Production Foodgrains Yield Other Cash Crops Sugarcane,"Annual, Ending mar Of Each Year",kg/ha,2012,69118.0
Agricultural Production Foodgrains Area Andhra Pradesh,"Annual, Ending mar Of Each Year",ha mn,2012,7.29
Agricultural Production Foodgrains Area Assam,"Annual, Ending mar Of Each Year",ha mn,2012,2.74
Agricultural Production Foodgrains Area Bihar,"Annual, Ending mar Of Each Year",ha mn,2012,6.7
Agricultural Production Foodgrains Area Chhattisgarh,"Annual, Ending mar Of Each Year",ha mn,2012,4.96
Agricultural Production Foodgrains Area Gujarat,"Annual, Ending mar Of Each Year",ha mn,2012,4.74
Agricultural Production Foodgrains Area Haryana,"Annual, Ending mar Of Each Year",ha mn,2012,4.63
Agricultural Production Foodgrains Area Jharkhand,"Annual, Ending mar Of Each Year",ha mn,2012,2.32
Agricultural Production Foodgrains Area Karnataka,"Annual, Ending mar Of Each Year",ha mn,2012,7.43
Agricultural Production Foodgrains Area Madhya Pradesh,"Annual, Ending mar Of Each Year",ha mn,2012,13.5
Agricultural Production Foodgrains Area Maharashtra,"Annual, Ending mar Of Each Year",ha mn,2012,10.86
Agricultural Production Foodgrains Area Orissa,"Annual, Ending mar Of Each Year",ha mn,2012,4.92
Agricultural Production Foodgrains Area Punjab,"Annual, Ending mar Of Each Year",ha mn,2012,6.51
Agricultural Production Foodgrains Area Rajasthan,"Annual, Ending mar Of Each Year",ha mn,2012,14.44
Agricultural Production Foodgrains Area Tamil Nadu,"Annual, Ending mar Of Each Year",ha mn,2012,3.21
Agricultural Production Foodgrains Area Uttar Pradesh,"Annual, Ending mar Of Each Year",ha mn,2012,20.13
Agricultural Production Foodgrains Area Uttaranchal,"Annual, Ending mar Of Each Year",ha mn,2012,0.95
Agricultural Production Foodgrains Area West Bengal,"Annual, Ending mar Of Each Year",ha mn,2012,6.04
Agricultural Production Foodgrains Area Others,"Annual, Ending mar Of Each Year",ha mn,2012,3.38
Agricultural Production Foodgrains Volume Andhra Pradesh,"Annual, Ending mar Of Each Year",Ton mn,2012,18.36
Agricultural Production Foodgrains Volume Assam,"Annual, Ending mar Of Each Year",Ton mn,2012,4.66
Agricultural Production Foodgrains Volume Bihar,"Annual, Ending mar Of Each Year",Ton mn,2012,14.05
Agricultural Production Foodgrains Volume Chhattisgarh,"Annual, Ending mar Of Each Year",Ton mn,2012,6.87
Agricultural Production Foodgrains Volume Gujarat,"Annual, Ending mar Of Each Year",Ton mn,2012,8.87
Agricultural Production Foodgrains Volume Haryana,"Annual, Ending mar Of Each Year",Ton mn,2012,17.96
Agricultural Production Foodgrains Volume Jharkhand,"Annual, Ending mar Of Each Year",Ton mn,2012,4.18
Agricultural Production Foodgrains Volume Karnataka,"Annual, Ending mar Of Each Year",Ton mn,2012,12.1
Agricultural Production Foodgrains Volume Madhya Pradesh,"Annual, Ending mar Of Each Year",Ton mn,2012,20.39
Agricultural Production Foodgrains Volume Maharashtra,"Annual, Ending mar Of Each Year",Ton mn,2012,12.54
Agricultural Production Foodgrains Volume Orissa,"Annual, Ending mar Of Each Year",Ton mn,2012,6.41
Agricultural Production Foodgrains Volume Punjab,"Annual, Ending mar Of Each Year",Ton mn,2012,28.39
Agricultural Production Foodgrains Volume Rajasthan,"Annual, Ending mar Of Each Year",Ton mn,2012,19.47
Agricultural Production Foodgrains Volume Tamil Nadu,"Annual, Ending mar Of Each Year",Ton mn,2012,10.15
Agricultural Production Foodgrains Volume Uttar Pradesh,"Annual, Ending mar Of Each Year",Ton mn,2012,50.28
Agricultural Production Foodgrains Volume Uttaranchal,"Annual, Ending mar Of Each Year",Ton mn,2012,1.85
Agricultural Production Foodgrains Volume West Bengal,"Annual, Ending mar Of Each Year",Ton mn,2012,15.99
Agricultural Production Foodgrains Volume Others,"Annual, Ending mar Of Each Year",Ton mn,2012,6.77
Agricultural Production Foodgrains Yield Andhra Pradesh,"Annual, Ending mar Of Each Year",kg/ha,2012,2519.0
Agricultural Production Foodgrains Yield Assam,"Annual, Ending mar Of Each Year",kg/ha,2012,1704.0
Agricultural Production Foodgrains Yield Bihar,"Annual, Ending mar Of Each Year",kg/ha,2012,2098.0
Agricultural Production Foodgrains Yield Chhattisgarh,"Annual, Ending mar Of Each Year",kg/ha,2012,1384.0
Agricultural Production Foodgrains Yield Gujarat,"Annual, Ending mar Of Each Year",kg/ha,2012,1874.0
Agricultural Production Foodgrains Yield Haryana,"Annual, Ending mar Of Each Year",kg/ha,2012,3879.0
Agricultural Production Foodgrains Yield Jharkhand,"Annual, Ending mar Of Each Year",kg/ha,2012,1798.0
Agricultural Production Foodgrains Yield Karnataka,"Annual, Ending mar Of Each Year",kg/ha,2012,1629.0
Agricultural Production Foodgrains Yield Madhya Pradesh,"Annual, Ending mar Of Each Year",kg/ha,2012,1510.0
Agricultural Production Foodgrains Yield Maharashtra,"Annual, Ending mar Of Each Year",kg/ha,2012,1155.0
Agricultural Production Foodgrains Yield Orissa,"Annual, Ending mar Of Each Year",kg/ha,2012,1303.0
Agricultural Production Foodgrains Yield Punjab,"Annual, Ending mar Of Each Year",kg/ha,2012,4364.0
Agricultural Production Foodgrains Yield Rajasthan,"Annual, Ending mar Of Each Year",kg/ha,2012,1348.0
Agricultural Production Foodgrains Yield Tamil Nadu,"Annual, Ending mar Of Each Year",kg/ha,2012,3162.0
Agricultural Production Foodgrains Yield Uttar Pradesh,"Annual, Ending mar Of Each Year",kg/ha,2012,2498.0
Agricultural Production Foodgrains Yield Uttaranchal,"Annual, Ending mar Of Each Year",kg/ha,2012,1945.0
Agricultural Production Foodgrains Yield West Bengal,"Annual, Ending mar Of Each Year",kg/ha,2012,2645.0
Agricultural Production Foodgrains Rice Area,"Annual, Ending mar Of Each Year",ha mn,2012,44.01
Agricultural Production Foodgrains Rice Volume,"Annual, Ending mar Of Each Year",Ton mn,2012,105.3
Agricultural Production Foodgrains Rice Yield,"Annual, Ending mar Of Each Year",kg/ha,2012,2393.0
Agricultural Production Foodgrains Rice Area Andhra Pradesh,"Annual, Ending mar Of Each Year",ha mn,2012,4.1
Agricultural Production Foodgrains Rice Area Assam,"Annual, Ending mar Of Each Year",ha mn,2012,2.54
Agricultural Production Foodgrains Rice Area Bihar,"Annual, Ending mar Of Each Year",ha mn,2012,3.32
Agricultural Production Foodgrains Rice Area Chhattisgarh,"Annual, Ending mar Of Each Year",ha mn,2012,3.77
Agricultural Production Foodgrains Rice Area Gujarat,"Annual, Ending mar Of Each Year",ha mn,2012,0.84
Agricultural Production Foodgrains Rice Area Haryana,"Annual, Ending mar Of Each Year",ha mn,2012,1.24
Agricultural Production Foodgrains Rice Area Jharkland,"Annual, Ending mar Of Each Year",ha mn,2012,1.47
Agricultural Production Foodgrains Rice Area Karnataka,"Annual, Ending mar Of Each Year",ha mn,2012,1.42
Agricultural Production Foodgrains Rice Area Kerala,"Annual, Ending mar Of Each Year",ha mn,2012,0.21
Agricultural Production Foodgrains Rice Area Madhya Pradesh,"Annual, Ending mar Of Each Year",ha mn,2012,1.66
Agricultural Production Foodgrains Rice Area Maharashtra,"Annual, Ending mar Of Each Year",ha mn,2012,1.54
Agricultural Production Foodgrains Rice Area Orissa,"Annual, Ending mar Of Each Year",ha mn,2012,4.0
Agricultural Production Foodgrains Rice Area Punjab,"Annual, Ending mar Of Each Year",ha mn,2012,2.82
Agricultural Production Foodgrains Rice Area Tamil Nadu,"Annual, Ending mar Of Each Year",ha mn,2012,1.9
Agricultural Production Foodgrains Rice Area Uttar Pradesh,"Annual, Ending mar Of Each Year",ha mn,2012,5.95
Agricultural Production Foodgrains Rice Area West Bengal,"Annual, Ending mar Of Each Year",ha mn,2012,5.43
Agricultural Production Foodgrains Rice Area Others,"Annual, Ending mar Of Each Year",ha mn,2012,1.8
Agricultural Production Foodgrains Rice Volume Andhra Pradesh,"Annual, Ending mar Of Each Year",Ton th,2012,12900.0
Agricultural Production Foodgrains Rice Volume Assam,"Annual, Ending mar Of Each Year",Ton th,2012,4520.0
Agricultural Production Foodgrains Rice Volume Bihar,"Annual, Ending mar Of Each Year",Ton th,2012,7160.0
Agricultural Production Foodgrains Rice Volume Chhattisgarh,"Annual, Ending mar Of Each Year",Ton th,2012,6030.0
Agricultural Production Foodgrains Rice Volume Gujarat,"Annual, Ending mar Of Each Year",Ton th,2012,1790.0
Agricultural Production Foodgrains Rice Volume Haryana,"Annual, Ending mar Of Each Year",Ton th,2012,3760.0
Agricultural Production Foodgrains Rice Volume Himachal Pradesh,"Annual, Ending mar Of Each Year",Ton th,2012,131.6
Agricultural Production Foodgrains Rice Volume Jammu and Kashmir,"Annual, Ending mar Of Each Year",Ton th,2012,544.7
Agricultural Production Foodgrains Rice Volume Jharkhand,"Annual, Ending mar Of Each Year",Ton th,2012,3130.0
Agricultural Production Foodgrains Rice Volume Karnataka,"Annual, Ending mar Of Each Year",Ton th,2012,3960.0
Agricultural Production Foodgrains Rice Volume Kerala,"Annual, Ending mar Of Each Year",Ton th,2012,570.0
Agricultural Production Foodgrains Rice Volume Madhya Pradesh,"Annual, Ending mar Of Each Year",Ton th,2012,2230.0
Agricultural Production Foodgrains Rice Volume Maharashtra,"Annual, Ending mar Of Each Year",Ton th,2012,2840.0
Agricultural Production Foodgrains Rice Volume Orissa,"Annual, Ending mar Of Each Year",Ton th,2012,6830.0
Agricultural Production Foodgrains Rice Volume Punjab,"Annual, Ending mar Of Each Year",Ton th,2012,10540.0
Agricultural Production Foodgrains Rice Volume Rajasthan,"Annual, Ending mar Of Each Year",Ton th,2012,253.4
Agricultural Production Foodgrains Rice Volume Tamil Nadu,"Annual, Ending mar Of Each Year",Ton th,2012,7460.0
Agricultural Production Foodgrains Rice Volume Uttar Pradesh,"Annual, Ending mar Of Each Year",Ton th,2012,14020.0
Agricultural Production Foodgrains Rice Volume Uttaranchal,"Annual, Ending mar Of Each Year",Ton th,2012,599.0
Agricultural Production Foodgrains Rice Volume West Bengal,"Annual, Ending mar Of Each Year",Ton th,2012,14610.0
Agricultural Production Foodgrains Rice Yield Andhra Pradesh,"Annual, Ending mar Of Each Year",kg/ha,2012,3146.0
Agricultural Production Foodgrains Rice Yield Assam,"Annual, Ending mar Of Each Year",kg/ha,2012,1780.0
Agricultural Production Foodgrains Rice Yield Bihar,"Annual, Ending mar Of Each Year",kg/ha,2012,2157.0
Agricultural Production Foodgrains Rice Yield Chhattisgarh,"Annual, Ending mar Of Each Year",kg/ha,2012,1599.0
Agricultural Production Foodgrains Rice Yield Gujarat,"Annual, Ending mar Of Each Year",kg/ha,2012,2131.0
Agricultural Production Foodgrains Rice Yield Haryana,"Annual, Ending mar Of Each Year",kg/ha,2012,3032.0
Agricultural Production Foodgrains Rice Yield Jharkland,"Annual, Ending mar Of Each Year",kg/ha,2012,2129.0
Agricultural Production Foodgrains Rice Yield Karnataka,"Annual, Ending mar Of Each Year",kg/ha,2012,2789.0
Agricultural Production Foodgrains Rice Yield Kerala,"Annual, Ending mar Of Each Year",kg/ha,2012,2714.0
Agricultural Production Foodgrains Rice Yield Madhya Pradesh,"Annual, Ending mar Of Each Year",kg/ha,2012,1343.0
Agricultural Production Foodgrains Rice Yield Maharashtra,"Annual, Ending mar Of Each Year",kg/ha,2012,1844.0
Agricultural Production Foodgrains Rice Yield Orissa,"Annual, Ending mar Of Each Year",kg/ha,2012,1708.0
Agricultural Production Foodgrains Rice Yield Punjab,"Annual, Ending mar Of Each Year",kg/ha,2012,3738.0
Agricultural Production Foodgrains Rice Yield Tamil Nadu,"Annual, Ending mar Of Each Year",kg/ha,2012,3926.0
Agricultural Production Foodgrains Rice Yield Uttar Pradesh,"Annual, Ending mar Of Each Year",kg/ha,2012,2356.0
Agricultural Production Foodgrains Rice Yield West Bengal,"Annual, Ending mar Of Each Year",kg/ha,2012,2691.0
Agricultural Production Foodgrains Wheat Area,"Annual, Ending mar Of Each Year",ha mn,2012,29.86
Agricultural Production Foodgrains Wheat Volume,"Annual, Ending mar Of Each Year",Ton mn,2012,94.88
Agricultural Production Foodgrains Wheat Yield,"Annual, Ending mar Of Each Year",kg/ha,2012,3131.0
Agricultural Production Foodgrains Wheat Area Assam,"Annual, Ending mar Of Each Year",ha mn,2012,0.05
Agricultural Production Foodgrains Wheat Area Bihar,"Annual, Ending mar Of Each Year",ha mn,2012,2.14
Agricultural Production Foodgrains Wheat Area Gujarat,"Annual, Ending mar Of Each Year",ha mn,2012,1.35
Agricultural Production Foodgrains Wheat Area Haryana,"Annual, Ending mar Of Each Year",ha mn,2012,2.52
Agricultural Production Foodgrains Wheat Area Himachal Pradesh,"Annual, Ending mar Of Each Year",ha mn,2012,0.36
Agricultural Production Foodgrains Wheat Area Jammu and Kashmir,"Annual, Ending mar Of Each Year",ha mn,2012,0.3
Agricultural Production Foodgrains Wheat Area Jharkhand,"Annual, Ending mar Of Each Year",ha mn,2012,0.16
Agricultural Production Foodgrains Wheat Area Karnataka,"Annual, Ending mar Of Each Year",ha mn,2012,0.23
Agricultural Production Foodgrains Wheat Area Madhya Pradesh,"Annual, Ending mar Of Each Year",ha mn,2012,4.89
Agricultural Production Foodgrains Wheat Area Maharashtra,"Annual, Ending mar Of Each Year",ha mn,2012,0.84
Agricultural Production Foodgrains Wheat Area Punjab,"Annual, Ending mar Of Each Year",ha mn,2012,3.53
Agricultural Production Foodgrains Wheat Area Rajasthan,"Annual, Ending mar Of Each Year",ha mn,2012,2.94
Agricultural Production Foodgrains Wheat Area Uttar Pradesh,"Annual, Ending mar Of Each Year",ha mn,2012,9.73
Agricultural Production Foodgrains Wheat Area Uttaranchal,"Annual, Ending mar Of Each Year",ha mn,2012,0.37
Agricultural Production Foodgrains Wheat Area West Bengal,"Annual, Ending mar Of Each Year",ha mn,2012,0.32
Agricultural Production Foodgrains Wheat Area Others,"Annual, Ending mar Of Each Year",ha mn,2012,0.13
Agricultural Production Foodgrains Wheat Volume Assam,"Annual, Ending mar Of Each Year",Ton th,2012,60.0
Agricultural Production Foodgrains Wheat Volume Bihar,"Annual, Ending mar Of Each Year",Ton th,2012,4730.0
Agricultural Production Foodgrains Wheat Volume Chhattisgarh,"Annual, Ending mar Of Each Year",Ton th,2012,128.6
Agricultural Production Foodgrains Wheat Volume Gujarat,"Annual, Ending mar Of Each Year",Ton th,2012,4070.0
Agricultural Production Foodgrains Wheat Volume Haryana,"Annual, Ending mar Of Each Year",Ton th,2012,12690.0
Agricultural Production Foodgrains Wheat Volume Himachal Pradesh,"Annual, Ending mar Of Each Year",Ton th,2012,600.0
Agricultural Production Foodgrains Wheat Volume Jammu and Kashmir,"Annual, Ending mar Of Each Year",Ton th,2012,500.0
Agricultural Production Foodgrains Wheat Volume Jharkhand,"Annual, Ending mar Of Each Year",Ton th,2012,300.0
Agricultural Production Foodgrains Wheat Volume Karnataka,"Annual, Ending mar Of Each Year",Ton th,2012,190.0
Agricultural Production Foodgrains Wheat Volume Madhya Pradesh,"Annual, Ending mar Of Each Year",Ton th,2012,11540.0
Agricultural Production Foodgrains Wheat Volume Maharashtra,"Annual, Ending mar Of Each Year",Ton th,2012,1310.0
Agricultural Production Foodgrains Wheat Volume Orissa,"Annual, Ending mar Of Each Year",Ton th,2012,2.7
Agricultural Production Foodgrains Wheat Volume Punjab,"Annual, Ending mar Of Each Year",Ton th,2012,17280.0
Agricultural Production Foodgrains Wheat Volume Rajasthan,"Annual, Ending mar Of Each Year",Ton th,2012,9320.0
Agricultural Production Foodgrains Wheat Volume Uttar Pradesh,"Annual, Ending mar Of Each Year",Ton th,2012,30290.0
Agricultural Production Foodgrains Wheat Volume Uttaranchal,"Annual, Ending mar Of Each Year",Ton th,2012,880.0
Agricultural Production Foodgrains Wheat Volume West Bengal,"Annual, Ending mar Of Each Year",Ton th,2012,870.0
Agricultural Production Foodgrains Wheat Yield Assam,"Annual, Ending mar Of Each Year",kg/ha,2012,1147.0
Agricultural Production Foodgrains Wheat Yield Bihar,"Annual, Ending mar Of Each Year",kg/ha,2012,2206.0
Agricultural Production Foodgrains Wheat Yield Gujarat,"Annual, Ending mar Of Each Year",kg/ha,2012,3014.0
Agricultural Production Foodgrains Wheat Yield Haryana,"Annual, Ending mar Of Each Year",kg/ha,2012,5030.0
Agricultural Production Foodgrains Wheat Yield Himachal Pradesh,"Annual, Ending mar Of Each Year",kg/ha,2012,1671.0
Agricultural Production Foodgrains Wheat Yield Jammu and Kashmir,"Annual, Ending mar Of Each Year",kg/ha,2012,1689.0
Agricultural Production Foodgrains Wheat Yield Jharkhand,"Annual, Ending mar Of Each Year",kg/ha,2012,1908.0
Agricultural Production Foodgrains Wheat Yield Karnataka,"Annual, Ending mar Of Each Year",kg/ha,2012,858.0
Agricultural Production Foodgrains Wheat Yield Madhya Pradesh,"Annual, Ending mar Of Each Year",kg/ha,2012,2360.0
Agricultural Production Foodgrains Wheat Yield Maharashtra,"Annual, Ending mar Of Each Year",kg/ha,2012,1558.0
Agricultural Production Foodgrains Wheat Yield Punjab,"Annual, Ending mar Of Each Year",kg/ha,2012,4898.0
Agricultural Production Foodgrains Wheat Yield Rajasthan,"Annual, Ending mar Of Each Year",kg/ha,2012,3175.0
Agricultural Production Foodgrains Wheat Yield Uttar Pradesh,"Annual, Ending mar Of Each Year",kg/ha,2012,3113.0
Agricultural Production Foodgrains Wheat Yield Uttaranchal,"Annual, Ending mar Of Each Year",kg/ha,2012,2379.0
Agricultural Production Foodgrains Wheat Yield West Bengal,"Annual, Ending mar Of Each Year",kg/ha,2012,2765.0
Agricultural Production Foodgrains Coarse Cereals Area,"Annual, Ending mar Of Each Year",ha mn,2012,26.42
Agricultural Production Foodgrains Coarse Cereals Volume,"Annual, Ending mar Of Each Year",Ton mn,2012,42.01
Agricultural Production Foodgrains Coarse Cereals Yield,"Annual, Ending mar Of Each Year",kg/ha,2012,1590.0
Agricultural Production Foodgrains Coarse Cereals Area Andhra Pradesh,"Annual, Ending mar Of Each Year",ha mn,2012,1.25
Agricultural Production Foodgrains Coarse Cereals Area Bihar,"Annual, Ending mar Of Each Year",ha mn,2012,0.71
Agricultural Production Foodgrains Coarse Cereals Area Chhattisgarh,"Annual, Ending mar Of Each Year",ha mn,2012,0.27
Agricultural Production Foodgrains Coarse Cereals Area Gujarat,"Annual, Ending mar Of Each Year",ha mn,2012,1.59
Agricultural Production Foodgrains Coarse Cereals Area Haryana,"Annual, Ending mar Of Each Year",ha mn,2012,0.69
Agricultural Production Foodgrains Coarse Cereals Area Himachal Pradesh,"Annual, Ending mar Of Each Year",ha mn,2012,0.32
Agricultural Production Foodgrains Coarse Cereals Area Jammu and Kashmir,"Annual, Ending mar Of Each Year",ha mn,2012,0.35
Agricultural Production Foodgrains Coarse Cereals Area Jharkhand,"Annual, Ending mar Of Each Year",ha mn,2012,0.23
Agricultural Production Foodgrains Coarse Cereals Area Karnataka,"Annual, Ending mar Of Each Year",ha mn,2012,3.48
Agricultural Production Foodgrains Coarse Cereals Area Madhya Pradesh,"Annual, Ending mar Of Each Year",ha mn,2012,1.77
Agricultural Production Foodgrains Coarse Cereals Area Maharashtra,"Annual, Ending mar Of Each Year",ha mn,2012,5.2
Agricultural Production Foodgrains Coarse Cereals Area Orissa,"Annual, Ending mar Of Each Year",ha mn,2012,0.19
Agricultural Production Foodgrains Coarse Cereals Area Punjab,"Annual, Ending mar Of Each Year",ha mn,2012,0.14
Agricultural Production Foodgrains Coarse Cereals Area Rajasthan,"Annual, Ending mar Of Each Year",ha mn,2012,6.91
Agricultural Production Foodgrains Coarse Cereals Area Tamil Nadu,"Annual, Ending mar Of Each Year",ha mn,2012,0.64
Agricultural Production Foodgrains Coarse Cereals Area Uttar Pradesh,"Annual, Ending mar Of Each Year",ha mn,2012,2.03
Agricultural Production Foodgrains Coarse Cereals Area Uttaranchal,"Annual, Ending mar Of Each Year",ha mn,2012,0.25
Agricultural Production Foodgrains Coarse Cereals Area West Bengal,"Annual, Ending mar Of Each Year",ha mn,2012,0.11
Agricultural Production Foodgrains Coarse Cereals Area Others,"Annual, Ending mar Of Each Year",ha mn,2012,0.29
Agricultural Production Foodgrains Coarse Cereals Volume Andhra Pradesh,"Annual, Ending mar Of Each Year",Ton th,2012,4230.0
Agricultural Production Foodgrains Coarse Cereals Volume Assam,"Annual, Ending mar Of Each Year",Ton th,2012,16.0
Agricultural Production Foodgrains Coarse Cereals Volume Bihar,"Annual, Ending mar Of Each Year",Ton th,2012,1650.0
Agricultural Production Foodgrains Coarse Cereals Volume Chhattisgarh,"Annual, Ending mar Of Each Year",Ton th,2012,210.0
Agricultural Production Foodgrains Coarse Cereals Volume Gujarat,"Annual, Ending mar Of Each Year",Ton th,2012,2230.0
Agricultural Production Foodgrains Coarse Cereals Volume Haryana,"Annual, Ending mar Of Each Year",Ton th,2012,1390.0
Agricultural Production Foodgrains Coarse Cereals Volume Himachal Pradesh,"Annual, Ending mar Of Each Year",Ton th,2012,750.0
Agricultural Production Foodgrains Coarse Cereals Volume Jammu and Kashmir,"Annual, Ending mar Of Each Year",Ton th,2012,530.0
Agricultural Production Foodgrains Coarse Cereals Volume Jharkhand,"Annual, Ending mar Of Each Year",Ton th,2012,330.0
Agricultural Production Foodgrains Coarse Cereals Volume Karnataka,"Annual, Ending mar Of Each Year",Ton th,2012,6810.0
Agricultural Production Foodgrains Coarse Cereals Volume Kerala,"Annual, Ending mar Of Each Year",Ton th,2012,0.6
Agricultural Production Foodgrains Coarse Cereals Volume Madhya Pradesh,"Annual, Ending mar Of Each Year",Ton th,2012,2470.0
Agricultural Production Foodgrains Coarse Cereals Volume Maharashtra,"Annual, Ending mar Of Each Year",Ton th,2012,6120.0
Agricultural Production Foodgrains Coarse Cereals Volume Orissa,"Annual, Ending mar Of Each Year",Ton th,2012,260.0
Agricultural Production Foodgrains Coarse Cereals Volume Punjab,"Annual, Ending mar Of Each Year",Ton th,2012,550.0
Agricultural Production Foodgrains Coarse Cereals Volume Rajasthan,"Annual, Ending mar Of Each Year",Ton th,2012,7460.0
Agricultural Production Foodgrains Coarse Cereals Volume Tamil Nadu,"Annual, Ending mar Of Each Year",Ton th,2012,2320.0
Agricultural Production Foodgrains Coarse Cereals Volume Uttar Pradesh,"Annual, Ending mar Of Each Year",Ton th,2012,3570.0
Agricultural Production Foodgrains Coarse Cereals Volume Uttaranchal,"Annual, Ending mar Of Each Year",Ton th,2012,330.0
Agricultural Production Foodgrains Coarse Cereals Volume West Bengal,"Annual, Ending mar Of Each Year",Ton th,2012,380.0
Agricultural Production Foodgrains Coarse Cereals Yield Andhra Pradesh,"Annual, Ending mar Of Each Year",kg/ha,2012,3384.0
Agricultural Production Foodgrains Coarse Cereals Yield Bihar,"Annual, Ending mar Of Each Year",kg/ha,2012,2324.0
Agricultural Production Foodgrains Coarse Cereals Yield Chhattisgarh,"Annual, Ending mar Of Each Year",kg/ha,2012,778.0
Agricultural Production Foodgrains Coarse Cereals Yield Gujarat,"Annual, Ending mar Of Each Year",kg/ha,2012,1403.0
Agricultural Production Foodgrains Coarse Cereals Yield Haryana,"Annual, Ending mar Of Each Year",kg/ha,2012,2014.0
Agricultural Production Foodgrains Coarse Cereals Yield Himachal Pradesh,"Annual, Ending mar Of Each Year",kg/ha,2012,2344.0
Agricultural Production Foodgrains Coarse Cereals Yield Jammu and Kashmir,"Annual, Ending mar Of Each Year",kg/ha,2012,1514.0
Agricultural Production Foodgrains Coarse Cereals Yield Jharkhand,"Annual, Ending mar Of Each Year",kg/ha,2012,1435.0
Agricultural Production Foodgrains Coarse Cereals Yield Karnataka,"Annual, Ending mar Of Each Year",kg/ha,2012,1957.0
Agricultural Production Foodgrains Coarse Cereals Yield Madhya Pradesh,"Annual, Ending mar Of Each Year",kg/ha,2012,1395.0
Agricultural Production Foodgrains Coarse Cereals Yield Maharashtra,"Annual, Ending mar Of Each Year",kg/ha,2012,1177.0
Agricultural Production Foodgrains Coarse Cereals Yield Orissa,"Annual, Ending mar Of Each Year",kg/ha,2012,1368.0
Agricultural Production Foodgrains Coarse Cereals Yield Punjab,"Annual, Ending mar Of Each Year",kg/ha,2012,3929.0
Agricultural Production Foodgrains Coarse Cereals Yield Rajasthan,"Annual, Ending mar Of Each Year",kg/ha,2012,1080.0
Agricultural Production Foodgrains Coarse Cereals Yield Tamil Nadu,"Annual, Ending mar Of Each Year",kg/ha,2012,3625.0
Agricultural Production Foodgrains Coarse Cereals Yield Uttar Pradesh,"Annual, Ending mar Of Each Year",kg/ha,2012,1759.0
Agricultural Production Foodgrains Coarse Cereals Yield Uttaranchal,"Annual, Ending mar Of Each Year",kg/ha,2012,1320.0
Agricultural Production Foodgrains Coarse Cereals Yield West Bengal,"Annual, Ending mar Of Each Year",kg/ha,2012,3455.0
Agricultural Production Foodgrains,"Annual, Ending mar Of Each Year",Ton mn,2013,257.13
Agricultural Production Foodgrains Kharif,"Annual, Ending mar Of Each Year",Ton mn,2013,128.07
Agricultural Production Foodgrains Rabi,"Annual, Ending mar Of Each Year",Ton mn,2013,129.06
Agricultural Production Foodgrains Rice,"Annual, Ending mar Of Each Year",Ton mn,2013,105.24
Agricultural Production Foodgrains Rice Kharif,"Annual, Ending mar Of Each Year",Ton mn,2013,92.37
Agricultural Production Foodgrains Rice Rabi,"Annual, Ending mar Of Each Year",Ton mn,2013,12.87
Agricultural Production Foodgrains Wheat Rabi,"Annual, Ending mar Of Each Year",Ton mn,2013,93.51
Agricultural Production Foodgrains Jowar,"Annual, Ending mar Of Each Year",Ton mn,2013,5.28
Agricultural Production Foodgrains Jowar Kharif,"Annual, Ending mar Of Each Year",Ton mn,2013,2.84
Agricultural Production Foodgrains Jowar Rabi,"Annual, Ending mar Of Each Year",Ton mn,2013,2.44
Agricultural Production Foodgrains Bajra Kharif,"Annual, Ending mar Of Each Year",Ton mn,2013,8.74
Agricultural Production Foodgrains Maize,"Annual, Ending mar Of Each Year",Ton mn,2013,22.26
Agricultural Production Foodgrains Maize Kharif,"Annual, Ending mar Of Each Year",Ton mn,2013,16.19
Agricultural Production Foodgrains Maize Rabi,"Annual, Ending mar Of Each Year",Ton mn,2013,6.06
Agricultural Production Foodgrains Ragi Kharif,"Annual, Ending mar Of Each Year",Ton mn,2013,1.57
Agricultural Production Foodgrains Small Millets Kharif,"Annual, Ending mar Of Each Year",Ton mn,2013,0.44
Agricultural Production Foodgrains Barley Rabi,"Annual, Ending mar Of Each Year",Ton mn,2013,1.75
Agricultural Production Foodgrains Coarse Cereals,"Annual, Ending mar Of Each Year",Ton mn,2013,40.04
Agricultural Production Foodgrains Coarse Cereals Kharif,"Annual, Ending mar Of Each Year",Ton mn,2013,29.79
Agricultural Production Foodgrains Coarse Cereals Rabi,"Annual, Ending mar Of Each Year",Ton mn,2013,10.25
Agricultural Production Foodgrains Cereals,"Annual, Ending mar Of Each Year",Ton mn,2013,238.79
Agricultural Production Foodgrains Cereals Kharif,"Annual, Ending mar Of Each Year",Ton mn,2013,122.16
Agricultural Production Foodgrains Cereals Rabi,"Annual, Ending mar Of Each Year",Ton mn,2013,116.63
Agricultural Production Foodgrains Tur Kharif,"Annual, Ending mar Of Each Year",Ton mn,2013,3.02
Agricultural Production Foodgrains Other Kharif Pulses Kharif,"Annual, Ending mar Of Each Year",Ton mn,2013,0.62
Agricultural Production Foodgrains Gram Rabi,"Annual, Ending mar Of Each Year",Ton mn,2013,8.83
Agricultural Production Foodgrains Other Kharif Pulses Rabi,"Annual, Ending mar Of Each Year",Ton mn,2013,2.73
Agricultural Production Foodgrains Pulses,"Annual, Ending mar Of Each Year",Ton mn,2013,18.34
Agricultural Production Foodgrains Pulses Kharif,"Annual, Ending mar Of Each Year",Ton mn,2013,5.91
Agricultural Production Foodgrains Pulses Rabi,"Annual, Ending mar Of Each Year",Ton mn,2013,12.43
Agricultural Production Oilseeds,"Annual, Ending mar Of Each Year",Ton mn,2013,30.943
Agricultural Production Oilseeds Kharif,"Annual, Ending mar Of Each Year",Ton mn,2013,20.791
Agricultural Production Oilseeds Rabi,"Annual, Ending mar Of Each Year",Ton mn,2013,10.152
Agricultural Production Oilseeds Groundnut,"Annual, Ending mar Of Each Year",Ton mn,2013,4.695
Agricultural Production Oilseeds Groundnut Kharif,"Annual, Ending mar Of Each Year",Ton mn,2013,3.187
Agricultural Production Oilseeds Groundnut Rabi,"Annual, Ending mar Of Each Year",Ton mn,2013,1.508
Agricultural Production Oilseeds Castorseed Kharif,"Annual, Ending mar Of Each Year",Ton mn,2013,1.964
Agricultural Production Oilseeds Sesamun Kharif,"Annual, Ending mar Of Each Year",Ton mn,2013,0.685
Agricultural Production Oilseeds Nigerseed Kharif,"Annual, Ending mar Of Each Year",Ton mn,2013,0.102
Agricultural Production Oilseeds Rapeseed and Mustard Rabi,"Annual, Ending mar Of Each Year",Ton mn,2013,8.029
Agricultural Production Oilseeds Linseed Rabi,"Annual, Ending mar Of Each Year",Ton mn,2013,0.149
Agricultural Production Oilseeds Safflower Rabi,"Annual, Ending mar Of Each Year",Ton mn,2013,0.109
Agricultural Production Oilseeds Sunflower,"Annual, Ending mar Of Each Year",Ton mn,2013,0.544
Agricultural Production Oilseeds Sunflower Kharif,"Annual, Ending mar Of Each Year",Ton mn,2013,0.187
Agricultural Production Oilseeds Sunflower Rabi,"Annual, Ending mar Of Each Year",Ton mn,2013,0.357
Agricultural Production Oilseeds Soyabean Kharif,"Annual, Ending mar Of Each Year",Ton mn,2013,14.666
Agricultural Production Commercial Crops Cotton,"Annual, Ending mar Of Each Year",Bale mn,2013,34.22
Agricultural Production Commercial Crops Jute,"Annual, Ending mar Of Each Year",Bale mn,2013,10.34
Agricultural Production Commercial Crops Mesta,"Annual, Ending mar Of Each Year",Bale mn,2013,0.59
Agricultural Production Commercial Crops Jute and Mesta,"Annual, Ending mar Of Each Year",Bale mn,2013,10.93
Agricultural Production Commercial Crops Sugarcane,"Annual, Ending mar Of Each Year",Ton mn,2013,341.2
Agricultural Production Major Crops Target Rice,"Annual, Ending mar Of Each Year",Ton mn,2013,104.0
Agricultural Production Major Crops Target Wheat,"Annual, Ending mar Of Each Year",Ton mn,2013,88.0
Agricultural Production Major Crops Target Coarse Cereals,"Annual, Ending mar Of Each Year",Ton mn,2013,44.0
Agricultural Production Major Crops Target Pulses,"Annual, Ending mar Of Each Year",Ton mn,2013,18.24
Agricultural Production Major Crops Target Foodgrains,"Annual, Ending mar Of Each Year",Ton mn,2013,254.24
Agricultural Production Major Crops Target Oilseeds,"Annual, Ending mar Of Each Year",Ton mn,2013,33.5
Agricultural Production Major Crops Target Sugarcane,"Annual, Ending mar Of Each Year",Ton mn,2013,352.0
Agricultural Production Major Crops Target Cotton,"Annual, Ending mar Of Each Year",Ton mn,2013,35.0
Agricultural Production Major Crops Target Jute and Mesta,"Annual, Ending mar Of Each Year",Ton mn,2013,12.0
Agricultural Production Major Crops Achievements Rice,"Annual, Ending mar Of Each Year",Ton mn,2013,104.4
Agricultural Production Major Crops Achievements Wheat,"Annual, Ending mar Of Each Year",Ton mn,2013,92.46
Agricultural Production Major Crops Achievements Coarse Cereals,"Annual, Ending mar Of Each Year",Ton mn,2013,40.06
Agricultural Production Major Crops Achievements Pulses,"Annual, Ending mar Of Each Year",Ton mn,2013,18.45
Agricultural Production Major Crops Achievements Foodgrains,"Annual, Ending mar Of Each Year",Ton mn,2013,255.36
Agricultural Production Major Crops Achievements Oilseeds,"Annual, Ending mar Of Each Year",Ton mn,2013,31.01
Agricultural Production Major Crops Achievements Sugarcane,"Annual, Ending mar Of Each Year",Ton mn,2013,338.96
Agricultural Production Major Crops Achievements Cotton,"Annual, Ending mar Of Each Year",Ton mn,2013,34.0
Agricultural Production Major Crops Achievements Jute and Mesta,"Annual, Ending mar Of Each Year",Ton mn,2013,11.3
Agricultural Production Area,"Annual, Ending mar Of Each Year",ha mn,2013,120.8
Agricultural Production Volume,"Annual, Ending mar Of Each Year",Ton mn,2013,255.36
Agricultural Production Yield,"Annual, Ending mar Of Each Year",kg/ha,2013,2128.0
Agricultural Production Kharif Area,"Annual, Ending mar Of Each Year",ha mn,2013,67.7
Agricultural Production Kharif Volume,"Annual, Ending mar Of Each Year",Ton mn,2013,128.2
Agricultural Production Kharif Yield,"Annual, Ending mar Of Each Year",kg/ha,2013,1892.0
Agricultural Production Rabi Area,"Annual, Ending mar Of Each Year",ha mn,2013,53.1
Agricultural Production Rabi Volume,"Annual, Ending mar Of Each Year",Ton mn,2013,127.16
Agricultural Production Rabi Yield,"Annual, Ending mar Of Each Year",kg/ha,2013,2431.0
Agricultural Production Foodgrains Area Andhra Pradesh,"Annual, Ending mar Of Each Year",ha mn,2013,6.85
Agricultural Production Foodgrains Area Assam,"Annual, Ending mar Of Each Year",ha mn,2013,2.52
Agricultural Production Foodgrains Area Bihar,"Annual, Ending mar Of Each Year",ha mn,2013,6.71
Agricultural Production Foodgrains Area Chhattisgarh,"Annual, Ending mar Of Each Year",ha mn,2013,5.04
Agricultural Production Foodgrains Area Gujarat,"Annual, Ending mar Of Each Year",ha mn,2013,3.68
Agricultural Production Foodgrains Area Haryana,"Annual, Ending mar Of Each Year",ha mn,2013,4.39
Agricultural Production Foodgrains Area Jharkhand,"Annual, Ending mar Of Each Year",ha mn,2013,2.31
Agricultural Production Foodgrains Area Karnataka,"Annual, Ending mar Of Each Year",ha mn,2013,7.42
Agricultural Production Foodgrains Area Madhya Pradesh,"Annual, Ending mar Of Each Year",ha mn,2013,14.13
Agricultural Production Foodgrains Area Maharashtra,"Annual, Ending mar Of Each Year",ha mn,2013,10.11
Agricultural Production Foodgrains Area Orissa,"Annual, Ending mar Of Each Year",ha mn,2013,5.04
Agricultural Production Foodgrains Area Punjab,"Annual, Ending mar Of Each Year",ha mn,2013,6.59
Agricultural Production Foodgrains Area Rajasthan,"Annual, Ending mar Of Each Year",ha mn,2013,12.17
Agricultural Production Foodgrains Area Tamil Nadu,"Annual, Ending mar Of Each Year",ha mn,2013,2.89
Agricultural Production Foodgrains Area Uttar Pradesh,"Annual, Ending mar Of Each Year",ha mn,2013,19.96
Agricultural Production Foodgrains Area Uttaranchal,"Annual, Ending mar Of Each Year",ha mn,2013,0.93
Agricultural Production Foodgrains Area West Bengal,"Annual, Ending mar Of Each Year",ha mn,2013,6.09
Agricultural Production Foodgrains Area Others,"Annual, Ending mar Of Each Year",ha mn,2013,3.33
Agricultural Production Foodgrains Volume Andhra Pradesh,"Annual, Ending mar Of Each Year",Ton mn,2013,17.93
Agricultural Production Foodgrains Volume Assam,"Annual, Ending mar Of Each Year",Ton mn,2013,4.76
Agricultural Production Foodgrains Volume Bihar,"Annual, Ending mar Of Each Year",Ton mn,2013,15.62
Agricultural Production Foodgrains Volume Chhattisgarh,"Annual, Ending mar Of Each Year",Ton mn,2013,7.63
Agricultural Production Foodgrains Volume Gujarat,"Annual, Ending mar Of Each Year",Ton mn,2013,7.32
Agricultural Production Foodgrains Volume Haryana,"Annual, Ending mar Of Each Year",Ton mn,2013,16.22
Agricultural Production Foodgrains Volume Jharkhand,"Annual, Ending mar Of Each Year",Ton mn,2013,4.3
Agricultural Production Foodgrains Volume Karnataka,"Annual, Ending mar Of Each Year",Ton mn,2013,10.93
Agricultural Production Foodgrains Volume Madhya Pradesh,"Annual, Ending mar Of Each Year",Ton mn,2013,23.42
Agricultural Production Foodgrains Volume Maharashtra,"Annual, Ending mar Of Each Year",Ton mn,2013,10.69
Agricultural Production Foodgrains Volume Orissa,"Annual, Ending mar Of Each Year",Ton mn,2013,8.35
Agricultural Production Foodgrains Volume Punjab,"Annual, Ending mar Of Each Year",Ton mn,2013,28.07
Agricultural Production Foodgrains Volume Rajasthan,"Annual, Ending mar Of Each Year",Ton mn,2013,18.03
Agricultural Production Foodgrains Volume Tamil Nadu,"Annual, Ending mar Of Each Year",Ton mn,2013,6.29
Agricultural Production Foodgrains Volume Uttar Pradesh,"Annual, Ending mar Of Each Year",Ton mn,2013,50.84
Agricultural Production Foodgrains Volume Uttaranchal,"Annual, Ending mar Of Each Year",Ton mn,2013,1.8
Agricultural Production Foodgrains Volume West Bengal,"Annual, Ending mar Of Each Year",Ton mn,2013,16.51
Agricultural Production Foodgrains Volume Others,"Annual, Ending mar Of Each Year",Ton mn,2013,6.64
Agricultural Production Foodgrains Yield Andhra Pradesh,"Annual, Ending mar Of Each Year",kg/ha,2013,2616.0
Agricultural Production Foodgrains Yield Assam,"Annual, Ending mar Of Each Year",kg/ha,2013,1889.0
Agricultural Production Foodgrains Yield Bihar,"Annual, Ending mar Of Each Year",kg/ha,2013,2329.0
Agricultural Production Foodgrains Yield Chhattisgarh,"Annual, Ending mar Of Each Year",kg/ha,2013,1514.0
Agricultural Production Foodgrains Yield Gujarat,"Annual, Ending mar Of Each Year",kg/ha,2013,1990.0
Agricultural Production Foodgrains Yield Haryana,"Annual, Ending mar Of Each Year",kg/ha,2013,3698.0
Agricultural Production Foodgrains Yield Jharkhand,"Annual, Ending mar Of Each Year",kg/ha,2013,1861.0
Agricultural Production Foodgrains Yield Karnataka,"Annual, Ending mar Of Each Year",kg/ha,2013,1472.0
Agricultural Production Foodgrains Yield Madhya Pradesh,"Annual, Ending mar Of Each Year",kg/ha,2013,1657.0
Agricultural Production Foodgrains Yield Maharashtra,"Annual, Ending mar Of Each Year",kg/ha,2013,1057.0
Agricultural Production Foodgrains Yield Orissa,"Annual, Ending mar Of Each Year",kg/ha,2013,1658.0
Agricultural Production Foodgrains Yield Punjab,"Annual, Ending mar Of Each Year",kg/ha,2013,4258.0
Agricultural Production Foodgrains Yield Rajasthan,"Annual, Ending mar Of Each Year",kg/ha,2013,1482.0
Agricultural Production Foodgrains Yield Tamil Nadu,"Annual, Ending mar Of Each Year",kg/ha,2013,2175.0
Agricultural Production Foodgrains Yield Uttar Pradesh,"Annual, Ending mar Of Each Year",kg/ha,2013,2547.0
Agricultural Production Foodgrains Yield Uttaranchal,"Annual, Ending mar Of Each Year",kg/ha,2013,1939.0
Agricultural Production Foodgrains Yield West Bengal,"Annual, Ending mar Of Each Year",kg/ha,2013,2711.0
Agricultural Production Foodgrains Rice Area,"Annual, Ending mar Of Each Year",ha mn,2013,42.8
Agricultural Production Foodgrains Rice Volume,"Annual, Ending mar Of Each Year",Ton mn,2013,104.4
Agricultural Production Foodgrains Rice Yield,"Annual, Ending mar Of Each Year",kg/ha,2013,2462.0
Agricultural Production Foodgrains Rice Area Andhra Pradesh,"Annual, Ending mar Of Each Year",ha mn,2013,3.49
Agricultural Production Foodgrains Rice Area Assam,"Annual, Ending mar Of Each Year",ha mn,2013,2.24
Agricultural Production Foodgrains Rice Area Bihar,"Annual, Ending mar Of Each Year",ha mn,2013,3.25
Agricultural Production Foodgrains Rice Area Chhattisgarh,"Annual, Ending mar Of Each Year",ha mn,2013,3.78
Agricultural Production Foodgrains Rice Area Gujarat,"Annual, Ending mar Of Each Year",ha mn,2013,0.7
Agricultural Production Foodgrains Rice Area Haryana,"Annual, Ending mar Of Each Year",ha mn,2013,1.22
Agricultural Production Foodgrains Rice Area Jharkland,"Annual, Ending mar Of Each Year",ha mn,2013,1.35
Agricultural Production Foodgrains Rice Area Karnataka,"Annual, Ending mar Of Each Year",ha mn,2013,1.27
Agricultural Production Foodgrains Rice Area Kerala,"Annual, Ending mar Of Each Year",ha mn,2013,0.2
Agricultural Production Foodgrains Rice Area Madhya Pradesh,"Annual, Ending mar Of Each Year",ha mn,2013,1.88
Agricultural Production Foodgrains Rice Area Maharashtra,"Annual, Ending mar Of Each Year",ha mn,2013,1.55
Agricultural Production Foodgrains Rice Area Orissa,"Annual, Ending mar Of Each Year",ha mn,2013,4.03
Agricultural Production Foodgrains Rice Area Punjab,"Annual, Ending mar Of Each Year",ha mn,2013,2.85
Agricultural Production Foodgrains Rice Area Tamil Nadu,"Annual, Ending mar Of Each Year",ha mn,2013,1.58
Agricultural Production Foodgrains Rice Area Uttar Pradesh,"Annual, Ending mar Of Each Year",ha mn,2013,5.86
Agricultural Production Foodgrains Rice Area West Bengal,"Annual, Ending mar Of Each Year",ha mn,2013,5.43
Agricultural Production Foodgrains Rice Area Others,"Annual, Ending mar Of Each Year",ha mn,2013,1.73
Agricultural Production Foodgrains Rice Volume Andhra Pradesh,"Annual, Ending mar Of Each Year",Ton th,2013,10910.0
Agricultural Production Foodgrains Rice Volume Assam,"Annual, Ending mar Of Each Year",Ton th,2013,4560.0
Agricultural Production Foodgrains Rice Volume Bihar,"Annual, Ending mar Of Each Year",Ton th,2013,7340.0
Agricultural Production Foodgrains Rice Volume Chhattisgarh,"Annual, Ending mar Of Each Year",Ton th,2013,6610.0
Agricultural Production Foodgrains Rice Volume Gujarat,"Annual, Ending mar Of Each Year",Ton th,2013,1500.0
Agricultural Production Foodgrains Rice Volume Haryana,"Annual, Ending mar Of Each Year",Ton th,2013,3980.0
Agricultural Production Foodgrains Rice Volume Himachal Pradesh,"Annual, Ending mar Of Each Year",Ton th,2013,134.3
Agricultural Production Foodgrains Rice Volume Jammu and Kashmir,"Annual, Ending mar Of Each Year",Ton th,2013,545.6
Agricultural Production Foodgrains Rice Volume Jharkhand,"Annual, Ending mar Of Each Year",Ton th,2013,3030.0
Agricultural Production Foodgrains Rice Volume Karnataka,"Annual, Ending mar Of Each Year",Ton th,2013,3280.0
Agricultural Production Foodgrains Rice Volume Kerala,"Annual, Ending mar Of Each Year",Ton th,2013,530.0
Agricultural Production Foodgrains Rice Volume Madhya Pradesh,"Annual, Ending mar Of Each Year",Ton th,2013,2780.0
Agricultural Production Foodgrains Rice Volume Maharashtra,"Annual, Ending mar Of Each Year",Ton th,2013,3040.0
Agricultural Production Foodgrains Rice Volume Orissa,"Annual, Ending mar Of Each Year",Ton th,2013,7640.0
Agricultural Production Foodgrains Rice Volume Punjab,"Annual, Ending mar Of Each Year",Ton th,2013,11370.0
Agricultural Production Foodgrains Rice Volume Rajasthan,"Annual, Ending mar Of Each Year",Ton th,2013,222.5
Agricultural Production Foodgrains Rice Volume Tamil Nadu,"Annual, Ending mar Of Each Year",Ton th,2013,4400.0
Agricultural Production Foodgrains Rice Volume Uttar Pradesh,"Annual, Ending mar Of Each Year",Ton th,2013,14410.0
Agricultural Production Foodgrains Rice Volume Uttaranchal,"Annual, Ending mar Of Each Year",Ton th,2013,581.0
Agricultural Production Foodgrains Rice Volume West Bengal,"Annual, Ending mar Of Each Year",Ton th,2013,14960.0
Agricultural Production Foodgrains Rice Yield Andhra Pradesh,"Annual, Ending mar Of Each Year",kg/ha,2013,3126.0
Agricultural Production Foodgrains Rice Yield Assam,"Annual, Ending mar Of Each Year",kg/ha,2013,2036.0
Agricultural Production Foodgrains Rice Yield Bihar,"Annual, Ending mar Of Each Year",kg/ha,2013,2258.0
Agricultural Production Foodgrains Rice Yield Chhattisgarh,"Annual, Ending mar Of Each Year",kg/ha,2013,1749.0
Agricultural Production Foodgrains Rice Yield Gujarat,"Annual, Ending mar Of Each Year",kg/ha,2013,2143.0
Agricultural Production Foodgrains Rice Yield Haryana,"Annual, Ending mar Of Each Year",kg/ha,2013,3262.0
Agricultural Production Foodgrains Rice Yield Jharkland,"Annual, Ending mar Of Each Year",kg/ha,2013,2244.0
Agricultural Production Foodgrains Rice Yield Karnataka,"Annual, Ending mar Of Each Year",kg/ha,2013,2583.0
Agricultural Production Foodgrains Rice Yield Kerala,"Annual, Ending mar Of Each Year",kg/ha,2013,2650.0
Agricultural Production Foodgrains Rice Yield Madhya Pradesh,"Annual, Ending mar Of Each Year",kg/ha,2013,1479.0
Agricultural Production Foodgrains Rice Yield Maharashtra,"Annual, Ending mar Of Each Year",kg/ha,2013,1961.0
Agricultural Production Foodgrains Rice Yield Orissa,"Annual, Ending mar Of Each Year",kg/ha,2013,1896.0
Agricultural Production Foodgrains Rice Yield Punjab,"Annual, Ending mar Of Each Year",kg/ha,2013,3989.0
Agricultural Production Foodgrains Rice Yield Tamil Nadu,"Annual, Ending mar Of Each Year",kg/ha,2013,2785.0
Agricultural Production Foodgrains Rice Yield Uttar Pradesh,"Annual, Ending mar Of Each Year",kg/ha,2013,2459.0
Agricultural Production Foodgrains Rice Yield West Bengal,"Annual, Ending mar Of Each Year",kg/ha,2013,2755.0
Agricultural Production Foodgrains Wheat Area,"Annual, Ending mar Of Each Year",ha mn,2013,30.0
Agricultural Production Foodgrains Wheat Volume,"Annual, Ending mar Of Each Year",Ton mn,2013,92.46
Agricultural Production Foodgrains Wheat Yield,"Annual, Ending mar Of Each Year",kg/ha,2013,3117.0
Agricultural Production Foodgrains Wheat Area Assam,"Annual, Ending mar Of Each Year",ha mn,2013,0.05
Agricultural Production Foodgrains Wheat Area Bihar,"Annual, Ending mar Of Each Year",ha mn,2013,2.22
Agricultural Production Foodgrains Wheat Area Gujarat,"Annual, Ending mar Of Each Year",ha mn,2013,1.05
Agricultural Production Foodgrains Wheat Area Haryana,"Annual, Ending mar Of Each Year",ha mn,2013,2.5
Agricultural Production Foodgrains Wheat Area Himachal Pradesh,"Annual, Ending mar Of Each Year",ha mn,2013,0.36
Agricultural Production Foodgrains Wheat Area Jammu and Kashmir,"Annual, Ending mar Of Each Year",ha mn,2013,0.3
Agricultural Production Foodgrains Wheat Area Jharkhand,"Annual, Ending mar Of Each Year",ha mn,2013,0.16
Agricultural Production Foodgrains Wheat Area Karnataka,"Annual, Ending mar Of Each Year",ha mn,2013,0.23
Agricultural Production Foodgrains Wheat Area Madhya Pradesh,"Annual, Ending mar Of Each Year",ha mn,2013,5.3
Agricultural Production Foodgrains Wheat Area Maharashtra,"Annual, Ending mar Of Each Year",ha mn,2013,0.59
Agricultural Production Foodgrains Wheat Area Punjab,"Annual, Ending mar Of Each Year",ha mn,2013,3.52
Agricultural Production Foodgrains Wheat Area Rajasthan,"Annual, Ending mar Of Each Year",ha mn,2013,2.82
Agricultural Production Foodgrains Wheat Area Uttar Pradesh,"Annual, Ending mar Of Each Year",ha mn,2013,9.73
Agricultural Production Foodgrains Wheat Area Uttaranchal,"Annual, Ending mar Of Each Year",ha mn,2013,0.36
Agricultural Production Foodgrains Wheat Area West Bengal,"Annual, Ending mar Of Each Year",ha mn,2013,0.32
Agricultural Production Foodgrains Wheat Area Others,"Annual, Ending mar Of Each Year",ha mn,2013,0.14
Agricultural Production Foodgrains Wheat Volume Assam,"Annual, Ending mar Of Each Year",Ton th,2013,60.0
Agricultural Production Foodgrains Wheat Volume Bihar,"Annual, Ending mar Of Each Year",Ton th,2013,5380.0
Agricultural Production Foodgrains Wheat Volume Chhattisgarh,"Annual, Ending mar Of Each Year",Ton th,2013,141.3
Agricultural Production Foodgrains Wheat Volume Gujarat,"Annual, Ending mar Of Each Year",Ton th,2013,3140.0
Agricultural Production Foodgrains Wheat Volume Haryana,"Annual, Ending mar Of Each Year",Ton th,2013,11120.0
Agricultural Production Foodgrains Wheat Volume Himachal Pradesh,"Annual, Ending mar Of Each Year",Ton th,2013,540.0
Agricultural Production Foodgrains Wheat Volume Jammu and Kashmir,"Annual, Ending mar Of Each Year",Ton th,2013,420.0
Agricultural Production Foodgrains Wheat Volume Jharkhand,"Annual, Ending mar Of Each Year",Ton th,2013,270.0
Agricultural Production Foodgrains Wheat Volume Karnataka,"Annual, Ending mar Of Each Year",Ton th,2013,170.0
Agricultural Production Foodgrains Wheat Volume Madhya Pradesh,"Annual, Ending mar Of Each Year",Ton th,2013,13130.0
Agricultural Production Foodgrains Wheat Volume Maharashtra,"Annual, Ending mar Of Each Year",Ton th,2013,880.0
Agricultural Production Foodgrains Wheat Volume Orissa,"Annual, Ending mar Of Each Year",Ton th,2013,2.1
Agricultural Production Foodgrains Wheat Volume Punjab,"Annual, Ending mar Of Each Year",Ton th,2013,16110.0
Agricultural Production Foodgrains Wheat Volume Rajasthan,"Annual, Ending mar Of Each Year",Ton th,2013,8950.0
Agricultural Production Foodgrains Wheat Volume Uttar Pradesh,"Annual, Ending mar Of Each Year",Ton th,2013,30300.0
Agricultural Production Foodgrains Wheat Volume Uttaranchal,"Annual, Ending mar Of Each Year",Ton th,2013,840.0
Agricultural Production Foodgrains Wheat Volume West Bengal,"Annual, Ending mar Of Each Year",Ton th,2013,910.0
Agricultural Production Foodgrains Wheat Yield Assam,"Annual, Ending mar Of Each Year",kg/ha,2013,1188.0
Agricultural Production Foodgrains Wheat Yield Bihar,"Annual, Ending mar Of Each Year",kg/ha,2013,2427.0
Agricultural Production Foodgrains Wheat Yield Gujarat,"Annual, Ending mar Of Each Year",kg/ha,2013,2986.0
Agricultural Production Foodgrains Wheat Yield Haryana,"Annual, Ending mar Of Each Year",kg/ha,2013,4452.0
Agricultural Production Foodgrains Wheat Yield Himachal Pradesh,"Annual, Ending mar Of Each Year",kg/ha,2013,1514.0
Agricultural Production Foodgrains Wheat Yield Jammu and Kashmir,"Annual, Ending mar Of Each Year",kg/ha,2013,1404.0
Agricultural Production Foodgrains Wheat Yield Jharkhand,"Annual, Ending mar Of Each Year",kg/ha,2013,1716.0
Agricultural Production Foodgrains Wheat Yield Karnataka,"Annual, Ending mar Of Each Year",kg/ha,2013,735.0
Agricultural Production Foodgrains Wheat Yield Madhya Pradesh,"Annual, Ending mar Of Each Year",kg/ha,2013,2478.0
Agricultural Production Foodgrains Wheat Yield Maharashtra,"Annual, Ending mar Of Each Year",kg/ha,2013,1473.0
Agricultural Production Foodgrains Wheat Yield Punjab,"Annual, Ending mar Of Each Year",kg/ha,2013,4573.0
Agricultural Production Foodgrains Wheat Yield Rajasthan,"Annual, Ending mar Of Each Year",kg/ha,2013,3175.0
Agricultural Production Foodgrains Wheat Yield Uttar Pradesh,"Annual, Ending mar Of Each Year",kg/ha,2013,3113.0
Agricultural Production Foodgrains Wheat Yield Uttaranchal,"Annual, Ending mar Of Each Year",kg/ha,2013,2341.0
Agricultural Production Foodgrains Wheat Yield West Bengal,"Annual, Ending mar Of Each Year",kg/ha,2013,2817.0
Agricultural Production Foodgrains Coarse Cereals Area,"Annual, Ending mar Of Each Year",ha mn,2013,24.8
Agricultural Production Foodgrains Coarse Cereals Volume,"Annual, Ending mar Of Each Year",Ton mn,2013,40.08
Agricultural Production Foodgrains Coarse Cereals Yield,"Annual, Ending mar Of Each Year",kg/ha,2013,1626.0
Agricultural Production Foodgrains Coarse Cereals Area Andhra Pradesh,"Annual, Ending mar Of Each Year",ha mn,2013,1.41
Agricultural Production Foodgrains Coarse Cereals Area Bihar,"Annual, Ending mar Of Each Year",ha mn,2013,0.72
Agricultural Production Foodgrains Coarse Cereals Area Chhattisgarh,"Annual, Ending mar Of Each Year",ha mn,2013,0.26
Agricultural Production Foodgrains Coarse Cereals Area Gujarat,"Annual, Ending mar Of Each Year",ha mn,2013,1.25
Agricultural Production Foodgrains Coarse Cereals Area Haryana,"Annual, Ending mar Of Each Year",ha mn,2013,0.52
Agricultural Production Foodgrains Coarse Cereals Area Himachal Pradesh,"Annual, Ending mar Of Each Year",ha mn,2013,0.31
Agricultural Production Foodgrains Coarse Cereals Area Jammu and Kashmir,"Annual, Ending mar Of Each Year",ha mn,2013,0.35
Agricultural Production Foodgrains Coarse Cereals Area Jharkhand,"Annual, Ending mar Of Each Year",ha mn,2013,0.25
Agricultural Production Foodgrains Coarse Cereals Area Karnataka,"Annual, Ending mar Of Each Year",ha mn,2013,3.59
Agricultural Production Foodgrains Coarse Cereals Area Madhya Pradesh,"Annual, Ending mar Of Each Year",ha mn,2013,1.64
Agricultural Production Foodgrains Coarse Cereals Area Maharashtra,"Annual, Ending mar Of Each Year",ha mn,2013,4.69
Agricultural Production Foodgrains Coarse Cereals Area Orissa,"Annual, Ending mar Of Each Year",ha mn,2013,0.18
Agricultural Production Foodgrains Coarse Cereals Area Punjab,"Annual, Ending mar Of Each Year",ha mn,2013,0.15
Agricultural Production Foodgrains Coarse Cereals Area Rajasthan,"Annual, Ending mar Of Each Year",ha mn,2013,5.98
Agricultural Production Foodgrains Coarse Cereals Area Tamil Nadu,"Annual, Ending mar Of Each Year",ha mn,2013,0.7
Agricultural Production Foodgrains Coarse Cereals Area Uttar Pradesh,"Annual, Ending mar Of Each Year",ha mn,2013,2.0
Agricultural Production Foodgrains Coarse Cereals Area Uttaranchal,"Annual, Ending mar Of Each Year",ha mn,2013,0.25
Agricultural Production Foodgrains Coarse Cereals Area West Bengal,"Annual, Ending mar Of Each Year",ha mn,2013,0.12
Agricultural Production Foodgrains Coarse Cereals Area Others,"Annual, Ending mar Of Each Year",ha mn,2013,0.27
Agricultural Production Foodgrains Coarse Cereals Volume Andhra Pradesh,"Annual, Ending mar Of Each Year",Ton th,2013,5440.0
Agricultural Production Foodgrains Coarse Cereals Volume Assam,"Annual, Ending mar Of Each Year",Ton th,2013,17.0
Agricultural Production Foodgrains Coarse Cereals Volume Bihar,"Annual, Ending mar Of Each Year",Ton th,2013,2370.0
Agricultural Production Foodgrains Coarse Cereals Volume Chhattisgarh,"Annual, Ending mar Of Each Year",Ton th,2013,240.0
Agricultural Production Foodgrains Coarse Cereals Volume Gujarat,"Annual, Ending mar Of Each Year",Ton th,2013,2070.0
Agricultural Production Foodgrains Coarse Cereals Volume Haryana,"Annual, Ending mar Of Each Year",Ton th,2013,1000.0
Agricultural Production Foodgrains Coarse Cereals Volume Himachal Pradesh,"Annual, Ending mar Of Each Year",Ton th,2013,670.0
Agricultural Production Foodgrains Coarse Cereals Volume Jammu and Kashmir,"Annual, Ending mar Of Each Year",Ton th,2013,540.0
Agricultural Production Foodgrains Coarse Cereals Volume Jharkhand,"Annual, Ending mar Of Each Year",Ton th,2013,410.0
Agricultural Production Foodgrains Coarse Cereals Volume Karnataka,"Annual, Ending mar Of Each Year",Ton th,2013,6150.0
Agricultural Production Foodgrains Coarse Cereals Volume Kerala,"Annual, Ending mar Of Each Year",Ton th,2013,0.3
Agricultural Production Foodgrains Coarse Cereals Volume Madhya Pradesh,"Annual, Ending mar Of Each Year",Ton th,2013,2530.0
Agricultural Production Foodgrains Coarse Cereals Volume Maharashtra,"Annual, Ending mar Of Each Year",Ton th,2013,4360.0
Agricultural Production Foodgrains Coarse Cereals Volume Orissa,"Annual, Ending mar Of Each Year",Ton th,2013,290.0
Agricultural Production Foodgrains Coarse Cereals Volume Punjab,"Annual, Ending mar Of Each Year",Ton th,2013,530.0
Agricultural Production Foodgrains Coarse Cereals Volume Rajasthan,"Annual, Ending mar Of Each Year",Ton th,2013,6910.0
Agricultural Production Foodgrains Coarse Cereals Volume Tamil Nadu,"Annual, Ending mar Of Each Year",Ton th,2013,1650.0
Agricultural Production Foodgrains Coarse Cereals Volume Uttar Pradesh,"Annual, Ending mar Of Each Year",Ton th,2013,3690.0
Agricultural Production Foodgrains Coarse Cereals Volume Uttaranchal,"Annual, Ending mar Of Each Year",Ton th,2013,340.0
Agricultural Production Foodgrains Coarse Cereals Volume West Bengal,"Annual, Ending mar Of Each Year",Ton th,2013,630.0
Agricultural Production Foodgrains Coarse Cereals Yield Andhra Pradesh,"Annual, Ending mar Of Each Year",kg/ha,2013,3858.0
Agricultural Production Foodgrains Coarse Cereals Yield Bihar,"Annual, Ending mar Of Each Year",kg/ha,2013,3292.0
Agricultural Production Foodgrains Coarse Cereals Yield Chhattisgarh,"Annual, Ending mar Of Each Year",kg/ha,2013,923.0
Agricultural Production Foodgrains Coarse Cereals Yield Gujarat,"Annual, Ending mar Of Each Year",kg/ha,2013,1656.0
Agricultural Production Foodgrains Coarse Cereals Yield Haryana,"Annual, Ending mar Of Each Year",kg/ha,2013,1923.0
Agricultural Production Foodgrains Coarse Cereals Yield Himachal Pradesh,"Annual, Ending mar Of Each Year",kg/ha,2013,2161.0
Agricultural Production Foodgrains Coarse Cereals Yield Jammu and Kashmir,"Annual, Ending mar Of Each Year",kg/ha,2013,1543.0
Agricultural Production Foodgrains Coarse Cereals Yield Jharkhand,"Annual, Ending mar Of Each Year",kg/ha,2013,1640.0
Agricultural Production Foodgrains Coarse Cereals Yield Karnataka,"Annual, Ending mar Of Each Year",kg/ha,2013,1713.0
Agricultural Production Foodgrains Coarse Cereals Yield Madhya Pradesh,"Annual, Ending mar Of Each Year",kg/ha,2013,1543.0
Agricultural Production Foodgrains Coarse Cereals Yield Maharashtra,"Annual, Ending mar Of Each Year",kg/ha,2013,930.0
Agricultural Production Foodgrains Coarse Cereals Yield Orissa,"Annual, Ending mar Of Each Year",kg/ha,2013,1611.0
Agricultural Production Foodgrains Coarse Cereals Yield Punjab,"Annual, Ending mar Of Each Year",kg/ha,2013,3533.0
Agricultural Production Foodgrains Coarse Cereals Yield Rajasthan,"Annual, Ending mar Of Each Year",kg/ha,2013,1156.0
Agricultural Production Foodgrains Coarse Cereals Yield Tamil Nadu,"Annual, Ending mar Of Each Year",kg/ha,2013,2357.0
Agricultural Production Foodgrains Coarse Cereals Yield Uttar Pradesh,"Annual, Ending mar Of Each Year",kg/ha,2013,1845.0
Agricultural Production Foodgrains Coarse Cereals Yield Uttaranchal,"Annual, Ending mar Of Each Year",kg/ha,2013,1360.0
Agricultural Production Foodgrains Coarse Cereals Yield West Bengal,"Annual, Ending mar Of Each Year",kg/ha,2013,5250.0
Agricultural Production Foodgrains,"Annual, Ending mar Of Each Year",Ton mn,2014,264.3806
Agricultural Production Foodgrains Kharif,"Annual, Ending mar Of Each Year",Ton mn,2014,129.3686
Agricultural Production Foodgrains Rabi,"Annual, Ending mar Of Each Year",Ton mn,2014,135.012
Agricultural Production Foodgrains Rice,"Annual, Ending mar Of Each Year",Ton mn,2014,106.2872
Agricultural Production Foodgrains Rice Kharif,"Annual, Ending mar Of Each Year",Ton mn,2014,92.0093
Agricultural Production Foodgrains Rice Rabi,"Annual, Ending mar Of Each Year",Ton mn,2014,14.2779
Agricultural Production Foodgrains Wheat Rabi,"Annual, Ending mar Of Each Year",Ton mn,2014,95.8492
Agricultural Production Foodgrains Jowar,"Annual, Ending mar Of Each Year",Ton mn,2014,5.2467
Agricultural Production Foodgrains Jowar Kharif,"Annual, Ending mar Of Each Year",Ton mn,2014,2.2292
Agricultural Production Foodgrains Jowar Rabi,"Annual, Ending mar Of Each Year",Ton mn,2014,3.0175
Agricultural Production Foodgrains Bajra Kharif,"Annual, Ending mar Of Each Year",Ton mn,2014,9.1855
Agricultural Production Foodgrains Maize,"Annual, Ending mar Of Each Year",Ton mn,2014,24.1909
Agricultural Production Foodgrains Maize Kharif,"Annual, Ending mar Of Each Year",Ton mn,2014,17.5056
Agricultural Production Foodgrains Maize Rabi,"Annual, Ending mar Of Each Year",Ton mn,2014,6.6853
Agricultural Production Foodgrains Ragi Kharif,"Annual, Ending mar Of Each Year",Ton mn,2014,1.8775
Agricultural Production Foodgrains Small Millets Kharif,"Annual, Ending mar Of Each Year",Ton mn,2014,0.4454
Agricultural Production Foodgrains Barley Rabi,"Annual, Ending mar Of Each Year",Ton mn,2014,1.7303
Agricultural Production Foodgrains Coarse Cereals,"Annual, Ending mar Of Each Year",Ton mn,2014,42.6763
Agricultural Production Foodgrains Coarse Cereals Kharif,"Annual, Ending mar Of Each Year",Ton mn,2014,31.2432
Agricultural Production Foodgrains Coarse Cereals Rabi,"Annual, Ending mar Of Each Year",Ton mn,2014,11.4331
Agricultural Production Foodgrains Cereals,"Annual, Ending mar Of Each Year",Ton mn,2014,244.8127
Agricultural Production Foodgrains Cereals Kharif,"Annual, Ending mar Of Each Year",Ton mn,2014,123.2525
Agricultural Production Foodgrains Cereals Rabi,"Annual, Ending mar Of Each Year",Ton mn,2014,121.5602
Agricultural Production Foodgrains Tur Kharif,"Annual, Ending mar Of Each Year",Ton mn,2014,3.3822
Agricultural Production Foodgrains Other Kharif Pulses Kharif,"Annual, Ending mar Of Each Year",Ton mn,2014,0.6692
Agricultural Production Foodgrains Gram Rabi,"Annual, Ending mar Of Each Year",Ton mn,2014,9.9253
Agricultural Production Foodgrains Other Kharif Pulses Rabi,"Annual, Ending mar Of Each Year",Ton mn,2014,2.6899
Agricultural Production Foodgrains Pulses,"Annual, Ending mar Of Each Year",Ton mn,2014,19.5679
Agricultural Production Foodgrains Pulses Kharif,"Annual, Ending mar Of Each Year",Ton mn,2014,6.1161
Agricultural Production Foodgrains Pulses Rabi,"Annual, Ending mar Of Each Year",Ton mn,2014,13.4518
Agricultural Production Oilseeds,"Annual, Ending mar Of Each Year",Ton mn,2014,32.4143
Agricultural Production Oilseeds Kharif,"Annual, Ending mar Of Each Year",Ton mn,2014,22.1366
Agricultural Production Oilseeds Rabi,"Annual, Ending mar Of Each Year",Ton mn,2014,10.2777
Agricultural Production Oilseeds Groundnut,"Annual, Ending mar Of Each Year",Ton mn,2014,9.4715
Agricultural Production Oilseeds Groundnut Kharif,"Annual, Ending mar Of Each Year",Ton mn,2014,7.6557
Agricultural Production Oilseeds Groundnut Rabi,"Annual, Ending mar Of Each Year",Ton mn,2014,1.8158
Agricultural Production Oilseeds Castorseed Kharif,"Annual, Ending mar Of Each Year",Ton mn,2014,1.6438
Agricultural Production Oilseeds Sesamun Kharif,"Annual, Ending mar Of Each Year",Ton mn,2014,0.6361
Agricultural Production Oilseeds Nigerseed Kharif,"Annual, Ending mar Of Each Year",Ton mn,2014,0.0875
Agricultural Production Oilseeds Rapeseed and Mustard Rabi,"Annual, Ending mar Of Each Year",Ton mn,2014,7.8289
Agricultural Production Oilseeds Linseed Rabi,"Annual, Ending mar Of Each Year",Ton mn,2014,0.1409
Agricultural Production Oilseeds Safflower Rabi,"Annual, Ending mar Of Each Year",Ton mn,2014,0.1159
Agricultural Production Oilseeds Sunflower,"Annual, Ending mar Of Each Year",Ton mn,2014,0.5417
Agricultural Production Oilseeds Sunflower Kharif,"Annual, Ending mar Of Each Year",Ton mn,2014,0.1655
Agricultural Production Oilseeds Sunflower Rabi,"Annual, Ending mar Of Each Year",Ton mn,2014,0.3762
Agricultural Production Oilseeds Soyabean Kharif,"Annual, Ending mar Of Each Year",Ton mn,2014,11.948
Agricultural Production Commercial Crops Cotton,"Annual, Ending mar Of Each Year",Bale mn,2014,36.5
Agricultural Production Commercial Crops Jute,"Annual, Ending mar Of Each Year",Bale mn,2014,10.821
Agricultural Production Commercial Crops Mesta,"Annual, Ending mar Of Each Year",Bale mn,2014,0.5795
Agricultural Production Commercial Crops Jute and Mesta,"Annual, Ending mar Of Each Year",Bale mn,2014,11.4005
Agricultural Production Commercial Crops Sugarcane,"Annual, Ending mar Of Each Year",Ton mn,2014,348.384
Agricultural Production Area,"Annual, Ending mar Of Each Year",ha mn,2014,126.2
Agricultural Production Yield,"Annual, Ending mar Of Each Year",kg/ha,2014,2095.0
Agricultural Production Kharif Area,"Annual, Ending mar Of Each Year",ha mn,2014,69.4
Agricultural Production Kharif Yield,"Annual, Ending mar Of Each Year",kg/ha,2014,1864.0
Agricultural Production Rabi Area,"Annual, Ending mar Of Each Year",ha mn,2014,56.8
Agricultural Production Rabi Yield,"Annual, Ending mar Of Each Year",kg/ha,2014,2378.0
Agricultural Production Foodgrains Rice Area,"Annual, Ending mar Of Each Year",ha mn,2014,43.9
Agricultural Production Foodgrains Rice Yield,"Annual, Ending mar Of Each Year",kg/ha,2014,2419.0
Agricultural Production Foodgrains Wheat Area,"Annual, Ending mar Of Each Year",ha mn,2014,31.3
Agricultural Production Foodgrains Wheat Yield,"Annual, Ending mar Of Each Year",kg/ha,2014,3059.0
Agricultural Production Foodgrains Coarse Cereals Area,"Annual, Ending mar Of Each Year",ha mn,2014,25.5
Agricultural Production Foodgrains Coarse Cereals Yield,"Annual, Ending mar Of Each Year",kg/ha,2014,1672.0
